﻿<?xml version="1.0" encoding="UTF-8" standalone="yes"?>
<MCSettings AllowRequired="False" Name="Electrical Model Element Checks" Icon="http://www.biminteroperabilitytools.com/modelchecker/downloads/TN_32icon.jpg" Image="http://www.biminteroperabilitytools.com/modelchecker/downloads/TN-100.png" SampleModel="">
  <Heading HeadingText="EL Model Element Checks" Description="" />
  <Heading HeadingText="ELEMENTS CONSTRAINTS" Description="">
    <Section SectionName="ELEMENTS CONSTRAINTS" Title="" IsChecked="True" Description="">
      <Section SectionName="SPACES" Title="" IsChecked="True" Description="">
        <Check CheckName="Associated room name " IsModelCheck="False" Description="space refers to unoccupied" ShowList="False" FailureMessage="Space doesn't refer to valid room element, check link or remove " FailureCondition="ReportElements" CheckType="Custom" IsRequired="False" IsChecked="True" IsInitialized="True">
          <Filter Operator="And" Category="Category" Property="OST_MEPSpaces" Condition="Included" Value="True" Unit="None" UnitClass="None" FieldTitle="" UserDefined="False" Validation="None" />
          <Filter Operator="And" Category="Parameter" Property="SPACE_ASSOC_ROOM_NAME" Condition="Contains" Value="Unoccupied" Unit="None" UnitClass="None" FieldTitle="" UserDefined="False" Validation="None" />
          <Filter Operator="And" Category="TypeOrInstance" Property="Is Element Type" Condition="Equal" Value="False" Unit="None" UnitClass="None" FieldTitle="" UserDefined="False" Validation="None" />
        </Check>
        <Check CheckName="space naming" IsModelCheck="False" Description="Space name should match room name " ShowList="False" FailureMessage="Check space names and run space naming utility" FailureCondition="ReportElements" CheckType="Custom" IsRequired="False" IsChecked="True" IsInitialized="True">
          <Filter Operator="And" Category="Category" Property="OST_MEPSpaces" Condition="Included" Value="True" Unit="None" UnitClass="None" FieldTitle="" UserDefined="False" Validation="None" />
          <Filter Operator="And" Category="Parameter" Property="ROOM_NAME" Condition="Contains" Value="Space" Unit="None" UnitClass="None" FieldTitle="" UserDefined="False" Validation="None" />
          <Filter Operator="And" Category="TypeOrInstance" Property="Is Element Type" Condition="Equal" Value="False" Unit="None" UnitClass="None" FieldTitle="" UserDefined="False" Validation="None" />
        </Check>
      </Section>
      <Section SectionName="Hosting" Title="" IsChecked="True" Description="">
        <Check CheckName="Non Hosted Elements" IsModelCheck="False" Description="Check non hosted electrical elements" ShowList="False" FailureMessage="Elements are not associated to host, please check" FailureCondition="ReportElements" CheckType="Custom" IsRequired="False" IsChecked="True" IsInitialized="True">
          <Filter Operator="And" Category="Category" Property="OST_ElectricalFixtures" Condition="Included" Value="True" Unit="None" UnitClass="None" FieldTitle="" UserDefined="False" Validation="None" />
          <Filter Operator="And" Category="Parameter" Property="INSTANCE_FREE_HOST_PARAM" Condition="Contains" Value="&lt;not associated&gt;" Unit="None" UnitClass="None" FieldTitle="" UserDefined="False" Validation="None" />
          <Filter Operator="And" Category="TypeOrInstance" Property="Is Element Type" Condition="Equal" Value="False" Unit="None" UnitClass="None" FieldTitle="" UserDefined="False" Validation="None" />
          <Filter Operator="Or" Category="Category" Property="OST_LightingDevices" Condition="Included" Value="True" Unit="None" UnitClass="None" FieldTitle="" UserDefined="False" Validation="None" />
          <Filter Operator="And" Category="Parameter" Property="INSTANCE_FREE_HOST_PARAM" Condition="Contains" Value="&lt;not associated&gt;" Unit="None" UnitClass="None" FieldTitle="" UserDefined="False" Validation="None" />
          <Filter Operator="And" Category="TypeOrInstance" Property="Is Element Type" Condition="Equal" Value="False" Unit="None" UnitClass="None" FieldTitle="" UserDefined="False" Validation="None" />
          <Filter Operator="Or" Category="Category" Property="OST_LightingFixtures" Condition="Included" Value="True" Unit="None" UnitClass="None" FieldTitle="" UserDefined="False" Validation="None" />
          <Filter Operator="And" Category="Parameter" Property="INSTANCE_FREE_HOST_PARAM" Condition="Contains" Value="&lt;not associated&gt;" Unit="None" UnitClass="None" FieldTitle="" UserDefined="False" Validation="None" />
          <Filter Operator="And" Category="TypeOrInstance" Property="Is Element Type" Condition="Equal" Value="False" Unit="None" UnitClass="None" FieldTitle="" UserDefined="False" Validation="None" />
        </Check>
        <Check CheckName="orphaned elements" IsModelCheck="False" Description="Check non hosted electrical elements" ShowList="False" FailureMessage="orphaned elements, pick new host" FailureCondition="ReportElements" CheckType="Custom" IsRequired="False" IsChecked="True" IsInitialized="True">
          <Filter Operator="And" Category="Category" Property="OST_ElectricalFixtures" Condition="Included" Value="True" Unit="None" UnitClass="None" FieldTitle="" UserDefined="False" Validation="None" />
          <Filter Operator="And" Category="Parameter" Property="INSTANCE_FREE_HOST_PARAM" Condition="Contains" Value="orphaned" Unit="None" UnitClass="None" FieldTitle="" UserDefined="False" Validation="None" />
          <Filter Operator="And" Category="TypeOrInstance" Property="Is Element Type" Condition="Equal" Value="False" Unit="None" UnitClass="None" FieldTitle="" UserDefined="False" Validation="None" />
          <Filter Operator="Or" Category="Category" Property="OST_LightingDevices" Condition="Included" Value="True" Unit="None" UnitClass="None" FieldTitle="" UserDefined="False" Validation="None" />
          <Filter Operator="And" Category="Parameter" Property="INSTANCE_FREE_HOST_PARAM" Condition="Contains" Value="orphaned" Unit="None" UnitClass="None" FieldTitle="" UserDefined="False" Validation="None" />
          <Filter Operator="And" Category="TypeOrInstance" Property="Is Element Type" Condition="Equal" Value="False" Unit="None" UnitClass="None" FieldTitle="" UserDefined="False" Validation="None" />
          <Filter Operator="Or" Category="Category" Property="OST_LightingFixtures" Condition="Included" Value="True" Unit="None" UnitClass="None" FieldTitle="" UserDefined="False" Validation="None" />
          <Filter Operator="And" Category="Parameter" Property="INSTANCE_FREE_HOST_PARAM" Condition="Contains" Value="orphaned" Unit="None" UnitClass="None" FieldTitle="" UserDefined="False" Validation="None" />
          <Filter Operator="And" Category="TypeOrInstance" Property="Is Element Type" Condition="Equal" Value="False" Unit="None" UnitClass="None" FieldTitle="" UserDefined="False" Validation="None" />
        </Check>
      </Section>
      <Section SectionName="Electrical fixtures" Title="" IsChecked="True" Description="">
        <Check CheckName="Fixture Height " IsModelCheck="False" Description="Fixture elevation should be checked " ShowList="False" FailureMessage="Check electrical fixture elevation and workplane height,location" FailureCondition="ReportElements" CheckType="Custom" IsRequired="False" IsChecked="True" IsInitialized="True">
          <Filter Operator="And" Category="Category" Property="OST_ElectricalFixtures" Condition="Included" Value="True" Unit="None" UnitClass="None" FieldTitle="" UserDefined="False" Validation="None" />
          <Filter Operator="And" Category="Parameter" Property="INSTANCE_ELEVATION_PARAM" Condition="GreaterThan" Value="5000" Unit="None" UnitClass="None" FieldTitle="" UserDefined="False" Validation="None" />
          <Filter Operator="And" Category="TypeOrInstance" Property="Is Element Type" Condition="Equal" Value="False" Unit="None" UnitClass="None" FieldTitle="" UserDefined="False" Validation="None" />
          <Filter Operator="Or" Category="Category" Property="OST_ElectricalFixtures" Condition="Included" Value="True" Unit="None" UnitClass="None" FieldTitle="" UserDefined="False" Validation="None" />
          <Filter Operator="And" Category="Parameter" Property="INSTANCE_ELEVATION_PARAM" Condition="LessThan" Value="0" Unit="None" UnitClass="None" FieldTitle="" UserDefined="False" Validation="None" />
          <Filter Operator="And" Category="TypeOrInstance" Property="Is Element Type" Condition="Equal" Value="False" Unit="None" UnitClass="None" FieldTitle="" UserDefined="False" Validation="None" />
        </Check>
      </Section>
    </Section>
  </Heading>
  <Heading HeadingText="Spaces" Description="">
    <Section SectionName="No duplicate spaces" Title="" IsChecked="True" Description="">
      <Check CheckName="Spaces with NO Duplicated Space Number" IsModelCheck="False" Description="Checks for Space Duplicated Space Number" ShowList="False" FailureMessage="Some spaces have duplicate numbers. Check space Schedule to delete duplicated spaces" FailureCondition="ReportElements" CheckType="Custom" IsRequired="False" IsChecked="True" IsInitialized="True">
        <Filter Operator="And" Category="Category" Property="OST_MEPSpaces" Condition="Included" Value="True" Unit="None" UnitClass="None" FieldTitle="" UserDefined="False" Validation="None" />
        <Filter Operator="And" Category="Parameter" Property="ROOM_NUMBER" Condition="Duplicated" Value="True" Unit="None" UnitClass="None" FieldTitle="" UserDefined="False" Validation="None" />
        <Filter Operator="And" Category="TypeOrInstance" Property="Is Element Type" Condition="Equal" Value="False" Unit="None" UnitClass="None" FieldTitle="" UserDefined="False" Validation="None" />
      </Check>
    </Section>
    <Section SectionName="NO Unplaced or Redundant Rooms" Title="" IsChecked="True" Description="">
      <Check CheckName="Spaces are consistent with No Unplaced or Redundant spaces" IsModelCheck="False" Description="Checks for spaces that are &quot;not placed&quot;, &quot;not enclosed&quot;, or &quot;redundant&quot; in the model." ShowList="False" FailureMessage="Some spaces are  &quot;not placed&quot;, &quot;not enclosed&quot;, or &quot;redundant&quot; . Check Space Schedule" FailureCondition="ReportElements" CheckType="Custom" IsRequired="False" IsChecked="True" IsInitialized="True">
        <Filter Operator="And" Category="Category" Property="OST_MEPSpaces" Condition="Included" Value="True" Unit="None" UnitClass="None" FieldTitle="" UserDefined="False" Validation="None" />
        <Filter Operator="And" Category="Parameter" Property="ROOM_AREA" Condition="Equal" Value="0" Unit="None" UnitClass="None" FieldTitle="" UserDefined="False" Validation="None" />
        <Filter Operator="And" Category="TypeOrInstance" Property="Is Element Type" Condition="Equal" Value="False" Unit="None" UnitClass="None" FieldTitle="" UserDefined="False" Validation="None" />
      </Check>
    </Section>
  </Heading>
  <Heading HeadingText="WORKSETS ARE DEFINED CORRECLTY" Description="">
    <Section SectionName="Electrical elements by category" Title="" IsChecked="True" Description="">
      <Check CheckName="Electrical fixtures Worksets" IsModelCheck="False" Description="Electrical Fixtures should be on &quot;EL_FOH&quot; or &quot;EL_BOH&quot; Workset. Use Ideate Software (Explorer) to place elements on the Correct Workset" ShowList="False" FailureMessage="Elements Should be on &quot;EL_FOH&quot; or &quot;EL_BOH&quot; Workset. Use Ideate Software (Explorer) to place elements on the Correct Workset" FailureCondition="ReportElements" CheckType="Custom" IsRequired="False" IsChecked="True" IsInitialized="True">
        <Filter Operator="And" Category="Category" Property="OST_ElectricalFixtures" Condition="Included" Value="True" Unit="None" UnitClass="None" FieldTitle="" UserDefined="False" Validation="None" />
        <Filter Operator="And" Category="Workset" Property="Name" Condition="DoesNotContain" Value="EL_FOH" Unit="None" UnitClass="None" FieldTitle="" UserDefined="False" Validation="None" />
        <Filter Operator="And" Category="Workset" Property="Name" Condition="DoesNotContain" Value="EL_BOH" Unit="None" UnitClass="None" FieldTitle="" UserDefined="False" Validation="None" />
        <Filter Operator="And" Category="TypeOrInstance" Property="Is Element Type" Condition="Equal" Value="False" Unit="None" UnitClass="None" FieldTitle="" UserDefined="False" Validation="None" />
      </Check>
      <Check CheckName="Lighting fixtures Worksets" IsModelCheck="False" Description="Lighting Fixtures should be on &quot;EL_FOH&quot; or &quot;EL_BOH&quot; Workset. Use Ideate Software (Explorer) to place elements on the Correct Workset" ShowList="False" FailureMessage="Elements Should be on &quot;EL_FOH&quot; or &quot;EL_BOH&quot; Workset. Use Ideate Software (Explorer) to place elements on the Correct Workset" FailureCondition="ReportElements" CheckType="Custom" IsRequired="False" IsChecked="True" IsInitialized="True">
        <Filter Operator="And" Category="Category" Property="OST_LightingFixtures" Condition="Included" Value="True" Unit="None" UnitClass="None" FieldTitle="" UserDefined="False" Validation="None" />
        <Filter Operator="And" Category="Workset" Property="Name" Condition="DoesNotContain" Value="EL_FOH" Unit="None" UnitClass="None" FieldTitle="" UserDefined="False" Validation="None" />
        <Filter Operator="And" Category="Workset" Property="Name" Condition="DoesNotContain" Value="EL_BOH" Unit="None" UnitClass="None" FieldTitle="" UserDefined="False" Validation="None" />
        <Filter Operator="And" Category="TypeOrInstance" Property="Is Element Type" Condition="Equal" Value="False" Unit="None" UnitClass="None" FieldTitle="" UserDefined="False" Validation="None" />
      </Check>
      <Check CheckName="Electrical equipment Worksets" IsModelCheck="False" Description="Electrical equipment should be on &quot;EL_FOH&quot; or &quot;EL_BOH&quot; Workset. Use Ideate Software (Explorer) to place elements on the Correct Workset" ShowList="False" FailureMessage="Elements Should be on &quot;EL_FOH&quot; or &quot;EL_BOH&quot; Workset. Use Ideate Software (Explorer) to place elements on the Correct Workset" FailureCondition="ReportElements" CheckType="Custom" IsRequired="False" IsChecked="True" IsInitialized="True">
        <Filter Operator="And" Category="Category" Property="OST_ElectricalEquipment" Condition="Included" Value="True" Unit="None" UnitClass="None" FieldTitle="" UserDefined="False" Validation="None" />
        <Filter Operator="And" Category="Workset" Property="Name" Condition="DoesNotContain" Value="EL_FOH" Unit="None" UnitClass="None" FieldTitle="" UserDefined="False" Validation="None" />
        <Filter Operator="And" Category="Workset" Property="Name" Condition="DoesNotContain" Value="EL_BOH" Unit="None" UnitClass="None" FieldTitle="" UserDefined="False" Validation="None" />
        <Filter Operator="And" Category="TypeOrInstance" Property="Is Element Type" Condition="Equal" Value="False" Unit="None" UnitClass="None" FieldTitle="" UserDefined="False" Validation="None" />
      </Check>
      <Check CheckName="Lighting devices Worksets" IsModelCheck="False" Description="Lighting devices should be on &quot;EL_FOH&quot; or &quot;EL_BOH&quot; Workset. Use Ideate Software (Explorer) to place elements on the Correct Workset" ShowList="False" FailureMessage="Elements Should be on &quot;EL_FOH&quot; or &quot;EL_BOH&quot; Workset. Use Ideate Software (Explorer) to place elements on the Correct Workset" FailureCondition="ReportElements" CheckType="Custom" IsRequired="False" IsChecked="True" IsInitialized="True">
        <Filter Operator="And" Category="Category" Property="OST_LightingDevices" Condition="Included" Value="True" Unit="None" UnitClass="None" FieldTitle="" UserDefined="False" Validation="None" />
        <Filter Operator="And" Category="Workset" Property="Name" Condition="DoesNotContain" Value="EL_FOH" Unit="None" UnitClass="None" FieldTitle="" UserDefined="False" Validation="None" />
        <Filter Operator="And" Category="Workset" Property="Name" Condition="DoesNotContain" Value="EL_BOH" Unit="None" UnitClass="None" FieldTitle="" UserDefined="False" Validation="None" />
        <Filter Operator="And" Category="TypeOrInstance" Property="Is Element Type" Condition="Equal" Value="False" Unit="None" UnitClass="None" FieldTitle="" UserDefined="False" Validation="None" />
      </Check>
      <Check CheckName="Cable tray Worksets" IsModelCheck="False" Description="Cable tray should be on &quot;EL_FOH&quot; or &quot;EL_BOH&quot; Workset. Use Ideate Software (Explorer) to place elements on the Correct Workset" ShowList="False" FailureMessage="Elements Should be on &quot;EL_FOH&quot; or &quot;EL_BOH&quot; Workset. Use Ideate Software (Explorer) to place elements on the Correct Workset" FailureCondition="ReportElements" CheckType="Custom" IsRequired="False" IsChecked="True" IsInitialized="True">
        <Filter Operator="And" Category="Category" Property="OST_CableTray" Condition="Included" Value="True" Unit="None" UnitClass="None" FieldTitle="" UserDefined="False" Validation="None" />
        <Filter Operator="And" Category="Workset" Property="Name" Condition="DoesNotContain" Value="EL_BOH" Unit="None" UnitClass="None" FieldTitle="" UserDefined="False" Validation="None" />
        <Filter Operator="And" Category="Workset" Property="Name" Condition="DoesNotContain" Value="EL_FOH" Unit="None" UnitClass="None" FieldTitle="" UserDefined="False" Validation="None" />
        <Filter Operator="And" Category="TypeOrInstance" Property="Is Element Type" Condition="Equal" Value="False" Unit="None" UnitClass="None" FieldTitle="" UserDefined="False" Validation="None" />
      </Check>
      <Check CheckName="Cable tray fittings Worksets" IsModelCheck="False" Description="Cable tray fittings should be on &quot;EL_FOH&quot; or &quot;EL_BOH&quot; Workset. Use Ideate Software (Explorer) to place elements on the Correct Workset" ShowList="False" FailureMessage="Elements Should be on &quot;EL_FOH&quot; or &quot;EL_BOH&quot; Workset. Use Ideate Software (Explorer) to place elements on the Correct Workset" FailureCondition="ReportElements" CheckType="Custom" IsRequired="False" IsChecked="True" IsInitialized="True">
        <Filter Operator="And" Category="Category" Property="OST_CableTrayFitting" Condition="Included" Value="True" Unit="None" UnitClass="None" FieldTitle="" UserDefined="False" Validation="None" />
        <Filter Operator="And" Category="Workset" Property="Name" Condition="DoesNotContain" Value="EL_BOH" Unit="None" UnitClass="None" FieldTitle="" UserDefined="False" Validation="None" />
        <Filter Operator="And" Category="Workset" Property="Name" Condition="DoesNotContain" Value="EL_FOH" Unit="None" UnitClass="None" FieldTitle="" UserDefined="False" Validation="None" />
        <Filter Operator="And" Category="TypeOrInstance" Property="Is Element Type" Condition="Equal" Value="False" Unit="None" UnitClass="None" FieldTitle="" UserDefined="False" Validation="None" />
      </Check>
    </Section>
    <Section SectionName="Links" Title="" IsChecked="True" Description="">
      <Check CheckName="URS Links" IsModelCheck="False" Description="URS Links Should be on &quot;Z_Link_URS&quot; Workset. Use Ideate Software (Explorer) to place elements on the Correct Workset" ShowList="False" FailureMessage="Elements Should be on &quot;Z_Link_URS&quot; Workset. Use Ideate Software (Explorer) to place elements on the Correct Workset" FailureCondition="ReportElements" CheckType="Custom" IsRequired="False" IsChecked="True" IsInitialized="True">
        <Filter Operator="And" Category="Category" Property="OST_RvtLinks" Condition="Included" Value="True" Unit="None" UnitClass="None" FieldTitle="" UserDefined="False" Validation="None" />
        <Filter Operator="And" Category="Parameter" Property="ELEM_TYPE_PARAM" Condition="Contains" Value="_URS_" Unit="None" UnitClass="None" FieldTitle="" UserDefined="False" Validation="None" />
        <Filter Operator="And" Category="Workset" Property="Name" Condition="NotEqual" Value="Z_Link_URS" Unit="None" UnitClass="None" FieldTitle="" UserDefined="False" Validation="None" />
        <Filter Operator="And" Category="TypeOrInstance" Property="Is Element Type" Condition="Equal" Value="False" Unit="None" UnitClass="None" FieldTitle="" UserDefined="False" Validation="None" />
      </Check>
    </Section>
  </Heading>
  <Heading HeadingText="Views" Description="">
    <Section SectionName="View Templates applied" Title="" IsChecked="True" Description="">
      <Check CheckName="Check view templates" IsModelCheck="False" Description="view templates missing for documentation views " ShowList="False" FailureMessage="All floor plans under documentation should have their view templates applied" FailureCondition="ReportElements" CheckType="Custom" IsRequired="False" IsChecked="True" IsInitialized="True">
        <Filter Operator="And" Category="Category" Property="OST_Views" Condition="Included" Value="True" Unit="None" UnitClass="None" FieldTitle="" UserDefined="False" Validation="None" />
        <Filter Operator="And" Category="Parameter" Property="Folder" Condition="Contains" Value="Documentation" Unit="None" UnitClass="None" FieldTitle="" UserDefined="False" Validation="None" />
        <Filter Operator="And" Category="Parameter" Property="VIEW_TEMPLATE_FOR_SCHEDULE" Condition="HasNoValue" Value="True" Unit="None" UnitClass="None" FieldTitle="" UserDefined="False" Validation="None" />
        <Filter Operator="And" Category="TypeOrInstance" Property="Is Element Type" Condition="Equal" Value="False" Unit="None" UnitClass="None" FieldTitle="" UserDefined="False" Validation="None" />
        <Filter Operator="Exclude" Category="Workset" Property="Name" Condition="Contains" Value="View Template" Unit="None" UnitClass="None" FieldTitle="" UserDefined="False" Validation="None" />
      </Check>
    </Section>
    <Section SectionName="View folder " Title="" IsChecked="True" Description="">
      <Check CheckName="view folder " IsModelCheck="False" Description="Views that are not placed under folders" ShowList="False" FailureMessage="All views in model should be placed under corresponding folder, move views to folder or delete from model" FailureCondition="ReportElements" CheckType="Custom" IsRequired="False" IsChecked="True" IsInitialized="True">
        <Filter Operator="And" Category="Category" Property="OST_Views" Condition="Included" Value="True" Unit="None" UnitClass="None" FieldTitle="" UserDefined="False" Validation="None" />
        <Filter Operator="And" Category="Parameter" Property="Folder" Condition="Defined" Value="True" Unit="None" UnitClass="None" FieldTitle="" UserDefined="False" Validation="None" />
        <Filter Operator="And" Category="Parameter" Property="Folder" Condition="HasNoValue" Value="True" Unit="None" UnitClass="None" FieldTitle="" UserDefined="False" Validation="None" />
        <Filter Operator="And" Category="TypeOrInstance" Property="Is Element Type" Condition="Equal" Value="False" Unit="None" UnitClass="None" FieldTitle="" UserDefined="False" Validation="None" />
        <Filter Operator="Exclude" Category="Workset" Property="Name" Condition="Contains" Value="View Template" Unit="None" UnitClass="None" FieldTitle="" UserDefined="False" Validation="None" />
      </Check>
    </Section>
  </Heading>
</MCSettings>