﻿<?xml version="1.0" encoding="UTF-8" standalone="yes"?>
<MCSettings AllowRequired="True" Name="LC iLOD and Standards" Icon="" Image="" SampleModel="">
  <Heading HeadingText="LC iLOD and Standards" Description="Checks individual elements based on family category. Check results are provided in a pass/fail format, in which a &quot;fail&quot; condition occurs from either a list of elements that meet the check criteria, or that no elements are found to meet the check criteria." />
  <Heading HeadingText="Fire Alarm Devices" Description="">
    <Section SectionName="FAS  - Uniformat Codes are Defined Correctly" Title="" IsChecked="True" Description="">
      <Check CheckName="LF-Assembly Code" IsModelCheck="False" Description="Checks for types with Empty or Wrong &quot;Assembly Code&quot; values" ShowList="False" FailureMessage="Type has Empty or Wrong &quot;Assembly Code&quot; value ! Modify Assembly Code value to become D5030700" FailureCondition="ReportElements" CheckType="Custom" IsRequired="True" IsChecked="True" IsInitialized="True">
        <Filter Operator="And" Category="Category" Property="OST_FireAlarmDevices" Condition="Included" Value="True" Unit="None" UnitClass="None" FieldTitle="" UserDefined="False" Validation="None" />
        <Filter Operator="And" Category="Parameter" Property="ELEM_FAMILY_PARAM" Condition="Contains" Value="FAS_Detector_Above_Ceiling" Unit="None" UnitClass="None" FieldTitle="" UserDefined="False" Validation="None" />
        <Filter Operator="And" Category="TypeOrInstance" Property="Is Element Type" Condition="Equal" Value="False" Unit="None" UnitClass="None" FieldTitle="" UserDefined="False" Validation="None" />
        <Filter Operator="And" Category="Parameter" Property="Assembly Code" Condition="NotEqual" Value="D5030700" Unit="None" UnitClass="None" FieldTitle="" UserDefined="False" Validation="None" />
        <Filter Operator="Or" Category="Category" Property="OST_FireAlarmDevices" Condition="Included" Value="True" Unit="None" UnitClass="None" FieldTitle="" UserDefined="False" Validation="None" />
        <Filter Operator="And" Category="Parameter" Property="ELEM_FAMILY_PARAM" Condition="Equal" Value="FAS_Detector_Ceiling" Unit="None" UnitClass="None" FieldTitle="" UserDefined="False" Validation="None" />
        <Filter Operator="And" Category="TypeOrInstance" Property="Is Element Type" Condition="Equal" Value="False" Unit="None" UnitClass="None" FieldTitle="" UserDefined="False" Validation="None" />
        <Filter Operator="And" Category="Parameter" Property="Assembly Code" Condition="NotEqual" Value="D5030700" Unit="None" UnitClass="None" FieldTitle="" UserDefined="False" Validation="None" />
        <Filter Operator="Or" Category="Category" Property="OST_FireAlarmDevices" Condition="Included" Value="True" Unit="None" UnitClass="None" FieldTitle="" UserDefined="False" Validation="None" />
        <Filter Operator="And" Category="Parameter" Property="ELEM_FAMILY_PARAM" Condition="Equal" Value="FAS_Indicator_Remote_CEILING" Unit="None" UnitClass="None" FieldTitle="" UserDefined="False" Validation="None" />
        <Filter Operator="And" Category="TypeOrInstance" Property="Is Element Type" Condition="Equal" Value="False" Unit="None" UnitClass="None" FieldTitle="" UserDefined="False" Validation="None" />
        <Filter Operator="And" Category="Parameter" Property="Assembly Code" Condition="NotEqual" Value="D5030700" Unit="None" UnitClass="None" FieldTitle="" UserDefined="False" Validation="None" />
        <Filter Operator="Or" Category="Category" Property="OST_FireAlarmDevices" Condition="Included" Value="True" Unit="None" UnitClass="None" FieldTitle="" UserDefined="False" Validation="None" />
        <Filter Operator="And" Category="Parameter" Property="ELEM_FAMILY_PARAM" Condition="Equal" Value="FAS_Manual_Station_Wall" Unit="None" UnitClass="None" FieldTitle="" UserDefined="False" Validation="None" />
        <Filter Operator="And" Category="TypeOrInstance" Property="Is Element Type" Condition="Equal" Value="False" Unit="None" UnitClass="None" FieldTitle="" UserDefined="False" Validation="None" />
        <Filter Operator="And" Category="Parameter" Property="Assembly Code" Condition="NotEqual" Value="D5030700" Unit="None" UnitClass="None" FieldTitle="" UserDefined="False" Validation="None" />
        <Filter Operator="Or" Category="Category" Property="OST_FireAlarmDevices" Condition="Included" Value="True" Unit="None" UnitClass="None" FieldTitle="" UserDefined="False" Validation="None" />
        <Filter Operator="And" Category="Parameter" Property="ELEM_FAMILY_PARAM" Condition="Equal" Value="FAS_Strobe_Light_Ceiling" Unit="None" UnitClass="None" FieldTitle="" UserDefined="False" Validation="None" />
        <Filter Operator="And" Category="TypeOrInstance" Property="Is Element Type" Condition="Equal" Value="False" Unit="None" UnitClass="None" FieldTitle="" UserDefined="False" Validation="None" />
        <Filter Operator="And" Category="Parameter" Property="Assembly Code" Condition="NotEqual" Value="D5030700" Unit="None" UnitClass="None" FieldTitle="" UserDefined="False" Validation="None" />
        <Filter Operator="Or" Category="Category" Property="OST_FireAlarmDevices" Condition="Included" Value="True" Unit="None" UnitClass="None" FieldTitle="" UserDefined="False" Validation="None" />
        <Filter Operator="And" Category="Parameter" Property="ELEM_FAMILY_PARAM" Condition="Equal" Value="FAS_Telephone_Outlet_Wall" Unit="None" UnitClass="None" FieldTitle="" UserDefined="False" Validation="None" />
        <Filter Operator="And" Category="TypeOrInstance" Property="Is Element Type" Condition="Equal" Value="False" Unit="None" UnitClass="None" FieldTitle="" UserDefined="False" Validation="None" />
        <Filter Operator="And" Category="Parameter" Property="Assembly Code" Condition="NotEqual" Value="D5030700" Unit="None" UnitClass="None" FieldTitle="" UserDefined="False" Validation="None" />
        <Filter Operator="Or" Category="Category" Property="OST_FireAlarmDevices" Condition="Included" Value="True" Unit="None" UnitClass="None" FieldTitle="" UserDefined="False" Validation="None" />
        <Filter Operator="And" Category="Parameter" Property="ELEM_FAMILY_PARAM" Condition="Equal" Value="FAS_Detector_Beam_Wall" Unit="None" UnitClass="None" FieldTitle="" UserDefined="False" Validation="None" />
        <Filter Operator="And" Category="TypeOrInstance" Property="Is Element Type" Condition="Equal" Value="False" Unit="None" UnitClass="None" FieldTitle="" UserDefined="False" Validation="None" />
        <Filter Operator="And" Category="Parameter" Property="Assembly Code" Condition="NotEqual" Value="D5030700" Unit="None" UnitClass="None" FieldTitle="" UserDefined="False" Validation="None" />
        <Filter Operator="Or" Category="Category" Property="OST_FireAlarmDevices" Condition="Included" Value="True" Unit="None" UnitClass="None" FieldTitle="" UserDefined="False" Validation="None" />
        <Filter Operator="And" Category="Parameter" Property="ELEM_FAMILY_PARAM" Condition="Equal" Value="FAS_Strobe_Light_Wall_" Unit="None" UnitClass="None" FieldTitle="" UserDefined="False" Validation="None" />
        <Filter Operator="And" Category="TypeOrInstance" Property="Is Element Type" Condition="Equal" Value="False" Unit="None" UnitClass="None" FieldTitle="" UserDefined="False" Validation="None" />
        <Filter Operator="And" Category="Parameter" Property="Assembly Code" Condition="NotEqual" Value="D5030700" Unit="None" UnitClass="None" FieldTitle="" UserDefined="False" Validation="None" />
      </Check>
      <Check CheckName="LF-Keynote" IsModelCheck="False" Description="Checks for types with Empty or Wrong &quot;Keynote&quot; values" ShowList="False" FailureMessage="Type has Empty or Wrong &quot;Keynote&quot; value ! Modify Keynote Code value to become 28 31 11" FailureCondition="ReportElements" CheckType="Custom" IsRequired="True" IsChecked="True" IsInitialized="True">
        <Filter Operator="And" Category="Category" Property="OST_FireAlarmDevices" Condition="Included" Value="True" Unit="None" UnitClass="None" FieldTitle="" UserDefined="False" Validation="None" />
        <Filter Operator="And" Category="Parameter" Property="ELEM_FAMILY_PARAM" Condition="Contains" Value="FAS_Detector_Above_Ceiling" Unit="None" UnitClass="None" FieldTitle="" UserDefined="False" Validation="None" />
        <Filter Operator="And" Category="TypeOrInstance" Property="Is Element Type" Condition="Equal" Value="False" Unit="None" UnitClass="None" FieldTitle="" UserDefined="False" Validation="None" />
        <Filter Operator="And" Category="Parameter" Property="Keynote" Condition="NotEqual" Value="28 31 11" Unit="None" UnitClass="None" FieldTitle="" UserDefined="False" Validation="None" />
        <Filter Operator="Or" Category="Category" Property="OST_FireAlarmDevices" Condition="Included" Value="True" Unit="None" UnitClass="None" FieldTitle="" UserDefined="False" Validation="None" />
        <Filter Operator="And" Category="Parameter" Property="ELEM_FAMILY_PARAM" Condition="Equal" Value="FAS_Detector_Ceiling" Unit="None" UnitClass="None" FieldTitle="" UserDefined="False" Validation="None" />
        <Filter Operator="And" Category="TypeOrInstance" Property="Is Element Type" Condition="Equal" Value="False" Unit="None" UnitClass="None" FieldTitle="" UserDefined="False" Validation="None" />
        <Filter Operator="And" Category="Parameter" Property="Keynote" Condition="NotEqual" Value="28 31 11" Unit="None" UnitClass="None" FieldTitle="" UserDefined="False" Validation="None" />
        <Filter Operator="Or" Category="Category" Property="OST_FireAlarmDevices" Condition="Included" Value="True" Unit="None" UnitClass="None" FieldTitle="" UserDefined="False" Validation="None" />
        <Filter Operator="And" Category="Parameter" Property="ELEM_FAMILY_PARAM" Condition="Equal" Value="FAS_Indicator_Remote_CEILING" Unit="None" UnitClass="None" FieldTitle="" UserDefined="False" Validation="None" />
        <Filter Operator="And" Category="TypeOrInstance" Property="Is Element Type" Condition="Equal" Value="False" Unit="None" UnitClass="None" FieldTitle="" UserDefined="False" Validation="None" />
        <Filter Operator="And" Category="Parameter" Property="Keynote" Condition="NotEqual" Value="28 31 11" Unit="None" UnitClass="None" FieldTitle="" UserDefined="False" Validation="None" />
        <Filter Operator="Or" Category="Category" Property="OST_FireAlarmDevices" Condition="Included" Value="True" Unit="None" UnitClass="None" FieldTitle="" UserDefined="False" Validation="None" />
        <Filter Operator="And" Category="Parameter" Property="ELEM_FAMILY_PARAM" Condition="Equal" Value="FAS_Manual_Station_Wall" Unit="None" UnitClass="None" FieldTitle="" UserDefined="False" Validation="None" />
        <Filter Operator="And" Category="TypeOrInstance" Property="Is Element Type" Condition="Equal" Value="False" Unit="None" UnitClass="None" FieldTitle="" UserDefined="False" Validation="None" />
        <Filter Operator="And" Category="Parameter" Property="Keynote" Condition="NotEqual" Value="28 31 11" Unit="None" UnitClass="None" FieldTitle="" UserDefined="False" Validation="None" />
        <Filter Operator="Or" Category="Category" Property="OST_FireAlarmDevices" Condition="Included" Value="True" Unit="None" UnitClass="None" FieldTitle="" UserDefined="False" Validation="None" />
        <Filter Operator="And" Category="Parameter" Property="ELEM_FAMILY_PARAM" Condition="Equal" Value="FAS_Strobe_Light_Ceiling" Unit="None" UnitClass="None" FieldTitle="" UserDefined="False" Validation="None" />
        <Filter Operator="And" Category="TypeOrInstance" Property="Is Element Type" Condition="Equal" Value="False" Unit="None" UnitClass="None" FieldTitle="" UserDefined="False" Validation="None" />
        <Filter Operator="And" Category="Parameter" Property="Keynote" Condition="NotEqual" Value="28 31 11" Unit="None" UnitClass="None" FieldTitle="" UserDefined="False" Validation="None" />
        <Filter Operator="Or" Category="Category" Property="OST_FireAlarmDevices" Condition="Included" Value="True" Unit="None" UnitClass="None" FieldTitle="" UserDefined="False" Validation="None" />
        <Filter Operator="And" Category="Parameter" Property="ELEM_FAMILY_PARAM" Condition="Equal" Value="FAS_Telephone_Outlet_Wall" Unit="None" UnitClass="None" FieldTitle="" UserDefined="False" Validation="None" />
        <Filter Operator="And" Category="TypeOrInstance" Property="Is Element Type" Condition="Equal" Value="False" Unit="None" UnitClass="None" FieldTitle="" UserDefined="False" Validation="None" />
        <Filter Operator="And" Category="Parameter" Property="Keynote" Condition="NotEqual" Value="28 31 11" Unit="None" UnitClass="None" FieldTitle="" UserDefined="False" Validation="None" />
        <Filter Operator="Or" Category="Category" Property="OST_FireAlarmDevices" Condition="Included" Value="True" Unit="None" UnitClass="None" FieldTitle="" UserDefined="False" Validation="None" />
        <Filter Operator="And" Category="Parameter" Property="ELEM_FAMILY_PARAM" Condition="Equal" Value="FAS_Detector_Beam_Wall" Unit="None" UnitClass="None" FieldTitle="" UserDefined="False" Validation="None" />
        <Filter Operator="And" Category="TypeOrInstance" Property="Is Element Type" Condition="Equal" Value="False" Unit="None" UnitClass="None" FieldTitle="" UserDefined="False" Validation="None" />
        <Filter Operator="And" Category="Parameter" Property="Keynote" Condition="NotEqual" Value="28 31 11" Unit="None" UnitClass="None" FieldTitle="" UserDefined="False" Validation="None" />
        <Filter Operator="And" Category="Category" Property="OST_FireAlarmDevices" Condition="Included" Value="True" Unit="None" UnitClass="None" FieldTitle="" UserDefined="False" Validation="None" />
        <Filter Operator="And" Category="Parameter" Property="ELEM_FAMILY_PARAM" Condition="Equal" Value="FAS_Strobe_Light_Wall_" Unit="None" UnitClass="None" FieldTitle="" UserDefined="False" Validation="None" />
        <Filter Operator="And" Category="TypeOrInstance" Property="Is Element Type" Condition="Equal" Value="False" Unit="None" UnitClass="None" FieldTitle="" UserDefined="False" Validation="None" />
        <Filter Operator="And" Category="Parameter" Property="Keynote" Condition="NotEqual" Value="28 31 11" Unit="None" UnitClass="None" FieldTitle="" UserDefined="False" Validation="None" />
      </Check>
    </Section>
    <Section SectionName="FAS - Standards&amp;Naming Convention" Title="" IsChecked="True" Description="">
      <Check CheckName="FAS are Compliant with Project Standards" IsModelCheck="False" Description="Checks for types if it is not a Project Standard" ShowList="False" FailureMessage="Type does not match Project Standards ! Define this type in Project Standard list or change it to one of Project Standards types." FailureCondition="ReportElements" CheckType="Custom" IsRequired="True" IsChecked="True" IsInitialized="True">
        <Filter Operator="And" Category="Category" Property="OST_FireAlarmDevices" Condition="Included" Value="True" Unit="None" UnitClass="None" FieldTitle="" UserDefined="False" Validation="None" />
        <Filter Operator="And" Category="TypeOrInstance" Property="Is Element Type" Condition="Equal" Value="True" Unit="None" UnitClass="None" FieldTitle="" UserDefined="False" Validation="None" />
        <Filter Operator="And" Category="Parameter" Property="ALL_MODEL_FAMILY_NAME" Condition="DoesNotContain" Value="FAS_Detector_Above_Ceiling" Unit="None" UnitClass="None" FieldTitle="" UserDefined="False" Validation="None" />
        <Filter Operator="And" Category="Parameter" Property="ALL_MODEL_FAMILY_NAME" Condition="DoesNotContain" Value="FAS_Detector_Ceiling" Unit="None" UnitClass="None" FieldTitle="" UserDefined="False" Validation="None" />
        <Filter Operator="And" Category="Parameter" Property="ALL_MODEL_FAMILY_NAME" Condition="DoesNotContain" Value="FAS_Manual_Station_Wall" Unit="None" UnitClass="None" FieldTitle="" UserDefined="False" Validation="None" />
        <Filter Operator="And" Category="Parameter" Property="ALL_MODEL_FAMILY_NAME" Condition="DoesNotContain" Value="FAS_Indicator_Remote_CEILING" Unit="None" UnitClass="None" FieldTitle="" UserDefined="False" Validation="None" />
        <Filter Operator="And" Category="Parameter" Property="ALL_MODEL_FAMILY_NAME" Condition="DoesNotContain" Value="FAS_Strobe_Light_Ceiling" Unit="None" UnitClass="None" FieldTitle="" UserDefined="False" Validation="None" />
        <Filter Operator="And" Category="Parameter" Property="ALL_MODEL_FAMILY_NAME" Condition="DoesNotContain" Value="FAS_Telephone_Outlet_Wall" Unit="None" UnitClass="None" FieldTitle="" UserDefined="False" Validation="None" />
        <Filter Operator="And" Category="Parameter" Property="ALL_MODEL_FAMILY_NAME" Condition="DoesNotContain" Value="FAS_Detector_Beam_Wall" Unit="None" UnitClass="None" FieldTitle="" UserDefined="False" Validation="None" />
        <Filter Operator="And" Category="Parameter" Property="ALL_MODEL_FAMILY_NAME" Condition="DoesNotContain" Value="FAS_Strobe_Light_Wall_" Unit="None" UnitClass="None" FieldTitle="" UserDefined="False" Validation="None" />
      </Check>
    </Section>
  </Heading>
  <Heading HeadingText="Security Devices" Description="">
    <Section SectionName="SC - Access Control Wall - Uniformat Codes are Defined Correctly" Title="" IsChecked="True" Description="">
      <Check CheckName="LF-Assembly Code" IsModelCheck="False" Description="Checks for types with Empty or Wrong &quot;Assembly Code&quot; values" ShowList="False" FailureMessage="Type has Empty or Wrong &quot;Assembly Code&quot; value ! Modify Assembly Code value to become D5030701" FailureCondition="ReportElements" CheckType="Custom" IsRequired="True" IsChecked="True" IsInitialized="True">
        <Filter Operator="And" Category="Category" Property="OST_SecurityDevices" Condition="Included" Value="True" Unit="None" UnitClass="None" FieldTitle="" UserDefined="False" Validation="None" />
        <Filter Operator="And" Category="Parameter" Property="ELEM_FAMILY_PARAM" Condition="Contains" Value="ES_ACS_Door_Wall" Unit="None" UnitClass="None" FieldTitle="" UserDefined="False" Validation="None" />
        <Filter Operator="And" Category="TypeOrInstance" Property="Is Element Type" Condition="Equal" Value="False" Unit="None" UnitClass="None" FieldTitle="" UserDefined="False" Validation="None" />
        <Filter Operator="And" Category="Parameter" Property="Assembly Code" Condition="NotEqual" Value="D5030701" Unit="None" UnitClass="None" FieldTitle="" UserDefined="False" Validation="None" />
      </Check>
      <Check CheckName="LF-Keynote" IsModelCheck="False" Description="Checks for types with Empty or Wrong &quot;Keynote&quot; values" ShowList="False" FailureMessage="Type has Empty or Wrong &quot;Keynote&quot; value ! Modify Keynote Code value to become 28 13 00" FailureCondition="ReportElements" CheckType="Custom" IsRequired="True" IsChecked="True" IsInitialized="True">
        <Filter Operator="And" Category="Category" Property="OST_SecurityDevices" Condition="Included" Value="True" Unit="None" UnitClass="None" FieldTitle="" UserDefined="False" Validation="None" />
        <Filter Operator="And" Category="Parameter" Property="ELEM_FAMILY_PARAM" Condition="Contains" Value="ES_ACS_Door_Wall" Unit="None" UnitClass="None" FieldTitle="" UserDefined="False" Validation="None" />
        <Filter Operator="And" Category="TypeOrInstance" Property="Is Element Type" Condition="Equal" Value="False" Unit="None" UnitClass="None" FieldTitle="" UserDefined="False" Validation="None" />
        <Filter Operator="And" Category="Parameter" Property="Keynote" Condition="NotEqual" Value="28 13 00" Unit="None" UnitClass="None" FieldTitle="" UserDefined="False" Validation="None" />
      </Check>
    </Section>
    <Section SectionName="SC - Camera Fixed/Controllable Ceiling/Wall - Uniformat Codes are Defined Correctly" Title="" IsChecked="True" Description="">
      <Check CheckName="LF-Assembly Code" IsModelCheck="False" Description="Checks for types with Empty or Wrong &quot;Assembly Code&quot; values" ShowList="False" FailureMessage="Type has Empty or Wrong &quot;Assembly Code&quot; value ! Modify Assembly Code value to become D5030860" FailureCondition="ReportElements" CheckType="Custom" IsRequired="True" IsChecked="True" IsInitialized="True">
        <Filter Operator="And" Category="Category" Property="OST_SecurityDevices" Condition="Included" Value="True" Unit="None" UnitClass="None" FieldTitle="" UserDefined="False" Validation="None" />
        <Filter Operator="And" Category="Parameter" Property="ELEM_FAMILY_PARAM" Condition="Contains" Value="ES_Camera_Flush_CLNG" Unit="None" UnitClass="None" FieldTitle="" UserDefined="False" Validation="None" />
        <Filter Operator="And" Category="TypeOrInstance" Property="Is Element Type" Condition="Equal" Value="False" Unit="None" UnitClass="None" FieldTitle="" UserDefined="False" Validation="None" />
        <Filter Operator="And" Category="Parameter" Property="Assembly Code" Condition="NotEqual" Value="D5030860" Unit="None" UnitClass="None" FieldTitle="" UserDefined="False" Validation="None" />
        <Filter Operator="Or" Category="Category" Property="OST_SecurityDevices" Condition="Included" Value="True" Unit="None" UnitClass="None" FieldTitle="" UserDefined="False" Validation="None" />
        <Filter Operator="And" Category="Parameter" Property="ELEM_FAMILY_PARAM" Condition="Contains" Value="ES_Camera_Flush_NotHosted_CLNG" Unit="None" UnitClass="None" FieldTitle="" UserDefined="False" Validation="None" />
        <Filter Operator="And" Category="TypeOrInstance" Property="Is Element Type" Condition="Equal" Value="False" Unit="None" UnitClass="None" FieldTitle="" UserDefined="False" Validation="None" />
        <Filter Operator="And" Category="Parameter" Property="Assembly Code" Condition="NotEqual" Value="D5030860" Unit="None" UnitClass="None" FieldTitle="" UserDefined="False" Validation="None" />
        <Filter Operator="Or" Category="Category" Property="OST_SecurityDevices" Condition="Included" Value="True" Unit="None" UnitClass="None" FieldTitle="" UserDefined="False" Validation="None" />
        <Filter Operator="And" Category="Parameter" Property="ELEM_FAMILY_PARAM" Condition="Contains" Value="ES_Camera_Pendant_Wall" Unit="None" UnitClass="None" FieldTitle="" UserDefined="False" Validation="None" />
        <Filter Operator="And" Category="TypeOrInstance" Property="Is Element Type" Condition="Equal" Value="False" Unit="None" UnitClass="None" FieldTitle="" UserDefined="False" Validation="None" />
        <Filter Operator="And" Category="Parameter" Property="Assembly Code" Condition="NotEqual" Value="D5030860" Unit="None" UnitClass="None" FieldTitle="" UserDefined="False" Validation="None" />
        <Filter Operator="Or" Category="Category" Property="OST_SecurityDevices" Condition="Included" Value="True" Unit="None" UnitClass="None" FieldTitle="" UserDefined="False" Validation="None" />
        <Filter Operator="And" Category="Parameter" Property="ELEM_FAMILY_PARAM" Condition="Equal" Value="ES_Camera_Flush_Wall" Unit="None" UnitClass="None" FieldTitle="" UserDefined="False" Validation="None" />
        <Filter Operator="And" Category="TypeOrInstance" Property="Is Element Type" Condition="Equal" Value="False" Unit="None" UnitClass="None" FieldTitle="" UserDefined="False" Validation="None" />
        <Filter Operator="And" Category="Parameter" Property="Assembly Code" Condition="NotEqual" Value="D5030860" Unit="None" UnitClass="None" FieldTitle="" UserDefined="False" Validation="None" />
        <Filter Operator="Or" Category="Category" Property="OST_SecurityDevices" Condition="Included" Value="True" Unit="None" UnitClass="None" FieldTitle="" UserDefined="False" Validation="None" />
        <Filter Operator="And" Category="Parameter" Property="ELEM_FAMILY_PARAM" Condition="Equal" Value="ES_Camera_Pendant_CLNG" Unit="None" UnitClass="None" FieldTitle="" UserDefined="False" Validation="None" />
        <Filter Operator="And" Category="TypeOrInstance" Property="Is Element Type" Condition="Equal" Value="False" Unit="None" UnitClass="None" FieldTitle="" UserDefined="False" Validation="None" />
        <Filter Operator="And" Category="Parameter" Property="Assembly Code" Condition="NotEqual" Value="D5030860" Unit="None" UnitClass="None" FieldTitle="" UserDefined="False" Validation="None" />
      </Check>
      <Check CheckName="LF-Keynote" IsModelCheck="False" Description="Checks for types with Empty or Wrong &quot;Keynote&quot; values" ShowList="False" FailureMessage="Type has Empty or Wrong &quot;Keynote&quot; value ! Modify Keynote Code value to become 28 23 00" FailureCondition="ReportElements" CheckType="Custom" IsRequired="True" IsChecked="True" IsInitialized="True">
        <Filter Operator="And" Category="Category" Property="OST_SecurityDevices" Condition="Included" Value="True" Unit="None" UnitClass="None" FieldTitle="" UserDefined="False" Validation="None" />
        <Filter Operator="And" Category="Parameter" Property="ELEM_FAMILY_PARAM" Condition="Contains" Value="ES_Camera_Flush_CLNG" Unit="None" UnitClass="None" FieldTitle="" UserDefined="False" Validation="None" />
        <Filter Operator="And" Category="TypeOrInstance" Property="Is Element Type" Condition="Equal" Value="False" Unit="None" UnitClass="None" FieldTitle="" UserDefined="False" Validation="None" />
        <Filter Operator="And" Category="Parameter" Property="Keynote" Condition="NotEqual" Value="28 23 00" Unit="None" UnitClass="None" FieldTitle="" UserDefined="False" Validation="None" />
        <Filter Operator="Or" Category="Category" Property="OST_SecurityDevices" Condition="Included" Value="True" Unit="None" UnitClass="None" FieldTitle="" UserDefined="False" Validation="None" />
        <Filter Operator="And" Category="Parameter" Property="ELEM_FAMILY_PARAM" Condition="Equal" Value="ES_Camera_Flush_NotHosted_CLNG" Unit="None" UnitClass="None" FieldTitle="" UserDefined="False" Validation="None" />
        <Filter Operator="And" Category="TypeOrInstance" Property="Is Element Type" Condition="Equal" Value="False" Unit="None" UnitClass="None" FieldTitle="" UserDefined="False" Validation="None" />
        <Filter Operator="And" Category="Parameter" Property="Keynote" Condition="NotEqual" Value="28 23 00" Unit="None" UnitClass="None" FieldTitle="" UserDefined="False" Validation="None" />
        <Filter Operator="Or" Category="Category" Property="OST_SecurityDevices" Condition="Included" Value="True" Unit="None" UnitClass="None" FieldTitle="" UserDefined="False" Validation="None" />
        <Filter Operator="And" Category="Parameter" Property="ELEM_FAMILY_PARAM" Condition="Equal" Value="ES_Camera_Pendant_Wall" Unit="None" UnitClass="None" FieldTitle="" UserDefined="False" Validation="None" />
        <Filter Operator="And" Category="TypeOrInstance" Property="Is Element Type" Condition="Equal" Value="True" Unit="None" UnitClass="None" FieldTitle="" UserDefined="False" Validation="None" />
        <Filter Operator="And" Category="Parameter" Property="Keynote" Condition="NotEqual" Value="28 23 00" Unit="None" UnitClass="None" FieldTitle="" UserDefined="False" Validation="None" />
        <Filter Operator="Or" Category="Category" Property="OST_SecurityDevices" Condition="Included" Value="True" Unit="None" UnitClass="None" FieldTitle="" UserDefined="False" Validation="None" />
        <Filter Operator="And" Category="Parameter" Property="ELEM_FAMILY_PARAM" Condition="Equal" Value="ES_Camera_Flush_Wall" Unit="None" UnitClass="None" FieldTitle="" UserDefined="False" Validation="None" />
        <Filter Operator="And" Category="TypeOrInstance" Property="Is Element Type" Condition="Equal" Value="True" Unit="None" UnitClass="None" FieldTitle="" UserDefined="False" Validation="None" />
        <Filter Operator="And" Category="Parameter" Property="Keynote" Condition="NotEqual" Value="28 23 00" Unit="None" UnitClass="None" FieldTitle="" UserDefined="False" Validation="None" />
        <Filter Operator="Or" Category="Category" Property="OST_SecurityDevices" Condition="Included" Value="True" Unit="None" UnitClass="None" FieldTitle="" UserDefined="False" Validation="None" />
        <Filter Operator="And" Category="Parameter" Property="ELEM_FAMILY_PARAM" Condition="Equal" Value="ES_Camera_Pendant_CLNG" Unit="None" UnitClass="None" FieldTitle="" UserDefined="False" Validation="None" />
        <Filter Operator="And" Category="TypeOrInstance" Property="Is Element Type" Condition="Equal" Value="True" Unit="None" UnitClass="None" FieldTitle="" UserDefined="False" Validation="None" />
        <Filter Operator="And" Category="Parameter" Property="Keynote" Condition="NotEqual" Value="28 23 00" Unit="None" UnitClass="None" FieldTitle="" UserDefined="False" Validation="None" />
      </Check>
    </Section>
    <Section SectionName="SC - Standards&amp;Naming Convention" Title="" IsChecked="True" Description="">
      <Check CheckName="SC are Compliant with Project Standards" IsModelCheck="False" Description="Checks for types if it is not a Project Standard" ShowList="False" FailureMessage="Type does not match Project Standards ! Define this type in Project Standard list or change it to one of Project Standards types." FailureCondition="ReportElements" CheckType="Custom" IsRequired="True" IsChecked="True" IsInitialized="True">
        <Filter Operator="And" Category="Category" Property="OST_SecurityDevices" Condition="Included" Value="True" Unit="None" UnitClass="None" FieldTitle="" UserDefined="False" Validation="None" />
        <Filter Operator="And" Category="TypeOrInstance" Property="Is Element Type" Condition="Equal" Value="True" Unit="None" UnitClass="None" FieldTitle="" UserDefined="False" Validation="None" />
        <Filter Operator="And" Category="Parameter" Property="ALL_MODEL_FAMILY_NAME" Condition="DoesNotContain" Value="ES_ACS_Door_Wall" Unit="None" UnitClass="None" FieldTitle="" UserDefined="False" Validation="None" />
        <Filter Operator="And" Category="Parameter" Property="ALL_MODEL_FAMILY_NAME" Condition="DoesNotContain" Value="ES_Camera_Flush_CLNG" Unit="None" UnitClass="None" FieldTitle="" UserDefined="False" Validation="None" />
        <Filter Operator="And" Category="Parameter" Property="ALL_MODEL_FAMILY_NAME" Condition="DoesNotContain" Value="ES_Camera_Flush_NotHosted_CLNG" Unit="None" UnitClass="None" FieldTitle="" UserDefined="False" Validation="None" />
        <Filter Operator="And" Category="Parameter" Property="ALL_MODEL_FAMILY_NAME" Condition="DoesNotContain" Value="ES_Camera_Pendant_Wall" Unit="None" UnitClass="None" FieldTitle="" UserDefined="False" Validation="None" />
        <Filter Operator="And" Category="Parameter" Property="ALL_MODEL_FAMILY_NAME" Condition="DoesNotContain" Value="ES_Camera_Pendant_CLNG" Unit="None" UnitClass="None" FieldTitle="" UserDefined="False" Validation="None" />
        <Filter Operator="And" Category="Parameter" Property="ALL_MODEL_FAMILY_NAME" Condition="DoesNotContain" Value="ES_Camera_Flush_Wall" Unit="None" UnitClass="None" FieldTitle="" UserDefined="False" Validation="None" />
      </Check>
    </Section>
  </Heading>
  <Heading HeadingText="Telephone Devices" Description="">
    <Section SectionName="TD - Telephone wall - Uniformat Codes are Defined Correctly" Title="" IsChecked="True" Description="">
      <Check CheckName="LF-Assembly Code" IsModelCheck="False" Description="Checks for types with Empty or Wrong &quot;Assembly Code&quot; values" ShowList="False" FailureMessage="Type has Empty or Wrong &quot;Assembly Code&quot; value ! Modify Assembly Code value to become D5030300" FailureCondition="ReportElements" CheckType="Custom" IsRequired="True" IsChecked="True" IsInitialized="True">
        <Filter Operator="And" Category="Category" Property="OST_TelephoneDevices" Condition="Included" Value="True" Unit="None" UnitClass="None" FieldTitle="" UserDefined="False" Validation="None" />
        <Filter Operator="And" Category="Parameter" Property="ELEM_FAMILY_PARAM" Condition="Contains" Value="EI_Telephone" Unit="None" UnitClass="None" FieldTitle="" UserDefined="False" Validation="None" />
        <Filter Operator="And" Category="TypeOrInstance" Property="Is Element Type" Condition="Equal" Value="False" Unit="None" UnitClass="None" FieldTitle="" UserDefined="False" Validation="None" />
        <Filter Operator="And" Category="Parameter" Property="Assembly Code" Condition="NotEqual" Value="D5030300" Unit="None" UnitClass="None" FieldTitle="" UserDefined="False" Validation="None" />
      </Check>
      <Check CheckName="LF-Keynote" IsModelCheck="False" Description="Checks for types with Empty or Wrong &quot;Keynote&quot; values" ShowList="False" FailureMessage="Type has Empty or Wrong &quot;Keynote&quot; value ! Modify Keynote Code value to become 27 31 23" FailureCondition="ReportElements" CheckType="Custom" IsRequired="True" IsChecked="True" IsInitialized="True">
        <Filter Operator="And" Category="Category" Property="OST_TelephoneDevices" Condition="Included" Value="True" Unit="None" UnitClass="None" FieldTitle="" UserDefined="False" Validation="None" />
        <Filter Operator="And" Category="Parameter" Property="ELEM_FAMILY_PARAM" Condition="Contains" Value="EI_Telephone" Unit="None" UnitClass="None" FieldTitle="" UserDefined="False" Validation="None" />
        <Filter Operator="And" Category="TypeOrInstance" Property="Is Element Type" Condition="Equal" Value="False" Unit="None" UnitClass="None" FieldTitle="" UserDefined="False" Validation="None" />
        <Filter Operator="And" Category="Parameter" Property="Keynote" Condition="NotEqual" Value="27 31 23" Unit="None" UnitClass="None" FieldTitle="" UserDefined="False" Validation="None" />
      </Check>
    </Section>
  </Heading>
  <Heading HeadingText="Communication Devices" Description="">
    <Section SectionName="CD - Tetra Antenna Ceiling - Uniformat Codes are Defined Correctly" Title="" IsChecked="True" Description="">
      <Check CheckName="LF-Assembly Code" IsModelCheck="False" Description="Checks for types with Empty or Wrong &quot;Assembly Code&quot; values" ShowList="False" FailureMessage="Type has Empty or Wrong &quot;Assembly Code&quot; value ! Modify Assembly Code value to become D5030870" FailureCondition="ReportElements" CheckType="Custom" IsRequired="True" IsChecked="True" IsInitialized="True">
        <Filter Operator="And" Category="Category" Property="OST_CommunicationDevices" Condition="Included" Value="True" Unit="None" UnitClass="None" FieldTitle="" UserDefined="False" Validation="None" />
        <Filter Operator="And" Category="Parameter" Property="ELEM_FAMILY_PARAM" Condition="Contains" Value="COM_Radio_Antenna_Ceiling" Unit="None" UnitClass="None" FieldTitle="" UserDefined="False" Validation="None" />
        <Filter Operator="And" Category="TypeOrInstance" Property="Is Element Type" Condition="Equal" Value="False" Unit="None" UnitClass="None" FieldTitle="" UserDefined="False" Validation="None" />
        <Filter Operator="And" Category="Parameter" Property="Assembly Code" Condition="NotEqual" Value="D5030870" Unit="None" UnitClass="None" FieldTitle="" UserDefined="False" Validation="None" />
      </Check>
      <Check CheckName="LF-Keynote" IsModelCheck="False" Description="Checks for types with Empty or Wrong &quot;Keynote&quot; values" ShowList="False" FailureMessage="Type has Empty or Wrong &quot;Keynote&quot; value ! Modify Keynote Code value to become 27 32 41" FailureCondition="ReportElements" CheckType="Custom" IsRequired="True" IsChecked="True" IsInitialized="True">
        <Filter Operator="And" Category="Category" Property="OST_CommunicationDevices" Condition="Included" Value="True" Unit="None" UnitClass="None" FieldTitle="" UserDefined="False" Validation="None" />
        <Filter Operator="And" Category="Parameter" Property="ELEM_FAMILY_PARAM" Condition="Contains" Value="COM_Radio_Antenna_Ceiling" Unit="None" UnitClass="None" FieldTitle="" UserDefined="False" Validation="None" />
        <Filter Operator="And" Category="TypeOrInstance" Property="Is Element Type" Condition="Equal" Value="False" Unit="None" UnitClass="None" FieldTitle="" UserDefined="False" Validation="None" />
        <Filter Operator="And" Category="Parameter" Property="Keynote" Condition="NotEqual" Value="27 32 41" Unit="None" UnitClass="None" FieldTitle="" UserDefined="False" Validation="None" />
      </Check>
    </Section>
    <Section SectionName="CD - Tetra Antenna Wall - Uniformat Codes are Defined Correctly" Title="" IsChecked="True" Description="">
      <Check CheckName="LF-Assembly Code" IsModelCheck="False" Description="Checks for types with Empty or Wrong &quot;Assembly Code&quot; values" ShowList="False" FailureMessage="Type has Empty or Wrong &quot;Assembly Code&quot; value ! Modify Assembly Code value to become D5030870" FailureCondition="ReportElements" CheckType="Custom" IsRequired="True" IsChecked="True" IsInitialized="True">
        <Filter Operator="And" Category="Category" Property="OST_CommunicationDevices" Condition="Included" Value="True" Unit="None" UnitClass="None" FieldTitle="" UserDefined="False" Validation="None" />
        <Filter Operator="And" Category="Parameter" Property="ELEM_FAMILY_PARAM" Condition="Contains" Value="COM_Radio_Antenna_Wall" Unit="None" UnitClass="None" FieldTitle="" UserDefined="False" Validation="None" />
        <Filter Operator="And" Category="TypeOrInstance" Property="Is Element Type" Condition="Equal" Value="False" Unit="None" UnitClass="None" FieldTitle="" UserDefined="False" Validation="None" />
        <Filter Operator="And" Category="Parameter" Property="Assembly Code" Condition="NotEqual" Value="D5030870" Unit="None" UnitClass="None" FieldTitle="" UserDefined="False" Validation="None" />
      </Check>
      <Check CheckName="LF-Keynote" IsModelCheck="False" Description="Checks for types with Empty or Wrong &quot;Keynote&quot; values" ShowList="False" FailureMessage="Type has Empty or Wrong &quot;Keynote&quot; value ! Modify Keynote Code value to become 27 32 41" FailureCondition="ReportElements" CheckType="Custom" IsRequired="True" IsChecked="True" IsInitialized="True">
        <Filter Operator="And" Category="Category" Property="OST_CommunicationDevices" Condition="Included" Value="True" Unit="None" UnitClass="None" FieldTitle="" UserDefined="False" Validation="None" />
        <Filter Operator="And" Category="Parameter" Property="ELEM_FAMILY_PARAM" Condition="Contains" Value="COM_Radio_Antenna_Wall" Unit="None" UnitClass="None" FieldTitle="" UserDefined="False" Validation="None" />
        <Filter Operator="And" Category="TypeOrInstance" Property="Is Element Type" Condition="Equal" Value="False" Unit="None" UnitClass="None" FieldTitle="" UserDefined="False" Validation="None" />
        <Filter Operator="And" Category="Parameter" Property="Keynote" Condition="NotEqual" Value="27 32 41" Unit="None" UnitClass="None" FieldTitle="" UserDefined="False" Validation="None" />
      </Check>
    </Section>
    <Section SectionName="CD - Wireless Access Point CLNG - Uniformat Codes are Defined Correctly" Title="" IsChecked="True" Description="">
      <Check CheckName="LF-Assembly Code" IsModelCheck="False" Description="Checks for types with Empty or Wrong &quot;Assembly Code&quot; values" ShowList="False" FailureMessage="Type has Empty or Wrong &quot;Assembly Code&quot; value ! Modify Assembly Code value to become D5030820" FailureCondition="ReportElements" CheckType="Custom" IsRequired="True" IsChecked="True" IsInitialized="True">
        <Filter Operator="And" Category="Category" Property="OST_CommunicationDevices" Condition="Included" Value="True" Unit="None" UnitClass="None" FieldTitle="" UserDefined="False" Validation="None" />
        <Filter Operator="And" Category="Parameter" Property="ELEM_FAMILY_PARAM" Condition="Contains" Value="EI_WAP_CLNG" Unit="None" UnitClass="None" FieldTitle="" UserDefined="False" Validation="None" />
        <Filter Operator="And" Category="TypeOrInstance" Property="Is Element Type" Condition="Equal" Value="False" Unit="None" UnitClass="None" FieldTitle="" UserDefined="False" Validation="None" />
        <Filter Operator="And" Category="Parameter" Property="Assembly Code" Condition="NotEqual" Value="D5030820" Unit="None" UnitClass="None" FieldTitle="" UserDefined="False" Validation="None" />
      </Check>
      <Check CheckName="LF-Keynote" IsModelCheck="False" Description="Checks for types with Empty or Wrong &quot;Keynote&quot; values" ShowList="False" FailureMessage="Type has Empty or Wrong &quot;Keynote&quot; value ! Modify Keynote Code value to become 27 21 33" FailureCondition="ReportElements" CheckType="Custom" IsRequired="True" IsChecked="True" IsInitialized="True">
        <Filter Operator="And" Category="Category" Property="OST_CommunicationDevices" Condition="Included" Value="True" Unit="None" UnitClass="None" FieldTitle="" UserDefined="False" Validation="None" />
        <Filter Operator="And" Category="Parameter" Property="ELEM_FAMILY_PARAM" Condition="Contains" Value="EI_WAP_CLNG" Unit="None" UnitClass="None" FieldTitle="" UserDefined="False" Validation="None" />
        <Filter Operator="And" Category="TypeOrInstance" Property="Is Element Type" Condition="Equal" Value="False" Unit="None" UnitClass="None" FieldTitle="" UserDefined="False" Validation="None" />
        <Filter Operator="And" Category="Parameter" Property="Keynote" Condition="NotEqual" Value="27 21 33" Unit="None" UnitClass="None" FieldTitle="" UserDefined="False" Validation="None" />
      </Check>
    </Section>
    <Section SectionName="CD - Wireless Access Point CLNG - Uniformat Codes are Defined Correctly" Title="" IsChecked="True" Description="">
      <Check CheckName="LF-Assembly Code" IsModelCheck="False" Description="Checks for types with Empty or Wrong &quot;Assembly Code&quot; values" ShowList="False" FailureMessage="Type has Empty or Wrong &quot;Assembly Code&quot; value ! Modify Assembly Code value to become D5030820" FailureCondition="ReportElements" CheckType="Custom" IsRequired="True" IsChecked="True" IsInitialized="True">
        <Filter Operator="And" Category="Category" Property="OST_CommunicationDevices" Condition="Included" Value="True" Unit="None" UnitClass="None" FieldTitle="" UserDefined="False" Validation="None" />
        <Filter Operator="And" Category="Parameter" Property="ELEM_FAMILY_PARAM" Condition="Contains" Value="EI_WAP_Wall" Unit="None" UnitClass="None" FieldTitle="" UserDefined="False" Validation="None" />
        <Filter Operator="And" Category="TypeOrInstance" Property="Is Element Type" Condition="Equal" Value="False" Unit="None" UnitClass="None" FieldTitle="" UserDefined="False" Validation="None" />
        <Filter Operator="And" Category="Parameter" Property="Assembly Code" Condition="NotEqual" Value="D5030820" Unit="None" UnitClass="None" FieldTitle="" UserDefined="False" Validation="None" />
      </Check>
      <Check CheckName="LF-Keynote" IsModelCheck="False" Description="Checks for types with Empty or Wrong &quot;Keynote&quot; values" ShowList="False" FailureMessage="Type has Empty or Wrong &quot;Keynote&quot; value ! Modify Keynote Code value to become 27 21 33" FailureCondition="ReportElements" CheckType="Custom" IsRequired="True" IsChecked="True" IsInitialized="True">
        <Filter Operator="And" Category="Category" Property="OST_CommunicationDevices" Condition="Included" Value="True" Unit="None" UnitClass="None" FieldTitle="" UserDefined="False" Validation="None" />
        <Filter Operator="And" Category="Parameter" Property="ELEM_FAMILY_PARAM" Condition="Contains" Value="EI_WAP_Wall" Unit="None" UnitClass="None" FieldTitle="" UserDefined="False" Validation="None" />
        <Filter Operator="And" Category="TypeOrInstance" Property="Is Element Type" Condition="Equal" Value="False" Unit="None" UnitClass="None" FieldTitle="" UserDefined="False" Validation="None" />
        <Filter Operator="And" Category="Parameter" Property="Keynote" Condition="NotEqual" Value="27 21 33" Unit="None" UnitClass="None" FieldTitle="" UserDefined="False" Validation="None" />
      </Check>
    </Section>
    <Section SectionName="CD - Flat Panel Display - Uniformat Codes are Defined Correctly" Title="" IsChecked="True" Description="">
      <Check CheckName="LF-Assembly Code" IsModelCheck="False" Description="Checks for types with Empty or Wrong &quot;Assembly Code&quot; values" ShowList="False" FailureMessage="Type has Empty or Wrong &quot;Assembly Code&quot; value ! Modify Assembly Code value to become D5030500" FailureCondition="ReportElements" CheckType="Custom" IsRequired="True" IsChecked="True" IsInitialized="True">
        <Filter Operator="And" Category="Category" Property="OST_CommunicationDevices" Condition="Included" Value="True" Unit="None" UnitClass="None" FieldTitle="" UserDefined="False" Validation="None" />
        <Filter Operator="And" Category="Parameter" Property="ELEM_FAMILY_PARAM" Condition="Contains" Value="EV_CMS_FPD" Unit="None" UnitClass="None" FieldTitle="" UserDefined="False" Validation="None" />
        <Filter Operator="And" Category="TypeOrInstance" Property="Is Element Type" Condition="Equal" Value="False" Unit="None" UnitClass="None" FieldTitle="" UserDefined="False" Validation="None" />
        <Filter Operator="And" Category="Parameter" Property="Assembly Code" Condition="NotEqual" Value="D5030500" Unit="None" UnitClass="None" FieldTitle="" UserDefined="False" Validation="None" />
      </Check>
      <Check CheckName="LF-Keynote" IsModelCheck="False" Description="Checks for types with Empty or Wrong &quot;Keynote&quot; values" ShowList="False" FailureMessage="Type has Empty or Wrong &quot;Keynote&quot; value ! Modify Keynote Code value to become 27 61 19" FailureCondition="ReportElements" CheckType="Custom" IsRequired="True" IsChecked="True" IsInitialized="True">
        <Filter Operator="And" Category="Category" Property="OST_CommunicationDevices" Condition="Included" Value="True" Unit="None" UnitClass="None" FieldTitle="" UserDefined="False" Validation="None" />
        <Filter Operator="And" Category="Parameter" Property="ELEM_FAMILY_PARAM" Condition="Contains" Value="EV_CMS_FPD" Unit="None" UnitClass="None" FieldTitle="" UserDefined="False" Validation="None" />
        <Filter Operator="And" Category="TypeOrInstance" Property="Is Element Type" Condition="Equal" Value="False" Unit="None" UnitClass="None" FieldTitle="" UserDefined="False" Validation="None" />
        <Filter Operator="And" Category="Parameter" Property="Keynote" Condition="NotEqual" Value="27 61 19" Unit="None" UnitClass="None" FieldTitle="" UserDefined="False" Validation="None" />
      </Check>
    </Section>
    <Section SectionName="CD - Master Clock Wall - Uniformat Codes are Defined Correctly" Title="" IsChecked="True" Description="">
      <Check CheckName="LF-Assembly Code" IsModelCheck="False" Description="Checks for types with Empty or Wrong &quot;Assembly Code&quot; values" ShowList="False" FailureMessage="Type has Empty or Wrong &quot;Assembly Code&quot; value ! Modify Assembly Code value to become D5030702" FailureCondition="ReportElements" CheckType="Custom" IsRequired="True" IsChecked="True" IsInitialized="True">
        <Filter Operator="And" Category="Category" Property="OST_CommunicationDevices" Condition="Included" Value="True" Unit="None" UnitClass="None" FieldTitle="" UserDefined="False" Validation="None" />
        <Filter Operator="And" Category="Parameter" Property="ELEM_FAMILY_PARAM" Condition="Contains" Value="EV_Master Clock_Wall" Unit="None" UnitClass="None" FieldTitle="" UserDefined="False" Validation="None" />
        <Filter Operator="And" Category="TypeOrInstance" Property="Is Element Type" Condition="Equal" Value="False" Unit="None" UnitClass="None" FieldTitle="" UserDefined="False" Validation="None" />
        <Filter Operator="And" Category="Parameter" Property="Assembly Code" Condition="NotEqual" Value="D5030702" Unit="None" UnitClass="None" FieldTitle="" UserDefined="False" Validation="None" />
      </Check>
      <Check CheckName="LF-Keynote" IsModelCheck="False" Description="Checks for types with Empty or Wrong &quot;Keynote&quot; values" ShowList="False" FailureMessage="Type has Empty or Wrong &quot;Keynote&quot; value ! Modify Keynote Code value to become 27 53 13" FailureCondition="ReportElements" CheckType="Custom" IsRequired="True" IsChecked="True" IsInitialized="True">
        <Filter Operator="And" Category="Category" Property="OST_CommunicationDevices" Condition="Included" Value="True" Unit="None" UnitClass="None" FieldTitle="" UserDefined="False" Validation="None" />
        <Filter Operator="And" Category="Parameter" Property="ELEM_FAMILY_PARAM" Condition="Contains" Value="EV_Master Clock_Wall" Unit="None" UnitClass="None" FieldTitle="" UserDefined="False" Validation="None" />
        <Filter Operator="And" Category="TypeOrInstance" Property="Is Element Type" Condition="Equal" Value="False" Unit="None" UnitClass="None" FieldTitle="" UserDefined="False" Validation="None" />
        <Filter Operator="And" Category="Parameter" Property="Keynote" Condition="NotEqual" Value="27 53 13" Unit="None" UnitClass="None" FieldTitle="" UserDefined="False" Validation="None" />
      </Check>
    </Section>
    <Section SectionName="CD - PA Speaker Wall - Uniformat Codes are Defined Correctly" Title="" IsChecked="True" Description="">
      <Check CheckName="LF-Assembly Code" IsModelCheck="False" Description="Checks for types with Empty or Wrong &quot;Assembly Code&quot; values" ShowList="False" FailureMessage="Type has Empty or Wrong &quot;Assembly Code&quot; value ! Modify Assembly Code value to become D5030100" FailureCondition="ReportElements" CheckType="Custom" IsRequired="True" IsChecked="True" IsInitialized="True">
        <Filter Operator="And" Category="Category" Property="OST_CommunicationDevices" Condition="Included" Value="True" Unit="None" UnitClass="None" FieldTitle="" UserDefined="False" Validation="None" />
        <Filter Operator="And" Category="Parameter" Property="ELEM_FAMILY_PARAM" Condition="Contains" Value="PAS_SPEAKER" Unit="None" UnitClass="None" FieldTitle="" UserDefined="False" Validation="None" />
        <Filter Operator="And" Category="TypeOrInstance" Property="Is Element Type" Condition="Equal" Value="False" Unit="None" UnitClass="None" FieldTitle="" UserDefined="False" Validation="None" />
        <Filter Operator="And" Category="Parameter" Property="Assembly Code" Condition="NotEqual" Value="D5030100" Unit="None" UnitClass="None" FieldTitle="" UserDefined="False" Validation="None" />
      </Check>
      <Check CheckName="LF-Keynote" IsModelCheck="False" Description="Checks for types with Empty or Wrong &quot;Keynote&quot; values" ShowList="False" FailureMessage="Type has Empty or Wrong &quot;Keynote&quot; value ! Modify Keynote Code value to become 27 51 17" FailureCondition="ReportElements" CheckType="Custom" IsRequired="True" IsChecked="True" IsInitialized="True">
        <Filter Operator="And" Category="Category" Property="OST_CommunicationDevices" Condition="Included" Value="True" Unit="None" UnitClass="None" FieldTitle="" UserDefined="False" Validation="None" />
        <Filter Operator="And" Category="Parameter" Property="ELEM_FAMILY_PARAM" Condition="Contains" Value="PAS_SPEAKER" Unit="None" UnitClass="None" FieldTitle="" UserDefined="False" Validation="None" />
        <Filter Operator="And" Category="TypeOrInstance" Property="Is Element Type" Condition="Equal" Value="False" Unit="None" UnitClass="None" FieldTitle="" UserDefined="False" Validation="None" />
        <Filter Operator="And" Category="Parameter" Property="Keynote" Condition="NotEqual" Value="27 51 17" Unit="None" UnitClass="None" FieldTitle="" UserDefined="False" Validation="None" />
      </Check>
    </Section>
    <Section SectionName="CD - PAS Rack - Uniformat Codes are Defined Correctly" Title="" IsChecked="True" Description="">
      <Check CheckName="LF-Assembly Code" IsModelCheck="False" Description="Checks for types with Empty or Wrong &quot;Assembly Code&quot; values" ShowList="False" FailureMessage="Type has Empty or Wrong &quot;Assembly Code&quot; value ! Modify Assembly Code value to become D5030100" FailureCondition="ReportElements" CheckType="Custom" IsRequired="True" IsChecked="True" IsInitialized="True">
        <Filter Operator="And" Category="Category" Property="OST_CommunicationDevices" Condition="Included" Value="True" Unit="None" UnitClass="None" FieldTitle="" UserDefined="False" Validation="None" />
        <Filter Operator="And" Category="Parameter" Property="ELEM_FAMILY_PARAM" Condition="Contains" Value="RAK-PAS-42U" Unit="None" UnitClass="None" FieldTitle="" UserDefined="False" Validation="None" />
        <Filter Operator="And" Category="TypeOrInstance" Property="Is Element Type" Condition="Equal" Value="False" Unit="None" UnitClass="None" FieldTitle="" UserDefined="False" Validation="None" />
        <Filter Operator="And" Category="Parameter" Property="Assembly Code" Condition="NotEqual" Value="D5030100" Unit="None" UnitClass="None" FieldTitle="" UserDefined="False" Validation="None" />
      </Check>
      <Check CheckName="LF-Keynote" IsModelCheck="False" Description="Checks for types with Empty or Wrong &quot;Keynote&quot; values" ShowList="False" FailureMessage="Type has Empty or Wrong &quot;Keynote&quot; value ! Modify Keynote Code value to become 27 51 17" FailureCondition="ReportElements" CheckType="Custom" IsRequired="True" IsChecked="True" IsInitialized="True">
        <Filter Operator="And" Category="Category" Property="OST_CommunicationDevices" Condition="Included" Value="True" Unit="None" UnitClass="None" FieldTitle="" UserDefined="False" Validation="None" />
        <Filter Operator="And" Category="Parameter" Property="ELEM_FAMILY_PARAM" Condition="Contains" Value="RAK-PAS-42U" Unit="None" UnitClass="None" FieldTitle="" UserDefined="False" Validation="None" />
        <Filter Operator="And" Category="TypeOrInstance" Property="Is Element Type" Condition="Equal" Value="False" Unit="None" UnitClass="None" FieldTitle="" UserDefined="False" Validation="None" />
        <Filter Operator="And" Category="Parameter" Property="Keynote" Condition="NotEqual" Value="27 51 17" Unit="None" UnitClass="None" FieldTitle="" UserDefined="False" Validation="None" />
      </Check>
    </Section>
    <Section SectionName="CD - Standards&amp;Naming Convention" Title="" IsChecked="True" Description="">
      <Check CheckName="CD are Compliant with Project Standards" IsModelCheck="False" Description="Checks for types if it is not a Project Standard" ShowList="False" FailureMessage="Type does not match Project Standards ! Define this type in Project Standard list or change it to one of Project Standards types." FailureCondition="ReportElements" CheckType="Custom" IsRequired="True" IsChecked="True" IsInitialized="True">
        <Filter Operator="And" Category="Category" Property="OST_CommunicationDevices" Condition="Included" Value="True" Unit="None" UnitClass="None" FieldTitle="" UserDefined="False" Validation="None" />
        <Filter Operator="And" Category="TypeOrInstance" Property="Is Element Type" Condition="Equal" Value="True" Unit="None" UnitClass="None" FieldTitle="" UserDefined="False" Validation="None" />
        <Filter Operator="And" Category="Parameter" Property="ALL_MODEL_FAMILY_NAME" Condition="DoesNotContain" Value="COM_Radio_Antenna_Ceiling" Unit="None" UnitClass="None" FieldTitle="" UserDefined="False" Validation="None" />
        <Filter Operator="And" Category="Parameter" Property="ALL_MODEL_FAMILY_NAME" Condition="DoesNotContain" Value="COM_Radio_Antenna_Wall" Unit="None" UnitClass="None" FieldTitle="" UserDefined="False" Validation="None" />
        <Filter Operator="And" Category="Parameter" Property="ALL_MODEL_FAMILY_NAME" Condition="DoesNotContain" Value="EI_WAP_CLNG" Unit="None" UnitClass="None" FieldTitle="" UserDefined="False" Validation="None" />
        <Filter Operator="And" Category="Parameter" Property="ALL_MODEL_FAMILY_NAME" Condition="DoesNotContain" Value="EI_WAP_Wall" Unit="None" UnitClass="None" FieldTitle="" UserDefined="False" Validation="None" />
        <Filter Operator="And" Category="Parameter" Property="ALL_MODEL_FAMILY_NAME" Condition="DoesNotContain" Value="EV_CMS_FPD" Unit="None" UnitClass="None" FieldTitle="" UserDefined="False" Validation="None" />
        <Filter Operator="And" Category="Parameter" Property="ALL_MODEL_FAMILY_NAME" Condition="DoesNotContain" Value="EV_Master Clock_Wall" Unit="None" UnitClass="None" FieldTitle="" UserDefined="False" Validation="None" />
        <Filter Operator="And" Category="Parameter" Property="ALL_MODEL_FAMILY_NAME" Condition="DoesNotContain" Value="PAS_SPEAKER" Unit="None" UnitClass="None" FieldTitle="" UserDefined="False" Validation="None" />
        <Filter Operator="And" Category="Parameter" Property="ALL_MODEL_FAMILY_NAME" Condition="DoesNotContain" Value="RAK-PAS-42U" Unit="None" UnitClass="None" FieldTitle="" UserDefined="False" Validation="None" />
      </Check>
    </Section>
  </Heading>
  <Heading HeadingText="Cable Trays" Description="">
    <Section SectionName="CT - Missing Uniformat Codes" Title="" IsChecked="True" Description="">
      <Check CheckName="Assembly Code" IsModelCheck="False" Description="Checks for types with empty &quot;Assembly&quot; values" ShowList="False" FailureMessage="Type has empty &quot;Assembly&quot; value" FailureCondition="ReportElements" CheckType="Custom" IsRequired="True" IsChecked="True" IsInitialized="True">
        <Filter Operator="And" Category="Category" Property="OST_CableTray" Condition="Included" Value="True" Unit="None" UnitClass="None" FieldTitle="" UserDefined="False" Validation="None" />
        <Filter Operator="And" Category="Parameter" Property="Assembly Code" Condition="HasValue" Value="False" Unit="None" UnitClass="None" FieldTitle="" UserDefined="False" Validation="None" />
        <Filter Operator="And" Category="TypeOrInstance" Property="Is Element Type" Condition="Equal" Value="True" Unit="None" UnitClass="None" FieldTitle="" UserDefined="False" Validation="None" />
      </Check>
      <Check CheckName="Keynote" IsModelCheck="False" Description="Checks for types with empty &quot;Keynote&quot; values" ShowList="False" FailureMessage="Type has empty &quot;Keynote&quot; value" FailureCondition="ReportElements" CheckType="Custom" IsRequired="True" IsChecked="True" IsInitialized="True">
        <Filter Operator="And" Category="Category" Property="OST_CableTray" Condition="Included" Value="True" Unit="None" UnitClass="None" FieldTitle="" UserDefined="False" Validation="None" />
        <Filter Operator="And" Category="Parameter" Property="Keynote" Condition="HasValue" Value="False" Unit="None" UnitClass="None" FieldTitle="" UserDefined="False" Validation="None" />
        <Filter Operator="And" Category="TypeOrInstance" Property="Is Element Type" Condition="Equal" Value="True" Unit="None" UnitClass="None" FieldTitle="" UserDefined="False" Validation="None" />
      </Check>
    </Section>
  </Heading>
</MCSettings>