﻿<?xml version="1.0" encoding="UTF-8" standalone="yes"?>
<MCSettings AllowRequired="True" Name="LC iLOD and Standards" Author="" Description="" Image="" LastModified="132336780103049845">
  <Heading ID="57b382d3-51d5-4b0c-8757-cb97bbb531ce" HeadingText="LC iLOD and Standards" Description="Checks individual elements based on family category. Check results are provided in a pass/fail format, in which a &quot;fail&quot; condition occurs from either a list of elements that meet the check criteria, or that no elements are found to meet the check criteria." IsChecked="True" />
  <Heading ID="d987c7bc-93b3-4e59-82e7-06b6efc53b30" HeadingText="Fire Alarm Devices" Description="" IsChecked="True">
    <Section ID="d90b8a2b-0735-4da1-83c2-51382c6d4822" SectionName="FAS  - Uniformat Codes are Defined Correctly" Title="" IsChecked="True" Description="">
      <Check ID="893547dc-413b-45e7-b2f1-591e47ce2108" CheckName="LF-Assembly Code" Description="Checks for types with Empty or Wrong &quot;Assembly Code&quot; values" FailureMessage="Type has Empty or Wrong &quot;Assembly Code&quot; value ! Modify Assembly Code value to become D5030700" ResultCondition="FailMatchingElements" CheckType="Custom" IsRequired="True" IsChecked="True">
        <Filter ID="e6443d7a-1d30-4adf-8df8-82f87601a153" Operator="And" Category="Category" Property="OST_FireAlarmDevices" Condition="Included" Value="True" CaseInsensitive="False" Unit="None" UnitClass="None" FieldTitle="" UserDefined="False" Validation="None" />
        <Filter ID="7677fdc1-5605-4011-80b2-b0ba9b7085a3" Operator="And" Category="Parameter" Property="ELEM_FAMILY_PARAM" Condition="Contains" Value="FAS_Detector_Above_Ceiling" CaseInsensitive="False" Unit="None" UnitClass="None" FieldTitle="" UserDefined="False" Validation="None" />
        <Filter ID="bda47dee-a09f-48da-b781-5be0161bbbbb" Operator="And" Category="TypeOrInstance" Property="Is Element Type" Condition="Equal" Value="False" CaseInsensitive="False" Unit="None" UnitClass="None" FieldTitle="" UserDefined="False" Validation="None" />
        <Filter ID="c53c0039-4ae6-4eaa-8282-e3b2416aa942" Operator="And" Category="Parameter" Property="Assembly Code" Condition="NotEqual" Value="D5030700" CaseInsensitive="False" Unit="None" UnitClass="None" FieldTitle="" UserDefined="False" Validation="None" />
        <Filter ID="92b9e50b-b232-41e5-85b6-66dd8deab9bf" Operator="Or" Category="Category" Property="OST_FireAlarmDevices" Condition="Included" Value="True" CaseInsensitive="False" Unit="None" UnitClass="None" FieldTitle="" UserDefined="False" Validation="None" />
        <Filter ID="c5a2f1c2-c462-46b0-9905-da6b7a4ac6b3" Operator="And" Category="Parameter" Property="ELEM_FAMILY_PARAM" Condition="Equal" Value="FAS_Detector_Ceiling" CaseInsensitive="False" Unit="None" UnitClass="None" FieldTitle="" UserDefined="False" Validation="None" />
        <Filter ID="5af79ade-2c49-4480-b71d-f03ed40e417d" Operator="And" Category="TypeOrInstance" Property="Is Element Type" Condition="Equal" Value="False" CaseInsensitive="False" Unit="None" UnitClass="None" FieldTitle="" UserDefined="False" Validation="None" />
        <Filter ID="05217577-bc1d-418e-801e-c3a9a70b799a" Operator="And" Category="Parameter" Property="Assembly Code" Condition="NotEqual" Value="D5030700" CaseInsensitive="False" Unit="None" UnitClass="None" FieldTitle="" UserDefined="False" Validation="None" />
        <Filter ID="b4e2d299-d33a-4c05-b6e3-9d7b80cc734d" Operator="Or" Category="Category" Property="OST_FireAlarmDevices" Condition="Included" Value="True" CaseInsensitive="False" Unit="None" UnitClass="None" FieldTitle="" UserDefined="False" Validation="None" />
        <Filter ID="8ab66446-9740-4d85-9acb-9fac5a4d5c47" Operator="And" Category="Parameter" Property="ELEM_FAMILY_PARAM" Condition="Equal" Value="FAS_Indicator_Remote_CEILING" CaseInsensitive="False" Unit="None" UnitClass="None" FieldTitle="" UserDefined="False" Validation="None" />
        <Filter ID="6046dd7b-2409-4b8d-b960-f3f36347f9fd" Operator="And" Category="TypeOrInstance" Property="Is Element Type" Condition="Equal" Value="False" CaseInsensitive="False" Unit="None" UnitClass="None" FieldTitle="" UserDefined="False" Validation="None" />
        <Filter ID="84a8789e-4c85-47eb-a4e3-1ab4921fa8f4" Operator="And" Category="Parameter" Property="Assembly Code" Condition="NotEqual" Value="D5030700" CaseInsensitive="False" Unit="None" UnitClass="None" FieldTitle="" UserDefined="False" Validation="None" />
        <Filter ID="f5684b10-2a0c-444e-bb65-8af149382c51" Operator="Or" Category="Category" Property="OST_FireAlarmDevices" Condition="Included" Value="True" CaseInsensitive="False" Unit="None" UnitClass="None" FieldTitle="" UserDefined="False" Validation="None" />
        <Filter ID="d93517a9-62f2-4e0f-9876-a5efdc55e892" Operator="And" Category="Parameter" Property="ELEM_FAMILY_PARAM" Condition="Equal" Value="FAS_Manual_Station_Wall" CaseInsensitive="False" Unit="None" UnitClass="None" FieldTitle="" UserDefined="False" Validation="None" />
        <Filter ID="129ba402-0e02-4188-8c14-e4625e1e7c82" Operator="And" Category="TypeOrInstance" Property="Is Element Type" Condition="Equal" Value="False" CaseInsensitive="False" Unit="None" UnitClass="None" FieldTitle="" UserDefined="False" Validation="None" />
        <Filter ID="f79f20b7-18e8-4b12-9b3f-0746b1308e7c" Operator="And" Category="Parameter" Property="Assembly Code" Condition="NotEqual" Value="D5030700" CaseInsensitive="False" Unit="None" UnitClass="None" FieldTitle="" UserDefined="False" Validation="None" />
        <Filter ID="8af4892b-907c-4210-8f89-33584c0cd9dd" Operator="Or" Category="Category" Property="OST_FireAlarmDevices" Condition="Included" Value="True" CaseInsensitive="False" Unit="None" UnitClass="None" FieldTitle="" UserDefined="False" Validation="None" />
        <Filter ID="9d53c750-a309-418f-a276-df9483b49655" Operator="And" Category="Parameter" Property="ELEM_FAMILY_PARAM" Condition="Equal" Value="FAS_Strobe_Light_Ceiling" CaseInsensitive="False" Unit="None" UnitClass="None" FieldTitle="" UserDefined="False" Validation="None" />
        <Filter ID="6d9253c1-1579-46ec-a6d8-9e29a578e73d" Operator="And" Category="TypeOrInstance" Property="Is Element Type" Condition="Equal" Value="False" CaseInsensitive="False" Unit="None" UnitClass="None" FieldTitle="" UserDefined="False" Validation="None" />
        <Filter ID="0ebe17b6-1048-49f2-9310-fc6e6b48118d" Operator="And" Category="Parameter" Property="Assembly Code" Condition="NotEqual" Value="D5030700" CaseInsensitive="False" Unit="None" UnitClass="None" FieldTitle="" UserDefined="False" Validation="None" />
        <Filter ID="3db72f9c-3428-487d-a8a4-10caf30ff296" Operator="Or" Category="Category" Property="OST_FireAlarmDevices" Condition="Included" Value="True" CaseInsensitive="False" Unit="None" UnitClass="None" FieldTitle="" UserDefined="False" Validation="None" />
        <Filter ID="9ead5d7e-8bb5-40ed-9727-401a75d24a44" Operator="And" Category="Parameter" Property="ELEM_FAMILY_PARAM" Condition="Equal" Value="FAS_Telephone_Outlet_Wall" CaseInsensitive="False" Unit="None" UnitClass="None" FieldTitle="" UserDefined="False" Validation="None" />
        <Filter ID="d72e387b-60f2-4596-a590-34035d1f8966" Operator="And" Category="TypeOrInstance" Property="Is Element Type" Condition="Equal" Value="False" CaseInsensitive="False" Unit="None" UnitClass="None" FieldTitle="" UserDefined="False" Validation="None" />
        <Filter ID="c2a9b9a3-c770-43a8-9047-8266d1cb3b76" Operator="And" Category="Parameter" Property="Assembly Code" Condition="NotEqual" Value="D5030700" CaseInsensitive="False" Unit="None" UnitClass="None" FieldTitle="" UserDefined="False" Validation="None" />
        <Filter ID="7f01cd0c-8dcb-4d68-bad7-2ccb4c77456f" Operator="Or" Category="Category" Property="OST_FireAlarmDevices" Condition="Included" Value="True" CaseInsensitive="False" Unit="None" UnitClass="None" FieldTitle="" UserDefined="False" Validation="None" />
        <Filter ID="85cdb4ad-3cb3-408a-8502-f32e69c9f0f2" Operator="And" Category="Parameter" Property="ELEM_FAMILY_PARAM" Condition="Equal" Value="FAS_Detector_Beam_Wall" CaseInsensitive="False" Unit="None" UnitClass="None" FieldTitle="" UserDefined="False" Validation="None" />
        <Filter ID="7070f394-cc97-482b-bd2a-6ab3904b817a" Operator="And" Category="TypeOrInstance" Property="Is Element Type" Condition="Equal" Value="False" CaseInsensitive="False" Unit="None" UnitClass="None" FieldTitle="" UserDefined="False" Validation="None" />
        <Filter ID="1672d5e6-726a-4c7a-b3ed-e585cc3dde60" Operator="And" Category="Parameter" Property="Assembly Code" Condition="NotEqual" Value="D5030700" CaseInsensitive="False" Unit="None" UnitClass="None" FieldTitle="" UserDefined="False" Validation="None" />
        <Filter ID="e2fa4159-15d6-4d8a-b804-73039126e3d6" Operator="Or" Category="Category" Property="OST_FireAlarmDevices" Condition="Included" Value="True" CaseInsensitive="False" Unit="None" UnitClass="None" FieldTitle="" UserDefined="False" Validation="None" />
        <Filter ID="3e36fbd8-14ef-4cba-aca9-e74f679da4b8" Operator="And" Category="Parameter" Property="ELEM_FAMILY_PARAM" Condition="Equal" Value="FAS_Strobe_Light_Wall_" CaseInsensitive="False" Unit="None" UnitClass="None" FieldTitle="" UserDefined="False" Validation="None" />
        <Filter ID="ca17669a-232b-47cd-a364-f0fcf76f1e7b" Operator="And" Category="TypeOrInstance" Property="Is Element Type" Condition="Equal" Value="False" CaseInsensitive="False" Unit="None" UnitClass="None" FieldTitle="" UserDefined="False" Validation="None" />
        <Filter ID="6848a93e-ee70-4d6f-b08f-0d60392db3cd" Operator="And" Category="Parameter" Property="Assembly Code" Condition="NotEqual" Value="D5030700" CaseInsensitive="False" Unit="None" UnitClass="None" FieldTitle="" UserDefined="False" Validation="None" />
      </Check>
      <Check ID="5a25cc21-2b66-4248-ad24-1baef393fa69" CheckName="LF-Keynote" Description="Checks for types with Empty or Wrong &quot;Keynote&quot; values" FailureMessage="Type has Empty or Wrong &quot;Keynote&quot; value ! Modify Keynote Code value to become 28 31 11" ResultCondition="FailMatchingElements" CheckType="Custom" IsRequired="True" IsChecked="True">
        <Filter ID="f5581928-e6d1-415f-9324-36f1a5f8cf5c" Operator="And" Category="Category" Property="OST_FireAlarmDevices" Condition="Included" Value="True" CaseInsensitive="False" Unit="None" UnitClass="None" FieldTitle="" UserDefined="False" Validation="None" />
        <Filter ID="b472abf9-0bde-4afa-bcf7-f710778a9b87" Operator="And" Category="Parameter" Property="ELEM_FAMILY_PARAM" Condition="Contains" Value="FAS_Detector_Above_Ceiling" CaseInsensitive="False" Unit="None" UnitClass="None" FieldTitle="" UserDefined="False" Validation="None" />
        <Filter ID="d39e0102-a577-4c29-8e61-139b1086d401" Operator="And" Category="TypeOrInstance" Property="Is Element Type" Condition="Equal" Value="False" CaseInsensitive="False" Unit="None" UnitClass="None" FieldTitle="" UserDefined="False" Validation="None" />
        <Filter ID="01900532-ff34-47f8-9aaf-83691ac34de5" Operator="And" Category="Parameter" Property="Keynote" Condition="NotEqual" Value="28 31 11" CaseInsensitive="False" Unit="None" UnitClass="None" FieldTitle="" UserDefined="False" Validation="None" />
        <Filter ID="c201a112-5a0f-4f32-9377-439eac6fd98a" Operator="Or" Category="Category" Property="OST_FireAlarmDevices" Condition="Included" Value="True" CaseInsensitive="False" Unit="None" UnitClass="None" FieldTitle="" UserDefined="False" Validation="None" />
        <Filter ID="777f3118-7863-4aaf-b8ac-904857b614d1" Operator="And" Category="Parameter" Property="ELEM_FAMILY_PARAM" Condition="Equal" Value="FAS_Detector_Ceiling" CaseInsensitive="False" Unit="None" UnitClass="None" FieldTitle="" UserDefined="False" Validation="None" />
        <Filter ID="4d95936e-f463-4628-b3dc-d5ea1620c89f" Operator="And" Category="TypeOrInstance" Property="Is Element Type" Condition="Equal" Value="False" CaseInsensitive="False" Unit="None" UnitClass="None" FieldTitle="" UserDefined="False" Validation="None" />
        <Filter ID="34614a92-c54f-4990-a762-ccfd5f8e69d8" Operator="And" Category="Parameter" Property="Keynote" Condition="NotEqual" Value="28 31 11" CaseInsensitive="False" Unit="None" UnitClass="None" FieldTitle="" UserDefined="False" Validation="None" />
        <Filter ID="3942c1d5-ad41-4c82-8bc5-bdd6383bcc6d" Operator="Or" Category="Category" Property="OST_FireAlarmDevices" Condition="Included" Value="True" CaseInsensitive="False" Unit="None" UnitClass="None" FieldTitle="" UserDefined="False" Validation="None" />
        <Filter ID="7853bbab-6043-4ec2-b055-28cb6e55e613" Operator="And" Category="Parameter" Property="ELEM_FAMILY_PARAM" Condition="Equal" Value="FAS_Indicator_Remote_CEILING" CaseInsensitive="False" Unit="None" UnitClass="None" FieldTitle="" UserDefined="False" Validation="None" />
        <Filter ID="b3ce1095-53bc-49cf-a14a-14e575d5c082" Operator="And" Category="TypeOrInstance" Property="Is Element Type" Condition="Equal" Value="False" CaseInsensitive="False" Unit="None" UnitClass="None" FieldTitle="" UserDefined="False" Validation="None" />
        <Filter ID="879a04a0-d2d8-43aa-a240-e7469da8f522" Operator="And" Category="Parameter" Property="Keynote" Condition="NotEqual" Value="28 31 11" CaseInsensitive="False" Unit="None" UnitClass="None" FieldTitle="" UserDefined="False" Validation="None" />
        <Filter ID="bdf663fc-29c4-4f86-a241-e4f3d13edb0b" Operator="Or" Category="Category" Property="OST_FireAlarmDevices" Condition="Included" Value="True" CaseInsensitive="False" Unit="None" UnitClass="None" FieldTitle="" UserDefined="False" Validation="None" />
        <Filter ID="56825aea-42cb-42a6-8025-cf208f699197" Operator="And" Category="Parameter" Property="ELEM_FAMILY_PARAM" Condition="Equal" Value="FAS_Manual_Station_Wall" CaseInsensitive="False" Unit="None" UnitClass="None" FieldTitle="" UserDefined="False" Validation="None" />
        <Filter ID="15e26b47-b5a7-4567-aa80-ceacdf68c6c1" Operator="And" Category="TypeOrInstance" Property="Is Element Type" Condition="Equal" Value="False" CaseInsensitive="False" Unit="None" UnitClass="None" FieldTitle="" UserDefined="False" Validation="None" />
        <Filter ID="ab88663a-1aa9-4dc5-aee9-7f6d5c24a78c" Operator="And" Category="Parameter" Property="Keynote" Condition="NotEqual" Value="28 31 11" CaseInsensitive="False" Unit="None" UnitClass="None" FieldTitle="" UserDefined="False" Validation="None" />
        <Filter ID="ccfe08be-207b-4a4b-95cf-2f9329bcc2f4" Operator="Or" Category="Category" Property="OST_FireAlarmDevices" Condition="Included" Value="True" CaseInsensitive="False" Unit="None" UnitClass="None" FieldTitle="" UserDefined="False" Validation="None" />
        <Filter ID="e3e266b7-4e39-4821-89f8-fad70fa119ec" Operator="And" Category="Parameter" Property="ELEM_FAMILY_PARAM" Condition="Equal" Value="FAS_Strobe_Light_Ceiling" CaseInsensitive="False" Unit="None" UnitClass="None" FieldTitle="" UserDefined="False" Validation="None" />
        <Filter ID="0279e30c-e78d-42d1-8a7f-0ee0147b8528" Operator="And" Category="TypeOrInstance" Property="Is Element Type" Condition="Equal" Value="False" CaseInsensitive="False" Unit="None" UnitClass="None" FieldTitle="" UserDefined="False" Validation="None" />
        <Filter ID="7986a2f3-dbdf-4a7c-9af8-ed974bf09315" Operator="And" Category="Parameter" Property="Keynote" Condition="NotEqual" Value="28 31 11" CaseInsensitive="False" Unit="None" UnitClass="None" FieldTitle="" UserDefined="False" Validation="None" />
        <Filter ID="6a470e2c-7307-43a3-898a-165b0e5d6ec4" Operator="Or" Category="Category" Property="OST_FireAlarmDevices" Condition="Included" Value="True" CaseInsensitive="False" Unit="None" UnitClass="None" FieldTitle="" UserDefined="False" Validation="None" />
        <Filter ID="085bf46b-388f-45a6-a072-9f504d6ab795" Operator="And" Category="Parameter" Property="ELEM_FAMILY_PARAM" Condition="Equal" Value="FAS_Telephone_Outlet_Wall" CaseInsensitive="False" Unit="None" UnitClass="None" FieldTitle="" UserDefined="False" Validation="None" />
        <Filter ID="35bdf48a-f1e3-4299-899d-d707f5eb2e87" Operator="And" Category="TypeOrInstance" Property="Is Element Type" Condition="Equal" Value="False" CaseInsensitive="False" Unit="None" UnitClass="None" FieldTitle="" UserDefined="False" Validation="None" />
        <Filter ID="06c674f3-4b57-4b27-b57e-fb050c462af9" Operator="And" Category="Parameter" Property="Keynote" Condition="NotEqual" Value="28 31 11" CaseInsensitive="False" Unit="None" UnitClass="None" FieldTitle="" UserDefined="False" Validation="None" />
        <Filter ID="fbf87048-6b44-41ff-bf14-6f7a40405930" Operator="Or" Category="Category" Property="OST_FireAlarmDevices" Condition="Included" Value="True" CaseInsensitive="False" Unit="None" UnitClass="None" FieldTitle="" UserDefined="False" Validation="None" />
        <Filter ID="91cc4372-0b8b-4b36-8fa8-46a2c89691da" Operator="And" Category="Parameter" Property="ELEM_FAMILY_PARAM" Condition="Equal" Value="FAS_Detector_Beam_Wall" CaseInsensitive="False" Unit="None" UnitClass="None" FieldTitle="" UserDefined="False" Validation="None" />
        <Filter ID="fc057721-ff16-453d-9ae3-116ef8281a30" Operator="And" Category="TypeOrInstance" Property="Is Element Type" Condition="Equal" Value="False" CaseInsensitive="False" Unit="None" UnitClass="None" FieldTitle="" UserDefined="False" Validation="None" />
        <Filter ID="a8df3a0c-91f8-4395-b9b6-db29e621a7a6" Operator="And" Category="Parameter" Property="Keynote" Condition="NotEqual" Value="28 31 11" CaseInsensitive="False" Unit="None" UnitClass="None" FieldTitle="" UserDefined="False" Validation="None" />
        <Filter ID="1c64c852-b39f-4be3-9810-5b7eaab380ce" Operator="And" Category="Category" Property="OST_FireAlarmDevices" Condition="Included" Value="True" CaseInsensitive="False" Unit="None" UnitClass="None" FieldTitle="" UserDefined="False" Validation="None" />
        <Filter ID="ee137acf-3dc3-46bb-b66f-597bbb489d49" Operator="And" Category="Parameter" Property="ELEM_FAMILY_PARAM" Condition="Equal" Value="FAS_Strobe_Light_Wall_" CaseInsensitive="False" Unit="None" UnitClass="None" FieldTitle="" UserDefined="False" Validation="None" />
        <Filter ID="1a31ceac-09e6-4f7a-aa02-e8d265efc7d3" Operator="And" Category="TypeOrInstance" Property="Is Element Type" Condition="Equal" Value="False" CaseInsensitive="False" Unit="None" UnitClass="None" FieldTitle="" UserDefined="False" Validation="None" />
        <Filter ID="1cf06e6a-7a5d-4a50-bcfc-2f65d310ff3f" Operator="And" Category="Parameter" Property="Keynote" Condition="NotEqual" Value="28 31 11" CaseInsensitive="False" Unit="None" UnitClass="None" FieldTitle="" UserDefined="False" Validation="None" />
      </Check>
    </Section>
    <Section ID="6cbb3f4f-24c6-42f7-aa0f-fdedcf1dbac7" SectionName="FAS - Standards&amp;Naming Convention" Title="" IsChecked="True" Description="">
      <Check ID="b2703f45-03c3-477a-a515-09c2c321b64f" CheckName="FAS are Compliant with Project Standards" Description="Checks for types if it is not a Project Standard" FailureMessage="Type does not match Project Standards ! Define this type in Project Standard list or change it to one of Project Standards types." ResultCondition="FailMatchingElements" CheckType="Custom" IsRequired="True" IsChecked="True">
        <Filter ID="f8b181cc-5a16-421a-99bd-10394524dbd7" Operator="And" Category="Category" Property="OST_FireAlarmDevices" Condition="Included" Value="True" CaseInsensitive="False" Unit="None" UnitClass="None" FieldTitle="" UserDefined="False" Validation="None" />
        <Filter ID="160ee886-a1da-4179-bdc7-83df807091ba" Operator="And" Category="TypeOrInstance" Property="Is Element Type" Condition="Equal" Value="True" CaseInsensitive="False" Unit="None" UnitClass="None" FieldTitle="" UserDefined="False" Validation="None" />
        <Filter ID="ae49cc7d-5b36-4628-9aa4-6f18683afaf4" Operator="And" Category="Parameter" Property="ALL_MODEL_FAMILY_NAME" Condition="DoesNotContain" Value="FAS_Bell_Alarm_Wall_Dar" CaseInsensitive="False" Unit="None" UnitClass="None" FieldTitle="" UserDefined="False" Validation="None" />
        <Filter ID="5eced3dd-158e-4337-964d-3b33329d5b8d" Operator="And" Category="Parameter" Property="ALL_MODEL_FAMILY_NAME" Condition="DoesNotContain" Value="FAS_Bell_Alarm_With_Strobe_Light_Wall_Dar" CaseInsensitive="False" Unit="None" UnitClass="None" FieldTitle="" UserDefined="False" Validation="None" />
        <Filter ID="07fb8099-7d4b-45b0-a6a5-1fd6c1eb5c8b" Operator="And" Category="Parameter" Property="ALL_MODEL_FAMILY_NAME" Condition="DoesNotContain" Value="FAS_Detector_Above_Ceiling_Dar" CaseInsensitive="False" Unit="None" UnitClass="None" FieldTitle="" UserDefined="False" Validation="None" />
        <Filter ID="163251bc-b8c4-4723-b55a-197fd120ad50" Operator="And" Category="Parameter" Property="ALL_MODEL_FAMILY_NAME" Condition="DoesNotContain" Value="FAS_Detector_Beam_Wall_Dar" CaseInsensitive="False" Unit="None" UnitClass="None" FieldTitle="" UserDefined="False" Validation="None" />
        <Filter ID="924b1cb8-20ee-45d4-9a58-a2eb375efc48" Operator="And" Category="Parameter" Property="ALL_MODEL_FAMILY_NAME" Condition="DoesNotContain" Value="FAS_Detector_Ceiling_Dar" CaseInsensitive="False" Unit="None" UnitClass="None" FieldTitle="" UserDefined="False" Validation="None" />
        <Filter ID="ff1c5685-2562-4d36-986d-00d383f6e35a" Operator="And" Category="Parameter" Property="ALL_MODEL_FAMILY_NAME" Condition="DoesNotContain" Value="FAS_Detector_Floor_Dar" CaseInsensitive="False" Unit="None" UnitClass="None" FieldTitle="" UserDefined="False" Validation="None" />
        <Filter ID="ca6fde7b-9b7e-40af-901e-98b2d460270f" Operator="And" Category="Parameter" Property="ALL_MODEL_FAMILY_NAME" Condition="DoesNotContain" Value="FAS_Detector_Wall_Dar" CaseInsensitive="False" Unit="None" UnitClass="None" FieldTitle="" UserDefined="False" Validation="None" />
        <Filter ID="b60f83b1-34e6-49a9-878f-5097f1526120" Operator="And" Category="Parameter" Property="ALL_MODEL_FAMILY_NAME" Condition="DoesNotContain" Value="FAS_Door_Holder_Wall_Dar" CaseInsensitive="False" Unit="None" UnitClass="None" FieldTitle="" UserDefined="False" Validation="None" />
        <Filter ID="ffafc188-4a9d-450d-a22f-98b38d91906c" Operator="And" Category="Parameter" Property="ALL_MODEL_FAMILY_NAME" Condition="DoesNotContain" Value="FAS_Horn_Wall_Dar" CaseInsensitive="False" Unit="None" UnitClass="None" FieldTitle="" UserDefined="False" Validation="None" />
        <Filter ID="26f04da6-27bf-4e3f-bddd-67ffb4cef283" Operator="And" Category="Parameter" Property="ALL_MODEL_FAMILY_NAME" Condition="DoesNotContain" Value="FAS_Horn_With_Strobe_Light_Wall_Dar" CaseInsensitive="False" Unit="None" UnitClass="None" FieldTitle="" UserDefined="False" Validation="None" />
        <Filter ID="2dd2e72f-1158-496a-8e2b-b3fb4af5a100" Operator="And" Category="Parameter" Property="ALL_MODEL_FAMILY_NAME" Condition="DoesNotContain" Value="FAS_Indicator_Remote_Wall_Dar" CaseInsensitive="False" Unit="None" UnitClass="None" FieldTitle="" UserDefined="False" Validation="None" />
        <Filter ID="aec44a80-736a-44e1-ae30-5dea84320ec4" Operator="And" Category="Parameter" Property="ALL_MODEL_FAMILY_NAME" Condition="DoesNotContain" Value="FAS_Indicator_Remote_CEILING_Dar" CaseInsensitive="False" Unit="None" UnitClass="None" FieldTitle="" UserDefined="False" Validation="None" />
        <Filter ID="4d177378-7fd7-4cbc-80ee-ef4eb7d582ef" Operator="And" Category="Parameter" Property="ALL_MODEL_FAMILY_NAME" Condition="DoesNotContain" Value="FAS_Manual_Station_Wall_Dar" CaseInsensitive="False" Unit="None" UnitClass="None" FieldTitle="" UserDefined="False" Validation="None" />
        <Filter ID="1ed37e0f-d9e2-4986-b47e-a29c8329c1be" Operator="And" Category="Parameter" Property="ALL_MODEL_FAMILY_NAME" Condition="DoesNotContain" Value="FAS_Speaker_Ceiling_Dar" CaseInsensitive="False" Unit="None" UnitClass="None" FieldTitle="" UserDefined="False" Validation="None" />
        <Filter ID="ccb06d0e-4b80-43f5-8f28-4bacdab574f6" Operator="And" Category="Parameter" Property="ALL_MODEL_FAMILY_NAME" Condition="DoesNotContain" Value="FAS_Panel_Wall_Dar" CaseInsensitive="False" Unit="None" UnitClass="None" FieldTitle="" UserDefined="False" Validation="None" />
        <Filter ID="8090893e-44d2-41ef-b4d5-528ed798b085" Operator="And" Category="Parameter" Property="ALL_MODEL_FAMILY_NAME" Condition="DoesNotContain" Value="FAS_Speaker_Ceiling_Dar" CaseInsensitive="False" Unit="None" UnitClass="None" FieldTitle="" UserDefined="False" Validation="None" />
        <Filter ID="5e665d48-9f61-4784-871e-26dab45bbc08" Operator="And" Category="Parameter" Property="ALL_MODEL_FAMILY_NAME" Condition="DoesNotContain" Value="FAS_Speaker_Wall_Dar" CaseInsensitive="False" Unit="None" UnitClass="None" FieldTitle="" UserDefined="False" Validation="None" />
        <Filter ID="527d09ba-d8c2-4f74-b552-1f666f8a22a3" Operator="And" Category="Parameter" Property="ALL_MODEL_FAMILY_NAME" Condition="DoesNotContain" Value="FAS_Speaker_With_Strobe_Light_Ceiling_Dar" CaseInsensitive="False" Unit="None" UnitClass="None" FieldTitle="" UserDefined="False" Validation="None" />
        <Filter ID="628b5a4e-2c92-4782-a5c0-b85b2f17d5f5" Operator="And" Category="Parameter" Property="ALL_MODEL_FAMILY_NAME" Condition="DoesNotContain" Value="FAS_Speaker_With_Strobe_Light_Wall_Dar" CaseInsensitive="False" Unit="None" UnitClass="None" FieldTitle="" UserDefined="False" Validation="None" />
        <Filter ID="694d95d6-85a9-4201-9a8f-5b7bbe366225" Operator="And" Category="Parameter" Property="ALL_MODEL_FAMILY_NAME" Condition="DoesNotContain" Value="FAS_Strobe_Light_Ceiling_Dar" CaseInsensitive="False" Unit="None" UnitClass="None" FieldTitle="" UserDefined="False" Validation="None" />
        <Filter ID="f55d14b1-6eb5-40b4-92b9-1611f66dd3ac" Operator="And" Category="Parameter" Property="ALL_MODEL_FAMILY_NAME" Condition="DoesNotContain" Value="FAS_Strobe_Light_Wall_Dar" CaseInsensitive="False" Unit="None" UnitClass="None" FieldTitle="" UserDefined="False" Validation="None" />
        <Filter ID="81406c8e-e6fc-489c-a380-e3b0e471f501" Operator="And" Category="Parameter" Property="ALL_MODEL_FAMILY_NAME" Condition="DoesNotContain" Value="FAS_Telephone_Outlet_Wall" CaseInsensitive="False" Unit="None" UnitClass="None" FieldTitle="" UserDefined="False" Validation="None" />
      </Check>
    </Section>
  </Heading>
  <Heading ID="d959e8fa-1a39-4b3b-b031-95451111e728" HeadingText="Security Devices" Description="" IsChecked="True">
    <Section ID="4ba1f3d4-606e-48fc-a0b0-653e87c9096e" SectionName="SC - Access Control Wall - Uniformat Codes are Defined Correctly" Title="" IsChecked="True" Description="">
      <Check ID="0d7ae7ac-d4af-4487-9db4-8f1d521afcf8" CheckName="LF-Assembly Code" Description="Checks for types with Empty or Wrong &quot;Assembly Code&quot; values" FailureMessage="Type has Empty or Wrong &quot;Assembly Code&quot; value ! Modify Assembly Code value to become D5030701" ResultCondition="FailMatchingElements" CheckType="Custom" IsRequired="True" IsChecked="True">
        <Filter ID="d5325c4c-9e96-48ac-9747-02304d399707" Operator="And" Category="Category" Property="OST_SecurityDevices" Condition="Included" Value="True" CaseInsensitive="False" Unit="None" UnitClass="None" FieldTitle="" UserDefined="False" Validation="None" />
        <Filter ID="4420c6e8-f651-46a1-8b3f-5434bca99909" Operator="And" Category="Parameter" Property="ELEM_FAMILY_PARAM" Condition="Contains" Value="ES_ACS_Door_Wall" CaseInsensitive="False" Unit="None" UnitClass="None" FieldTitle="" UserDefined="False" Validation="None" />
        <Filter ID="4d2aec8e-4ecb-47fe-b3ee-37d00bdbf47f" Operator="And" Category="TypeOrInstance" Property="Is Element Type" Condition="Equal" Value="False" CaseInsensitive="False" Unit="None" UnitClass="None" FieldTitle="" UserDefined="False" Validation="None" />
        <Filter ID="90d81cbc-dd8d-49b1-92de-efb0ce75d485" Operator="And" Category="Parameter" Property="Assembly Code" Condition="NotEqual" Value="D5030701" CaseInsensitive="False" Unit="None" UnitClass="None" FieldTitle="" UserDefined="False" Validation="None" />
      </Check>
      <Check ID="3504d653-69ea-4a37-a6e3-4ea70506ae57" CheckName="LF-Keynote" Description="Checks for types with Empty or Wrong &quot;Keynote&quot; values" FailureMessage="Type has Empty or Wrong &quot;Keynote&quot; value ! Modify Keynote Code value to become 28 13 00" ResultCondition="FailMatchingElements" CheckType="Custom" IsRequired="True" IsChecked="True">
        <Filter ID="76586433-d756-4005-a544-e21a919cf8e6" Operator="And" Category="Category" Property="OST_SecurityDevices" Condition="Included" Value="True" CaseInsensitive="False" Unit="None" UnitClass="None" FieldTitle="" UserDefined="False" Validation="None" />
        <Filter ID="25885147-f1a0-4ed7-bc7f-f560efb45f37" Operator="And" Category="Parameter" Property="ELEM_FAMILY_PARAM" Condition="Contains" Value="ES_ACS_Door_Wall" CaseInsensitive="False" Unit="None" UnitClass="None" FieldTitle="" UserDefined="False" Validation="None" />
        <Filter ID="e7c06520-e919-4d43-9d07-024573a7ca56" Operator="And" Category="TypeOrInstance" Property="Is Element Type" Condition="Equal" Value="False" CaseInsensitive="False" Unit="None" UnitClass="None" FieldTitle="" UserDefined="False" Validation="None" />
        <Filter ID="32a9260a-dca9-4c37-bb0e-313affbccf93" Operator="And" Category="Parameter" Property="Keynote" Condition="NotEqual" Value="28 13 00" CaseInsensitive="False" Unit="None" UnitClass="None" FieldTitle="" UserDefined="False" Validation="None" />
      </Check>
    </Section>
    <Section ID="925500f1-6942-49b1-9885-c94514e73216" SectionName="SC - Camera Fixed/Controllable Ceiling/Wall - Uniformat Codes are Defined Correctly" Title="" IsChecked="True" Description="">
      <Check ID="f906be51-6e2d-4062-b31a-a088b92c983e" CheckName="LF-Assembly Code" Description="Checks for types with Empty or Wrong &quot;Assembly Code&quot; values" FailureMessage="Type has Empty or Wrong &quot;Assembly Code&quot; value ! Modify Assembly Code value to become D5030860" ResultCondition="FailMatchingElements" CheckType="Custom" IsRequired="True" IsChecked="True">
        <Filter ID="ad55f2a8-f344-411e-9b09-e1a33421bd27" Operator="And" Category="Category" Property="OST_SecurityDevices" Condition="Included" Value="True" CaseInsensitive="False" Unit="None" UnitClass="None" FieldTitle="" UserDefined="False" Validation="None" />
        <Filter ID="ec5cdd0d-1830-4c7b-baa5-ace040812f5e" Operator="And" Category="Parameter" Property="ELEM_FAMILY_PARAM" Condition="Contains" Value="ES_Camera_Flush_CLNG" CaseInsensitive="False" Unit="None" UnitClass="None" FieldTitle="" UserDefined="False" Validation="None" />
        <Filter ID="fbbccc14-a971-4014-8768-603758b2c509" Operator="And" Category="TypeOrInstance" Property="Is Element Type" Condition="Equal" Value="False" CaseInsensitive="False" Unit="None" UnitClass="None" FieldTitle="" UserDefined="False" Validation="None" />
        <Filter ID="f3e945c8-8230-40b6-972f-f03cf813775b" Operator="And" Category="Parameter" Property="Assembly Code" Condition="NotEqual" Value="D5030860" CaseInsensitive="False" Unit="None" UnitClass="None" FieldTitle="" UserDefined="False" Validation="None" />
        <Filter ID="3b3c44e8-744b-4c74-b267-fa5615253633" Operator="Or" Category="Category" Property="OST_SecurityDevices" Condition="Included" Value="True" CaseInsensitive="False" Unit="None" UnitClass="None" FieldTitle="" UserDefined="False" Validation="None" />
        <Filter ID="5d9d5e34-9617-4f36-ae82-e1ec80089e10" Operator="And" Category="Parameter" Property="ELEM_FAMILY_PARAM" Condition="Contains" Value="ES_Camera_Flush_NotHosted_CLNG" CaseInsensitive="False" Unit="None" UnitClass="None" FieldTitle="" UserDefined="False" Validation="None" />
        <Filter ID="94a8dd8d-4f0f-4345-ba57-6818b7333438" Operator="And" Category="TypeOrInstance" Property="Is Element Type" Condition="Equal" Value="False" CaseInsensitive="False" Unit="None" UnitClass="None" FieldTitle="" UserDefined="False" Validation="None" />
        <Filter ID="65a28a33-202e-41a0-8188-a1ea758841a5" Operator="And" Category="Parameter" Property="Assembly Code" Condition="NotEqual" Value="D5030860" CaseInsensitive="False" Unit="None" UnitClass="None" FieldTitle="" UserDefined="False" Validation="None" />
        <Filter ID="d90dfd35-8ee0-46f5-9643-eb32b0c6dfe7" Operator="Or" Category="Category" Property="OST_SecurityDevices" Condition="Included" Value="True" CaseInsensitive="False" Unit="None" UnitClass="None" FieldTitle="" UserDefined="False" Validation="None" />
        <Filter ID="37dbb927-5f69-498f-851e-a9cdcb716e41" Operator="And" Category="Parameter" Property="ELEM_FAMILY_PARAM" Condition="Contains" Value="ES_Camera_Pendant_Wall" CaseInsensitive="False" Unit="None" UnitClass="None" FieldTitle="" UserDefined="False" Validation="None" />
        <Filter ID="b7633b6e-e533-4ec2-8755-3683e99d0794" Operator="And" Category="TypeOrInstance" Property="Is Element Type" Condition="Equal" Value="False" CaseInsensitive="False" Unit="None" UnitClass="None" FieldTitle="" UserDefined="False" Validation="None" />
        <Filter ID="0120037d-849a-4c8e-b562-fbd50a0c7d86" Operator="And" Category="Parameter" Property="Assembly Code" Condition="NotEqual" Value="D5030860" CaseInsensitive="False" Unit="None" UnitClass="None" FieldTitle="" UserDefined="False" Validation="None" />
        <Filter ID="3f5eafc1-228e-4a38-a770-fc5878bb6cb7" Operator="Or" Category="Category" Property="OST_SecurityDevices" Condition="Included" Value="True" CaseInsensitive="False" Unit="None" UnitClass="None" FieldTitle="" UserDefined="False" Validation="None" />
        <Filter ID="610aa2bc-1519-4d0c-9012-84ff0faa172c" Operator="And" Category="Parameter" Property="ELEM_FAMILY_PARAM" Condition="Equal" Value="ES_Camera_Flush_Wall" CaseInsensitive="False" Unit="None" UnitClass="None" FieldTitle="" UserDefined="False" Validation="None" />
        <Filter ID="e3917291-eeee-45a8-acb9-983ea398b305" Operator="And" Category="TypeOrInstance" Property="Is Element Type" Condition="Equal" Value="False" CaseInsensitive="False" Unit="None" UnitClass="None" FieldTitle="" UserDefined="False" Validation="None" />
        <Filter ID="94d6848c-8dd5-4fcb-9182-411793287095" Operator="And" Category="Parameter" Property="Assembly Code" Condition="NotEqual" Value="D5030860" CaseInsensitive="False" Unit="None" UnitClass="None" FieldTitle="" UserDefined="False" Validation="None" />
        <Filter ID="bc78b4bb-8de4-449e-91b4-230964f639cc" Operator="Or" Category="Category" Property="OST_SecurityDevices" Condition="Included" Value="True" CaseInsensitive="False" Unit="None" UnitClass="None" FieldTitle="" UserDefined="False" Validation="None" />
        <Filter ID="0cfdc6f0-2a7c-4b0a-bf7f-1ccaa52bb6b8" Operator="And" Category="Parameter" Property="ELEM_FAMILY_PARAM" Condition="Equal" Value="ES_Camera_Pendant_CLNG" CaseInsensitive="False" Unit="None" UnitClass="None" FieldTitle="" UserDefined="False" Validation="None" />
        <Filter ID="da0c9b5d-d0c2-4d08-8dc5-990ba95e5967" Operator="And" Category="TypeOrInstance" Property="Is Element Type" Condition="Equal" Value="False" CaseInsensitive="False" Unit="None" UnitClass="None" FieldTitle="" UserDefined="False" Validation="None" />
        <Filter ID="6c9efe3e-6812-47d6-bfce-bf917e701d02" Operator="And" Category="Parameter" Property="Assembly Code" Condition="NotEqual" Value="D5030860" CaseInsensitive="False" Unit="None" UnitClass="None" FieldTitle="" UserDefined="False" Validation="None" />
      </Check>
      <Check ID="7ba32882-b926-4bb9-896e-2bada6ba13cc" CheckName="LF-Keynote" Description="Checks for types with Empty or Wrong &quot;Keynote&quot; values" FailureMessage="Type has Empty or Wrong &quot;Keynote&quot; value ! Modify Keynote Code value to become 28 23 00" ResultCondition="FailMatchingElements" CheckType="Custom" IsRequired="True" IsChecked="True">
        <Filter ID="3c92c6d3-399a-4890-97e0-3d1bb68e3f55" Operator="And" Category="Category" Property="OST_SecurityDevices" Condition="Included" Value="True" CaseInsensitive="False" Unit="None" UnitClass="None" FieldTitle="" UserDefined="False" Validation="None" />
        <Filter ID="4acce7dd-e060-41d9-9e5b-5ec34ae56692" Operator="And" Category="Parameter" Property="ELEM_FAMILY_PARAM" Condition="Contains" Value="ES_Camera_Flush_CLNG" CaseInsensitive="False" Unit="None" UnitClass="None" FieldTitle="" UserDefined="False" Validation="None" />
        <Filter ID="f82c22a9-ea4f-432e-8b7b-8c9ba637c8da" Operator="And" Category="TypeOrInstance" Property="Is Element Type" Condition="Equal" Value="False" CaseInsensitive="False" Unit="None" UnitClass="None" FieldTitle="" UserDefined="False" Validation="None" />
        <Filter ID="bd66ba1d-c241-42b4-8ba4-7e4b8eadca60" Operator="And" Category="Parameter" Property="Keynote" Condition="NotEqual" Value="28 23 00" CaseInsensitive="False" Unit="None" UnitClass="None" FieldTitle="" UserDefined="False" Validation="None" />
        <Filter ID="977a93f9-0d05-441b-b36e-5f3ad2ea6260" Operator="Or" Category="Category" Property="OST_SecurityDevices" Condition="Included" Value="True" CaseInsensitive="False" Unit="None" UnitClass="None" FieldTitle="" UserDefined="False" Validation="None" />
        <Filter ID="b4312c69-bc88-4537-b4ca-a353c85ade30" Operator="And" Category="Parameter" Property="ELEM_FAMILY_PARAM" Condition="Equal" Value="ES_Camera_Flush_NotHosted_CLNG" CaseInsensitive="False" Unit="None" UnitClass="None" FieldTitle="" UserDefined="False" Validation="None" />
        <Filter ID="80db4b1b-b5df-4f58-a7b5-dcd8f0e96edd" Operator="And" Category="TypeOrInstance" Property="Is Element Type" Condition="Equal" Value="False" CaseInsensitive="False" Unit="None" UnitClass="None" FieldTitle="" UserDefined="False" Validation="None" />
        <Filter ID="3c1dcfdf-8aad-4de4-bd0c-e358fa193713" Operator="And" Category="Parameter" Property="Keynote" Condition="NotEqual" Value="28 23 00" CaseInsensitive="False" Unit="None" UnitClass="None" FieldTitle="" UserDefined="False" Validation="None" />
        <Filter ID="b2ab8831-852a-4f5e-99eb-4377749e8764" Operator="Or" Category="Category" Property="OST_SecurityDevices" Condition="Included" Value="True" CaseInsensitive="False" Unit="None" UnitClass="None" FieldTitle="" UserDefined="False" Validation="None" />
        <Filter ID="1804541d-fa5a-4c7d-9a79-8f9c60213cb5" Operator="And" Category="Parameter" Property="ELEM_FAMILY_PARAM" Condition="Equal" Value="ES_Camera_Pendant_Wall" CaseInsensitive="False" Unit="None" UnitClass="None" FieldTitle="" UserDefined="False" Validation="None" />
        <Filter ID="e3073cec-c7be-4a07-9b77-c3de2591b076" Operator="And" Category="TypeOrInstance" Property="Is Element Type" Condition="Equal" Value="True" CaseInsensitive="False" Unit="None" UnitClass="None" FieldTitle="" UserDefined="False" Validation="None" />
        <Filter ID="8103b76e-1819-4608-80b1-da2503206f39" Operator="And" Category="Parameter" Property="Keynote" Condition="NotEqual" Value="28 23 00" CaseInsensitive="False" Unit="None" UnitClass="None" FieldTitle="" UserDefined="False" Validation="None" />
        <Filter ID="b85f9bcf-5b09-43ec-ae51-d1a4916d64a6" Operator="Or" Category="Category" Property="OST_SecurityDevices" Condition="Included" Value="True" CaseInsensitive="False" Unit="None" UnitClass="None" FieldTitle="" UserDefined="False" Validation="None" />
        <Filter ID="4458700a-d4f2-4e9d-9812-072d515ee0f2" Operator="And" Category="Parameter" Property="ELEM_FAMILY_PARAM" Condition="Equal" Value="ES_Camera_Flush_Wall" CaseInsensitive="False" Unit="None" UnitClass="None" FieldTitle="" UserDefined="False" Validation="None" />
        <Filter ID="24bceb8e-58dc-4227-b0e4-b3af3648d41d" Operator="And" Category="TypeOrInstance" Property="Is Element Type" Condition="Equal" Value="True" CaseInsensitive="False" Unit="None" UnitClass="None" FieldTitle="" UserDefined="False" Validation="None" />
        <Filter ID="dc5bef95-0ef0-4dbc-9405-5d26cfa73de6" Operator="And" Category="Parameter" Property="Keynote" Condition="NotEqual" Value="28 23 00" CaseInsensitive="False" Unit="None" UnitClass="None" FieldTitle="" UserDefined="False" Validation="None" />
        <Filter ID="f624354c-b95f-4bda-8682-9cb9c9ca5a32" Operator="Or" Category="Category" Property="OST_SecurityDevices" Condition="Included" Value="True" CaseInsensitive="False" Unit="None" UnitClass="None" FieldTitle="" UserDefined="False" Validation="None" />
        <Filter ID="689144d2-4f1d-4f7f-aa4a-f3428304f570" Operator="And" Category="Parameter" Property="ELEM_FAMILY_PARAM" Condition="Equal" Value="ES_Camera_Pendant_CLNG" CaseInsensitive="False" Unit="None" UnitClass="None" FieldTitle="" UserDefined="False" Validation="None" />
        <Filter ID="d4345b78-165e-4945-a470-9ba8e719d8dd" Operator="And" Category="TypeOrInstance" Property="Is Element Type" Condition="Equal" Value="True" CaseInsensitive="False" Unit="None" UnitClass="None" FieldTitle="" UserDefined="False" Validation="None" />
        <Filter ID="6794a478-1e2a-48aa-a2ae-f4a4ca65122a" Operator="And" Category="Parameter" Property="Keynote" Condition="NotEqual" Value="28 23 00" CaseInsensitive="False" Unit="None" UnitClass="None" FieldTitle="" UserDefined="False" Validation="None" />
      </Check>
    </Section>
    <Section ID="def6f788-bdff-4971-8cab-15f75e2e8157" SectionName="SC - Standards&amp;Naming Convention" Title="" IsChecked="True" Description="">
      <Check ID="c636deaa-e512-487f-862d-d71dfcc6ffbc" CheckName="SC are Compliant with Project Standards" Description="Checks for types if it is not a Project Standard" FailureMessage="Type does not match Project Standards ! Define this type in Project Standard list or change it to one of Project Standards types." ResultCondition="FailMatchingElements" CheckType="Custom" IsRequired="True" IsChecked="True">
        <Filter ID="511a0425-93af-4e2c-a02c-8c78d2d29621" Operator="And" Category="Category" Property="OST_SecurityDevices" Condition="Included" Value="True" CaseInsensitive="False" Unit="None" UnitClass="None" FieldTitle="" UserDefined="False" Validation="None" />
        <Filter ID="989798b0-ce8b-465d-b5cf-0688c71ebf72" Operator="And" Category="TypeOrInstance" Property="Is Element Type" Condition="Equal" Value="True" CaseInsensitive="False" Unit="None" UnitClass="None" FieldTitle="" UserDefined="False" Validation="None" />
        <Filter ID="bd55faa4-2ff8-40a2-9044-7a6349449953" Operator="And" Category="Parameter" Property="ALL_MODEL_FAMILY_NAME" Condition="DoesNotContain" Value="ACS_Guard_Station_Telephone_Floor_Dar" CaseInsensitive="False" Unit="None" UnitClass="None" FieldTitle="" UserDefined="False" Validation="None" />
        <Filter ID="30afe133-0bed-4800-92ec-0e24fdae47c4" Operator="And" Category="Parameter" Property="ALL_MODEL_FAMILY_NAME" Condition="DoesNotContain" Value="ACS_PIA_Wall_Dar" CaseInsensitive="False" Unit="None" UnitClass="None" FieldTitle="" UserDefined="False" Validation="None" />
        <Filter ID="9452f280-350a-419f-bbc3-74ded39ae6a4" Operator="And" Category="Parameter" Property="ALL_MODEL_FAMILY_NAME" Condition="DoesNotContain" Value="ACS_PIA_Ceiling_Dar" CaseInsensitive="False" Unit="None" UnitClass="None" FieldTitle="" UserDefined="False" Validation="None" />
        <Filter ID="ce40cdc4-728f-4601-b24f-432b1b5dc062" Operator="And" Category="Parameter" Property="ALL_MODEL_FAMILY_NAME" Condition="DoesNotContain" Value="ACS_Wall_Dar" CaseInsensitive="False" Unit="None" UnitClass="None" FieldTitle="" UserDefined="False" Validation="None" />
        <Filter ID="0e129901-d9c4-4e64-b0c6-c57a0d85a7d8" Operator="And" Category="Parameter" Property="ALL_MODEL_FAMILY_NAME" Condition="DoesNotContain" Value="CCTV_Camera_Wall_Dar" CaseInsensitive="False" Unit="None" UnitClass="None" FieldTitle="" UserDefined="False" Validation="None" />
        <Filter ID="4a9a69bd-60e8-40cb-adbc-1a5a9adcff4b" Operator="And" Category="Parameter" Property="ALL_MODEL_FAMILY_NAME" Condition="DoesNotContain" Value="CCTV_Ceiling_Camera_Dar" CaseInsensitive="False" Unit="None" UnitClass="None" FieldTitle="" UserDefined="False" Validation="None" />
        <Filter ID="b24399e2-7d01-420c-9303-69a3af8b8dd1" Operator="And" Category="Parameter" Property="ALL_MODEL_FAMILY_NAME" Condition="DoesNotContain" Value="CCTV_Ceiling_Dome_Dar" CaseInsensitive="False" Unit="None" UnitClass="None" FieldTitle="" UserDefined="False" Validation="None" />
        <Filter ID="85b67334-492c-4731-b370-11d8ff5645cf" Operator="And" Category="Parameter" Property="ALL_MODEL_FAMILY_NAME" Condition="DoesNotContain" Value="CCTV_Wall_Camera_Without_Base_Dar" CaseInsensitive="False" Unit="None" UnitClass="None" FieldTitle="" UserDefined="False" Validation="None" />
        <Filter ID="325a8be6-36aa-4d65-9bbf-d9c7213c4178" Operator="And" Category="Parameter" Property="ALL_MODEL_FAMILY_NAME" Condition="DoesNotContain" Value="CCTV_Wall_Dome_Dar" CaseInsensitive="False" Unit="None" UnitClass="None" FieldTitle="" UserDefined="False" Validation="None" />
        <Filter ID="9c30d0d4-eec2-4e4a-b49f-9b2554175086" Operator="And" Category="Parameter" Property="ALL_MODEL_FAMILY_NAME" Condition="DoesNotContain" Value="Display_Board_Ceiling_Dar" CaseInsensitive="False" Unit="None" UnitClass="None" FieldTitle="" UserDefined="False" Validation="None" />
        <Filter ID="a03a60a1-45e6-46e4-8d36-7a45fc23216c" Operator="And" Category="Parameter" Property="ALL_MODEL_FAMILY_NAME" Condition="DoesNotContain" Value="Display_Board_Floor_Dar" CaseInsensitive="False" Unit="None" UnitClass="None" FieldTitle="" UserDefined="False" Validation="None" />
        <Filter ID="0a4bd1a3-0e21-40cd-ab60-f6296ffc1e79" Operator="And" Category="Parameter" Property="ALL_MODEL_FAMILY_NAME" Condition="DoesNotContain" Value="Exit_Cash_Equipment_Floor_Dar" CaseInsensitive="False" Unit="None" UnitClass="None" FieldTitle="" UserDefined="False" Validation="None" />
        <Filter ID="99f2ea17-f1e0-493c-bb93-3b2883ee7005" Operator="And" Category="Parameter" Property="ALL_MODEL_FAMILY_NAME" Condition="DoesNotContain" Value="Gate_Barrier_Floor_Dar" CaseInsensitive="False" Unit="None" UnitClass="None" FieldTitle="" UserDefined="False" Validation="None" />
        <Filter ID="acbba5d7-8a99-4ff8-a5dd-6188664cf3d3" Operator="And" Category="Parameter" Property="ALL_MODEL_FAMILY_NAME" Condition="DoesNotContain" Value="PSC_Sign_Ceiling_Suspended_2_Display_Dar" CaseInsensitive="False" Unit="None" UnitClass="None" FieldTitle="" UserDefined="False" Validation="None" />
        <Filter ID="69f3622b-87a0-4dd1-91d0-d11535d0aa98" Operator="And" Category="Parameter" Property="ALL_MODEL_FAMILY_NAME" Condition="DoesNotContain" Value="PSC_Sign_Ceiling_Suspended_4_Display_Dar" CaseInsensitive="False" Unit="None" UnitClass="None" FieldTitle="" UserDefined="False" Validation="None" />
        <Filter ID="7f825203-e822-4e3c-b2dd-df89f63fb1e6" Operator="And" Category="Parameter" Property="ALL_MODEL_FAMILY_NAME" Condition="DoesNotContain" Value="Sensor_Car_Ceiling_Dar" CaseInsensitive="False" Unit="None" UnitClass="None" FieldTitle="" UserDefined="False" Validation="None" />
        <Filter ID="0042a375-ab3c-4976-8044-b77c0a2aab87" Operator="And" Category="Parameter" Property="ALL_MODEL_FAMILY_NAME" Condition="DoesNotContain" Value="Sensor_Light_Ceiling_Dar" CaseInsensitive="False" Unit="None" UnitClass="None" FieldTitle="" UserDefined="False" Validation="None" />
        <Filter ID="b97aeb2e-429b-471a-9bf4-37e09c47526f" Operator="And" Category="Parameter" Property="ALL_MODEL_FAMILY_NAME" Condition="DoesNotContain" Value="Sensor_People_Counting_Ceiling_Dar" CaseInsensitive="False" Unit="None" UnitClass="None" FieldTitle="" UserDefined="False" Validation="None" />
        <Filter ID="63c26964-f508-4aec-acf8-af78fced88ad" Operator="And" Category="Parameter" Property="ALL_MODEL_FAMILY_NAME" Condition="DoesNotContain" Value="VMS_Signs_Ceiling_Dar" CaseInsensitive="False" Unit="None" UnitClass="None" FieldTitle="" UserDefined="False" Validation="None" />
      </Check>
    </Section>
  </Heading>
  <Heading ID="8cd659b1-9e9b-48c0-9a73-de9342f810d6" HeadingText="Telephone Devices" Description="" IsChecked="True">
    <Section ID="7a8c5dae-b208-40ea-806d-d0d30719abba" SectionName="TD - Telephone wall - Uniformat Codes are Defined Correctly" Title="" IsChecked="True" Description="">
      <Check ID="43e13571-5dbd-482c-bff3-e2ae2f2d55f0" CheckName="LF-Assembly Code" Description="Checks for types with Empty or Wrong &quot;Assembly Code&quot; values" FailureMessage="Type has Empty or Wrong &quot;Assembly Code&quot; value ! Modify Assembly Code value to become D5030300" ResultCondition="FailMatchingElements" CheckType="Custom" IsRequired="True" IsChecked="True">
        <Filter ID="e9124cf8-6d2e-4c81-b9f2-670b58b50319" Operator="And" Category="Category" Property="OST_TelephoneDevices" Condition="Included" Value="True" CaseInsensitive="False" Unit="None" UnitClass="None" FieldTitle="" UserDefined="False" Validation="None" />
        <Filter ID="18f5ef76-d13d-44ea-a9fc-9796ba60cb64" Operator="And" Category="Parameter" Property="ELEM_FAMILY_PARAM" Condition="Contains" Value="EI_Telephone" CaseInsensitive="False" Unit="None" UnitClass="None" FieldTitle="" UserDefined="False" Validation="None" />
        <Filter ID="6cbe64fc-1b31-4f2e-b7c9-ffb0c242b931" Operator="And" Category="TypeOrInstance" Property="Is Element Type" Condition="Equal" Value="False" CaseInsensitive="False" Unit="None" UnitClass="None" FieldTitle="" UserDefined="False" Validation="None" />
        <Filter ID="483549a3-4fb0-4935-b4a5-0ae1f2294d69" Operator="And" Category="Parameter" Property="Assembly Code" Condition="NotEqual" Value="D5030300" CaseInsensitive="False" Unit="None" UnitClass="None" FieldTitle="" UserDefined="False" Validation="None" />
      </Check>
      <Check ID="de4e43c7-00c6-4a5a-8d2a-26c494b3ac84" CheckName="LF-Keynote" Description="Checks for types with Empty or Wrong &quot;Keynote&quot; values" FailureMessage="Type has Empty or Wrong &quot;Keynote&quot; value ! Modify Keynote Code value to become 27 31 23" ResultCondition="FailMatchingElements" CheckType="Custom" IsRequired="True" IsChecked="True">
        <Filter ID="7ad50b37-a59f-436f-b209-a8b8814d35b3" Operator="And" Category="Category" Property="OST_TelephoneDevices" Condition="Included" Value="True" CaseInsensitive="False" Unit="None" UnitClass="None" FieldTitle="" UserDefined="False" Validation="None" />
        <Filter ID="906aab31-82be-4b22-b778-5c9fa27e617a" Operator="And" Category="Parameter" Property="ELEM_FAMILY_PARAM" Condition="Contains" Value="EI_Telephone" CaseInsensitive="False" Unit="None" UnitClass="None" FieldTitle="" UserDefined="False" Validation="None" />
        <Filter ID="5675c518-df4f-43de-83f0-ef7c52f90466" Operator="And" Category="TypeOrInstance" Property="Is Element Type" Condition="Equal" Value="False" CaseInsensitive="False" Unit="None" UnitClass="None" FieldTitle="" UserDefined="False" Validation="None" />
        <Filter ID="6352d727-586d-4acc-a2f6-b5c79a16a442" Operator="And" Category="Parameter" Property="Keynote" Condition="NotEqual" Value="27 31 23" CaseInsensitive="False" Unit="None" UnitClass="None" FieldTitle="" UserDefined="False" Validation="None" />
      </Check>
    </Section>
  </Heading>
  <Heading ID="f2804d0d-feb9-4686-87f0-81c0326549de" HeadingText="Communication Devices" Description="" IsChecked="True">
    <Section ID="1f02ff36-3278-46ad-a661-4a13a4d69663" SectionName="CD - Tetra Antenna Ceiling - Uniformat Codes are Defined Correctly" Title="" IsChecked="True" Description="">
      <Check ID="f31c4aec-25e6-44d6-b14d-f99ce634618b" CheckName="LF-Assembly Code" Description="Checks for types with Empty or Wrong &quot;Assembly Code&quot; values" FailureMessage="Type has Empty or Wrong &quot;Assembly Code&quot; value ! Modify Assembly Code value to become D5030870" ResultCondition="FailMatchingElements" CheckType="Custom" IsRequired="True" IsChecked="True">
        <Filter ID="9ee510c0-7cd9-421c-a76a-8cc94c9c6669" Operator="And" Category="Category" Property="OST_CommunicationDevices" Condition="Included" Value="True" CaseInsensitive="False" Unit="None" UnitClass="None" FieldTitle="" UserDefined="False" Validation="None" />
        <Filter ID="819340a6-a392-4bc8-aab9-a2d43b145ea3" Operator="And" Category="Parameter" Property="ELEM_FAMILY_PARAM" Condition="Contains" Value="COM_Radio_Antenna_Ceiling" CaseInsensitive="False" Unit="None" UnitClass="None" FieldTitle="" UserDefined="False" Validation="None" />
        <Filter ID="5c5c2921-23dd-48e1-afe6-c4823d190d59" Operator="And" Category="TypeOrInstance" Property="Is Element Type" Condition="Equal" Value="False" CaseInsensitive="False" Unit="None" UnitClass="None" FieldTitle="" UserDefined="False" Validation="None" />
        <Filter ID="188e9faa-e061-49db-b92b-751d6f304527" Operator="And" Category="Parameter" Property="Assembly Code" Condition="NotEqual" Value="D5030870" CaseInsensitive="False" Unit="None" UnitClass="None" FieldTitle="" UserDefined="False" Validation="None" />
      </Check>
      <Check ID="f44d8fa1-ce59-4951-8b62-7e0b3c015c8b" CheckName="LF-Keynote" Description="Checks for types with Empty or Wrong &quot;Keynote&quot; values" FailureMessage="Type has Empty or Wrong &quot;Keynote&quot; value ! Modify Keynote Code value to become 27 32 41" ResultCondition="FailMatchingElements" CheckType="Custom" IsRequired="True" IsChecked="True">
        <Filter ID="2bd149a7-9e2b-4679-ab5a-64a0fc08fec5" Operator="And" Category="Category" Property="OST_CommunicationDevices" Condition="Included" Value="True" CaseInsensitive="False" Unit="None" UnitClass="None" FieldTitle="" UserDefined="False" Validation="None" />
        <Filter ID="b4f14f5f-7a2b-4001-a222-98058aaf54c2" Operator="And" Category="Parameter" Property="ELEM_FAMILY_PARAM" Condition="Contains" Value="COM_Radio_Antenna_Ceiling" CaseInsensitive="False" Unit="None" UnitClass="None" FieldTitle="" UserDefined="False" Validation="None" />
        <Filter ID="f4c18fb9-daf7-48ae-996b-700b1920619a" Operator="And" Category="TypeOrInstance" Property="Is Element Type" Condition="Equal" Value="False" CaseInsensitive="False" Unit="None" UnitClass="None" FieldTitle="" UserDefined="False" Validation="None" />
        <Filter ID="a08101f4-9cf8-44c1-8168-e8a9bf9dfc3d" Operator="And" Category="Parameter" Property="Keynote" Condition="NotEqual" Value="27 32 41" CaseInsensitive="False" Unit="None" UnitClass="None" FieldTitle="" UserDefined="False" Validation="None" />
      </Check>
    </Section>
    <Section ID="b36bc609-a110-486d-a470-da3d65104d04" SectionName="CD - Tetra Antenna Wall - Uniformat Codes are Defined Correctly" Title="" IsChecked="True" Description="">
      <Check ID="6959047a-ccf2-438a-b85c-0226a73d0b91" CheckName="LF-Assembly Code" Description="Checks for types with Empty or Wrong &quot;Assembly Code&quot; values" FailureMessage="Type has Empty or Wrong &quot;Assembly Code&quot; value ! Modify Assembly Code value to become D5030870" ResultCondition="FailMatchingElements" CheckType="Custom" IsRequired="True" IsChecked="True">
        <Filter ID="237c758f-e762-480f-a7f1-d1b2bbfec0fe" Operator="And" Category="Category" Property="OST_CommunicationDevices" Condition="Included" Value="True" CaseInsensitive="False" Unit="None" UnitClass="None" FieldTitle="" UserDefined="False" Validation="None" />
        <Filter ID="28add2f3-56b4-49c1-8b56-3a96afd4f6eb" Operator="And" Category="Parameter" Property="ELEM_FAMILY_PARAM" Condition="Contains" Value="COM_Radio_Antenna_Wall" CaseInsensitive="False" Unit="None" UnitClass="None" FieldTitle="" UserDefined="False" Validation="None" />
        <Filter ID="b4c17efc-7118-4eda-8061-106fc8bfa3ca" Operator="And" Category="TypeOrInstance" Property="Is Element Type" Condition="Equal" Value="False" CaseInsensitive="False" Unit="None" UnitClass="None" FieldTitle="" UserDefined="False" Validation="None" />
        <Filter ID="cdebbb08-8f8c-4719-9ccd-16cf43def8ca" Operator="And" Category="Parameter" Property="Assembly Code" Condition="NotEqual" Value="D5030870" CaseInsensitive="False" Unit="None" UnitClass="None" FieldTitle="" UserDefined="False" Validation="None" />
      </Check>
      <Check ID="f74e92ce-bcff-4604-b117-4fd890f7d367" CheckName="LF-Keynote" Description="Checks for types with Empty or Wrong &quot;Keynote&quot; values" FailureMessage="Type has Empty or Wrong &quot;Keynote&quot; value ! Modify Keynote Code value to become 27 32 41" ResultCondition="FailMatchingElements" CheckType="Custom" IsRequired="True" IsChecked="True">
        <Filter ID="fe3e178a-bef7-4648-9753-5cf7e8001c5b" Operator="And" Category="Category" Property="OST_CommunicationDevices" Condition="Included" Value="True" CaseInsensitive="False" Unit="None" UnitClass="None" FieldTitle="" UserDefined="False" Validation="None" />
        <Filter ID="23a7b795-103c-4b92-86b9-dbff0aab8836" Operator="And" Category="Parameter" Property="ELEM_FAMILY_PARAM" Condition="Contains" Value="COM_Radio_Antenna_Wall" CaseInsensitive="False" Unit="None" UnitClass="None" FieldTitle="" UserDefined="False" Validation="None" />
        <Filter ID="0f03707c-4450-4543-8dd6-77f78d3de82d" Operator="And" Category="TypeOrInstance" Property="Is Element Type" Condition="Equal" Value="False" CaseInsensitive="False" Unit="None" UnitClass="None" FieldTitle="" UserDefined="False" Validation="None" />
        <Filter ID="31dffcae-464b-4401-9b28-5eda1828f216" Operator="And" Category="Parameter" Property="Keynote" Condition="NotEqual" Value="27 32 41" CaseInsensitive="False" Unit="None" UnitClass="None" FieldTitle="" UserDefined="False" Validation="None" />
      </Check>
    </Section>
    <Section ID="c5c2cab3-2b2a-4429-b88c-ec1767bdc96d" SectionName="CD - Wireless Access Point CLNG - Uniformat Codes are Defined Correctly" Title="" IsChecked="True" Description="">
      <Check ID="4ffe76b0-24cd-49ae-88c5-fd90fe1c530b" CheckName="LF-Assembly Code" Description="Checks for types with Empty or Wrong &quot;Assembly Code&quot; values" FailureMessage="Type has Empty or Wrong &quot;Assembly Code&quot; value ! Modify Assembly Code value to become D5030820" ResultCondition="FailMatchingElements" CheckType="Custom" IsRequired="True" IsChecked="True">
        <Filter ID="388bffbd-42fc-4fd2-8dd4-bf53beeb609d" Operator="And" Category="Category" Property="OST_CommunicationDevices" Condition="Included" Value="True" CaseInsensitive="False" Unit="None" UnitClass="None" FieldTitle="" UserDefined="False" Validation="None" />
        <Filter ID="a4e6bd2b-d0ca-4f51-b63f-fc1e895968eb" Operator="And" Category="Parameter" Property="ELEM_FAMILY_PARAM" Condition="Contains" Value="EI_WAP_CLNG" CaseInsensitive="False" Unit="None" UnitClass="None" FieldTitle="" UserDefined="False" Validation="None" />
        <Filter ID="31c76eab-ed9c-45d5-8789-680253fb76b7" Operator="And" Category="TypeOrInstance" Property="Is Element Type" Condition="Equal" Value="False" CaseInsensitive="False" Unit="None" UnitClass="None" FieldTitle="" UserDefined="False" Validation="None" />
        <Filter ID="5a8a4610-3141-42eb-8cf2-5d1ea6dadaac" Operator="And" Category="Parameter" Property="Assembly Code" Condition="NotEqual" Value="D5030820" CaseInsensitive="False" Unit="None" UnitClass="None" FieldTitle="" UserDefined="False" Validation="None" />
      </Check>
      <Check ID="9fe6b589-5a30-457b-848d-19369e02a6aa" CheckName="LF-Keynote" Description="Checks for types with Empty or Wrong &quot;Keynote&quot; values" FailureMessage="Type has Empty or Wrong &quot;Keynote&quot; value ! Modify Keynote Code value to become 27 21 33" ResultCondition="FailMatchingElements" CheckType="Custom" IsRequired="True" IsChecked="True">
        <Filter ID="7a8ce71d-07ef-4a33-8470-f838b0d101e3" Operator="And" Category="Category" Property="OST_CommunicationDevices" Condition="Included" Value="True" CaseInsensitive="False" Unit="None" UnitClass="None" FieldTitle="" UserDefined="False" Validation="None" />
        <Filter ID="d9628acf-0ef3-4ea6-99e9-aeea92a6b6b7" Operator="And" Category="Parameter" Property="ELEM_FAMILY_PARAM" Condition="Contains" Value="EI_WAP_CLNG" CaseInsensitive="False" Unit="None" UnitClass="None" FieldTitle="" UserDefined="False" Validation="None" />
        <Filter ID="836b29fa-2d4f-4f68-bfa0-a6a01173ce48" Operator="And" Category="TypeOrInstance" Property="Is Element Type" Condition="Equal" Value="False" CaseInsensitive="False" Unit="None" UnitClass="None" FieldTitle="" UserDefined="False" Validation="None" />
        <Filter ID="7942c549-08ea-46db-b545-ff198861c7d5" Operator="And" Category="Parameter" Property="Keynote" Condition="NotEqual" Value="27 21 33" CaseInsensitive="False" Unit="None" UnitClass="None" FieldTitle="" UserDefined="False" Validation="None" />
      </Check>
    </Section>
    <Section ID="75a40315-a543-4e78-a618-3d5b9d098732" SectionName="CD - Wireless Access Point CLNG - Uniformat Codes are Defined Correctly" Title="" IsChecked="True" Description="">
      <Check ID="691a96a5-5eac-4365-9bb3-c7ffbeb07765" CheckName="LF-Assembly Code" Description="Checks for types with Empty or Wrong &quot;Assembly Code&quot; values" FailureMessage="Type has Empty or Wrong &quot;Assembly Code&quot; value ! Modify Assembly Code value to become D5030820" ResultCondition="FailMatchingElements" CheckType="Custom" IsRequired="True" IsChecked="True">
        <Filter ID="82155a1f-3f21-4cc7-bf17-28c294561327" Operator="And" Category="Category" Property="OST_CommunicationDevices" Condition="Included" Value="True" CaseInsensitive="False" Unit="None" UnitClass="None" FieldTitle="" UserDefined="False" Validation="None" />
        <Filter ID="f0e1ef25-19f9-42b1-929c-9621bf59d76a" Operator="And" Category="Parameter" Property="ELEM_FAMILY_PARAM" Condition="Contains" Value="EI_WAP_Wall" CaseInsensitive="False" Unit="None" UnitClass="None" FieldTitle="" UserDefined="False" Validation="None" />
        <Filter ID="5a77f152-f917-491d-9a67-2013eff0f220" Operator="And" Category="TypeOrInstance" Property="Is Element Type" Condition="Equal" Value="False" CaseInsensitive="False" Unit="None" UnitClass="None" FieldTitle="" UserDefined="False" Validation="None" />
        <Filter ID="908d65e6-c160-44ab-93ff-c7957763099d" Operator="And" Category="Parameter" Property="Assembly Code" Condition="NotEqual" Value="D5030820" CaseInsensitive="False" Unit="None" UnitClass="None" FieldTitle="" UserDefined="False" Validation="None" />
      </Check>
      <Check ID="a9818b51-dcc7-4a27-8726-50a29bf55ec3" CheckName="LF-Keynote" Description="Checks for types with Empty or Wrong &quot;Keynote&quot; values" FailureMessage="Type has Empty or Wrong &quot;Keynote&quot; value ! Modify Keynote Code value to become 27 21 33" ResultCondition="FailMatchingElements" CheckType="Custom" IsRequired="True" IsChecked="True">
        <Filter ID="60bfdadd-2abb-46c2-8244-93ee8fe23eb7" Operator="And" Category="Category" Property="OST_CommunicationDevices" Condition="Included" Value="True" CaseInsensitive="False" Unit="None" UnitClass="None" FieldTitle="" UserDefined="False" Validation="None" />
        <Filter ID="f5d907d1-86ed-4a66-bec8-89f861612da6" Operator="And" Category="Parameter" Property="ELEM_FAMILY_PARAM" Condition="Contains" Value="EI_WAP_Wall" CaseInsensitive="False" Unit="None" UnitClass="None" FieldTitle="" UserDefined="False" Validation="None" />
        <Filter ID="35858016-7d2c-4bc5-8177-ae5670db175e" Operator="And" Category="TypeOrInstance" Property="Is Element Type" Condition="Equal" Value="False" CaseInsensitive="False" Unit="None" UnitClass="None" FieldTitle="" UserDefined="False" Validation="None" />
        <Filter ID="d822ff26-1e8e-4d6f-85c5-fcb036e46e86" Operator="And" Category="Parameter" Property="Keynote" Condition="NotEqual" Value="27 21 33" CaseInsensitive="False" Unit="None" UnitClass="None" FieldTitle="" UserDefined="False" Validation="None" />
      </Check>
    </Section>
    <Section ID="51b2229f-6b38-41fb-97fe-bd20538e9198" SectionName="CD - Flat Panel Display - Uniformat Codes are Defined Correctly" Title="" IsChecked="True" Description="">
      <Check ID="e8455dfa-4445-40e5-9ba8-4983931f9b87" CheckName="LF-Assembly Code" Description="Checks for types with Empty or Wrong &quot;Assembly Code&quot; values" FailureMessage="Type has Empty or Wrong &quot;Assembly Code&quot; value ! Modify Assembly Code value to become D5030500" ResultCondition="FailMatchingElements" CheckType="Custom" IsRequired="True" IsChecked="True">
        <Filter ID="ec4db328-09fc-4d02-97e5-62dd4a039f77" Operator="And" Category="Category" Property="OST_CommunicationDevices" Condition="Included" Value="True" CaseInsensitive="False" Unit="None" UnitClass="None" FieldTitle="" UserDefined="False" Validation="None" />
        <Filter ID="77567fea-e6da-462b-82ab-7642e854b5dc" Operator="And" Category="Parameter" Property="ELEM_FAMILY_PARAM" Condition="Contains" Value="EV_CMS_FPD" CaseInsensitive="False" Unit="None" UnitClass="None" FieldTitle="" UserDefined="False" Validation="None" />
        <Filter ID="f9389281-1018-445c-9c1c-daeed9057951" Operator="And" Category="TypeOrInstance" Property="Is Element Type" Condition="Equal" Value="False" CaseInsensitive="False" Unit="None" UnitClass="None" FieldTitle="" UserDefined="False" Validation="None" />
        <Filter ID="47fe3210-fb67-4ace-b6cd-750e3309054e" Operator="And" Category="Parameter" Property="Assembly Code" Condition="NotEqual" Value="D5030500" CaseInsensitive="False" Unit="None" UnitClass="None" FieldTitle="" UserDefined="False" Validation="None" />
      </Check>
      <Check ID="83108a25-1f35-4538-bc91-de40651767f9" CheckName="LF-Keynote" Description="Checks for types with Empty or Wrong &quot;Keynote&quot; values" FailureMessage="Type has Empty or Wrong &quot;Keynote&quot; value ! Modify Keynote Code value to become 27 61 19" ResultCondition="FailMatchingElements" CheckType="Custom" IsRequired="True" IsChecked="True">
        <Filter ID="055e0018-aa34-4fc6-bf88-e827226a0716" Operator="And" Category="Category" Property="OST_CommunicationDevices" Condition="Included" Value="True" CaseInsensitive="False" Unit="None" UnitClass="None" FieldTitle="" UserDefined="False" Validation="None" />
        <Filter ID="903c391f-9450-4ebc-90cf-fd6e501a5990" Operator="And" Category="Parameter" Property="ELEM_FAMILY_PARAM" Condition="Contains" Value="EV_CMS_FPD" CaseInsensitive="False" Unit="None" UnitClass="None" FieldTitle="" UserDefined="False" Validation="None" />
        <Filter ID="84fb800a-bb9f-4c0b-9c44-51e10d30d199" Operator="And" Category="TypeOrInstance" Property="Is Element Type" Condition="Equal" Value="False" CaseInsensitive="False" Unit="None" UnitClass="None" FieldTitle="" UserDefined="False" Validation="None" />
        <Filter ID="b9a9bf65-1cd6-4116-8186-09c83a3255f8" Operator="And" Category="Parameter" Property="Keynote" Condition="NotEqual" Value="27 61 19" CaseInsensitive="False" Unit="None" UnitClass="None" FieldTitle="" UserDefined="False" Validation="None" />
      </Check>
    </Section>
    <Section ID="e045d55e-422a-4dee-aaf5-bc4790d16555" SectionName="CD - Master Clock Wall - Uniformat Codes are Defined Correctly" Title="" IsChecked="True" Description="">
      <Check ID="745be0b1-44f9-405a-abf0-f0dd3cdb7078" CheckName="LF-Assembly Code" Description="Checks for types with Empty or Wrong &quot;Assembly Code&quot; values" FailureMessage="Type has Empty or Wrong &quot;Assembly Code&quot; value ! Modify Assembly Code value to become D5030702" ResultCondition="FailMatchingElements" CheckType="Custom" IsRequired="True" IsChecked="True">
        <Filter ID="1cd2aeb4-9c56-423e-9a2a-06b7632ba2d0" Operator="And" Category="Category" Property="OST_CommunicationDevices" Condition="Included" Value="True" CaseInsensitive="False" Unit="None" UnitClass="None" FieldTitle="" UserDefined="False" Validation="None" />
        <Filter ID="75ced434-c086-47a2-ac2f-247bf7295678" Operator="And" Category="Parameter" Property="ELEM_FAMILY_PARAM" Condition="Contains" Value="EV_Master Clock_Wall" CaseInsensitive="False" Unit="None" UnitClass="None" FieldTitle="" UserDefined="False" Validation="None" />
        <Filter ID="6ed2bde2-2539-47ab-95c2-f7e36d48a7e9" Operator="And" Category="TypeOrInstance" Property="Is Element Type" Condition="Equal" Value="False" CaseInsensitive="False" Unit="None" UnitClass="None" FieldTitle="" UserDefined="False" Validation="None" />
        <Filter ID="fb57fe0a-df63-400e-8d50-0f2ac06c723f" Operator="And" Category="Parameter" Property="Assembly Code" Condition="NotEqual" Value="D5030702" CaseInsensitive="False" Unit="None" UnitClass="None" FieldTitle="" UserDefined="False" Validation="None" />
      </Check>
      <Check ID="1fcef810-f5d2-4311-a436-acefc09eaf54" CheckName="LF-Keynote" Description="Checks for types with Empty or Wrong &quot;Keynote&quot; values" FailureMessage="Type has Empty or Wrong &quot;Keynote&quot; value ! Modify Keynote Code value to become 27 53 13" ResultCondition="FailMatchingElements" CheckType="Custom" IsRequired="True" IsChecked="True">
        <Filter ID="eb8262af-48cd-4a18-97aa-bdc865296491" Operator="And" Category="Category" Property="OST_CommunicationDevices" Condition="Included" Value="True" CaseInsensitive="False" Unit="None" UnitClass="None" FieldTitle="" UserDefined="False" Validation="None" />
        <Filter ID="47914f50-a3b9-4a40-a3c9-67cb1460ec66" Operator="And" Category="Parameter" Property="ELEM_FAMILY_PARAM" Condition="Contains" Value="EV_Master Clock_Wall" CaseInsensitive="False" Unit="None" UnitClass="None" FieldTitle="" UserDefined="False" Validation="None" />
        <Filter ID="a52a5a8c-8df1-4388-98c6-7a4f8892419e" Operator="And" Category="TypeOrInstance" Property="Is Element Type" Condition="Equal" Value="False" CaseInsensitive="False" Unit="None" UnitClass="None" FieldTitle="" UserDefined="False" Validation="None" />
        <Filter ID="e291dc69-1aef-41e2-8567-184809165442" Operator="And" Category="Parameter" Property="Keynote" Condition="NotEqual" Value="27 53 13" CaseInsensitive="False" Unit="None" UnitClass="None" FieldTitle="" UserDefined="False" Validation="None" />
      </Check>
    </Section>
    <Section ID="d44c2ef7-f96d-4733-b29a-f35aaaa3749e" SectionName="CD - PA Speaker Wall - Uniformat Codes are Defined Correctly" Title="" IsChecked="True" Description="">
      <Check ID="ffc7ff24-8377-4723-bf11-52ada4f91295" CheckName="LF-Assembly Code" Description="Checks for types with Empty or Wrong &quot;Assembly Code&quot; values" FailureMessage="Type has Empty or Wrong &quot;Assembly Code&quot; value ! Modify Assembly Code value to become D5030100" ResultCondition="FailMatchingElements" CheckType="Custom" IsRequired="True" IsChecked="True">
        <Filter ID="ef7c1a72-d960-4ae8-accb-be11dd87bc4d" Operator="And" Category="Category" Property="OST_CommunicationDevices" Condition="Included" Value="True" CaseInsensitive="False" Unit="None" UnitClass="None" FieldTitle="" UserDefined="False" Validation="None" />
        <Filter ID="f507dfb1-33e8-458a-bde5-b79b99b841b9" Operator="And" Category="Parameter" Property="ELEM_FAMILY_PARAM" Condition="Contains" Value="PAS_SPEAKER" CaseInsensitive="False" Unit="None" UnitClass="None" FieldTitle="" UserDefined="False" Validation="None" />
        <Filter ID="8d0d942a-d007-46a3-8b1f-76d8bcbdfd7b" Operator="And" Category="TypeOrInstance" Property="Is Element Type" Condition="Equal" Value="False" CaseInsensitive="False" Unit="None" UnitClass="None" FieldTitle="" UserDefined="False" Validation="None" />
        <Filter ID="f8e4e92e-b1ac-4859-afd0-0e2af5b9be00" Operator="And" Category="Parameter" Property="Assembly Code" Condition="NotEqual" Value="D5030100" CaseInsensitive="False" Unit="None" UnitClass="None" FieldTitle="" UserDefined="False" Validation="None" />
      </Check>
      <Check ID="ff6c8bc5-1253-4d36-8b14-aa3087d8fe4f" CheckName="LF-Keynote" Description="Checks for types with Empty or Wrong &quot;Keynote&quot; values" FailureMessage="Type has Empty or Wrong &quot;Keynote&quot; value ! Modify Keynote Code value to become 27 51 17" ResultCondition="FailMatchingElements" CheckType="Custom" IsRequired="True" IsChecked="True">
        <Filter ID="93628114-4d30-4ae6-857e-5259f4186614" Operator="And" Category="Category" Property="OST_CommunicationDevices" Condition="Included" Value="True" CaseInsensitive="False" Unit="None" UnitClass="None" FieldTitle="" UserDefined="False" Validation="None" />
        <Filter ID="3df7e9b5-b858-4b53-a2c0-b85469c70ff3" Operator="And" Category="Parameter" Property="ELEM_FAMILY_PARAM" Condition="Contains" Value="PAS_SPEAKER" CaseInsensitive="False" Unit="None" UnitClass="None" FieldTitle="" UserDefined="False" Validation="None" />
        <Filter ID="01efdd25-a983-4f06-878b-d07e0ea2f454" Operator="And" Category="TypeOrInstance" Property="Is Element Type" Condition="Equal" Value="False" CaseInsensitive="False" Unit="None" UnitClass="None" FieldTitle="" UserDefined="False" Validation="None" />
        <Filter ID="ec1c79f5-85bc-4776-94b2-36de5f4d274e" Operator="And" Category="Parameter" Property="Keynote" Condition="NotEqual" Value="27 51 17" CaseInsensitive="False" Unit="None" UnitClass="None" FieldTitle="" UserDefined="False" Validation="None" />
      </Check>
    </Section>
    <Section ID="a30c6c1b-1457-4f21-9c54-c1a882d3c2e8" SectionName="CD - PAS Rack - Uniformat Codes are Defined Correctly" Title="" IsChecked="True" Description="">
      <Check ID="c19d59c0-c421-4275-85d0-fcb909cd48ec" CheckName="LF-Assembly Code" Description="Checks for types with Empty or Wrong &quot;Assembly Code&quot; values" FailureMessage="Type has Empty or Wrong &quot;Assembly Code&quot; value ! Modify Assembly Code value to become D5030100" ResultCondition="FailMatchingElements" CheckType="Custom" IsRequired="True" IsChecked="True">
        <Filter ID="4fe33af2-f7b6-4366-8991-9627ee6a9dd7" Operator="And" Category="Category" Property="OST_CommunicationDevices" Condition="Included" Value="True" CaseInsensitive="False" Unit="None" UnitClass="None" FieldTitle="" UserDefined="False" Validation="None" />
        <Filter ID="8e3f03d5-5509-4c96-a382-c026e5f0df62" Operator="And" Category="Parameter" Property="ELEM_FAMILY_PARAM" Condition="Contains" Value="RAK-PAS-42U" CaseInsensitive="False" Unit="None" UnitClass="None" FieldTitle="" UserDefined="False" Validation="None" />
        <Filter ID="881b6199-f4ac-428b-850f-1ac1738745e7" Operator="And" Category="TypeOrInstance" Property="Is Element Type" Condition="Equal" Value="False" CaseInsensitive="False" Unit="None" UnitClass="None" FieldTitle="" UserDefined="False" Validation="None" />
        <Filter ID="8e63bbec-cfd1-4ada-9d94-a56a19060f15" Operator="And" Category="Parameter" Property="Assembly Code" Condition="NotEqual" Value="D5030100" CaseInsensitive="False" Unit="None" UnitClass="None" FieldTitle="" UserDefined="False" Validation="None" />
      </Check>
      <Check ID="8f5e0ce5-7209-49d4-ab4d-7482699f680b" CheckName="LF-Keynote" Description="Checks for types with Empty or Wrong &quot;Keynote&quot; values" FailureMessage="Type has Empty or Wrong &quot;Keynote&quot; value ! Modify Keynote Code value to become 27 51 17" ResultCondition="FailMatchingElements" CheckType="Custom" IsRequired="True" IsChecked="True">
        <Filter ID="1d83e721-bafc-4c7b-bd6d-00092a373b50" Operator="And" Category="Category" Property="OST_CommunicationDevices" Condition="Included" Value="True" CaseInsensitive="False" Unit="None" UnitClass="None" FieldTitle="" UserDefined="False" Validation="None" />
        <Filter ID="aa073943-3dd9-4a9e-8616-70cc2ded07fb" Operator="And" Category="Parameter" Property="ELEM_FAMILY_PARAM" Condition="Contains" Value="RAK-PAS-42U" CaseInsensitive="False" Unit="None" UnitClass="None" FieldTitle="" UserDefined="False" Validation="None" />
        <Filter ID="a1082519-7d01-4137-b834-dd39ee63d75d" Operator="And" Category="TypeOrInstance" Property="Is Element Type" Condition="Equal" Value="False" CaseInsensitive="False" Unit="None" UnitClass="None" FieldTitle="" UserDefined="False" Validation="None" />
        <Filter ID="432bf0f1-ebc4-46fb-ad4a-02ea6770cd1a" Operator="And" Category="Parameter" Property="Keynote" Condition="NotEqual" Value="27 51 17" CaseInsensitive="False" Unit="None" UnitClass="None" FieldTitle="" UserDefined="False" Validation="None" />
      </Check>
    </Section>
    <Section ID="be90ed94-8f61-4141-afb3-385de275fbc1" SectionName="CD - Standards&amp;Naming Convention" Title="" IsChecked="True" Description="">
      <Check ID="b8500f6e-05cd-4ab8-a273-fafacbfbd86f" CheckName="CD are Compliant with Project Standards" Description="Checks for types if it is not a Project Standard" FailureMessage="Type does not match Project Standards ! Define this type in Project Standard list or change it to one of Project Standards types." ResultCondition="FailMatchingElements" CheckType="Custom" IsRequired="True" IsChecked="True">
        <Filter ID="6d8772e6-6ce5-48fa-8429-9a629c17e321" Operator="And" Category="Category" Property="OST_CommunicationDevices" Condition="Included" Value="True" CaseInsensitive="False" Unit="None" UnitClass="None" FieldTitle="" UserDefined="False" Validation="None" />
        <Filter ID="bf316a92-b89d-42d5-a2b2-b1dda30759f6" Operator="And" Category="TypeOrInstance" Property="Is Element Type" Condition="Equal" Value="True" CaseInsensitive="False" Unit="None" UnitClass="None" FieldTitle="" UserDefined="False" Validation="None" />
        <Filter ID="efc71632-3dae-4b60-abfb-bd5df0281419" Operator="And" Category="Parameter" Property="ALL_MODEL_FAMILY_NAME" Condition="DoesNotContain" Value="AV_Ceiling_IP_Dar" CaseInsensitive="False" Unit="None" UnitClass="None" FieldTitle="" UserDefined="False" Validation="None" />
        <Filter ID="c9e6f743-293f-4c29-a5e1-5f299cbf9ec6" Operator="And" Category="Parameter" Property="ALL_MODEL_FAMILY_NAME" Condition="DoesNotContain" Value="AV_Ceiling_VP_Dar" CaseInsensitive="False" Unit="None" UnitClass="None" FieldTitle="" UserDefined="False" Validation="None" />
        <Filter ID="7d08db3c-f5ee-4ee2-b63e-33d1775c2194" Operator="And" Category="Parameter" Property="ALL_MODEL_FAMILY_NAME" Condition="DoesNotContain" Value="AV_Display_Screen_Ceiling_Dar" CaseInsensitive="False" Unit="None" UnitClass="None" FieldTitle="" UserDefined="False" Validation="None" />
        <Filter ID="c20a4526-d262-4a82-bdfd-d10d00a8e603" Operator="And" Category="Parameter" Property="ALL_MODEL_FAMILY_NAME" Condition="DoesNotContain" Value="AV_Display_Screen_Wall_Dar" CaseInsensitive="False" Unit="None" UnitClass="None" FieldTitle="" UserDefined="False" Validation="None" />
        <Filter ID="7b2231dc-8b45-4e6f-adb2-107ec3773023" Operator="And" Category="Parameter" Property="ALL_MODEL_FAMILY_NAME" Condition="DoesNotContain" Value="AV_Floor_Box_Dar" CaseInsensitive="False" Unit="None" UnitClass="None" FieldTitle="" UserDefined="False" Validation="None" />
        <Filter ID="8082aa06-1911-4b4e-b0af-31c22c3646a8" Operator="And" Category="Parameter" Property="ALL_MODEL_FAMILY_NAME" Condition="DoesNotContain" Value="AV_Floor_IP_Dar" CaseInsensitive="False" Unit="None" UnitClass="None" FieldTitle="" UserDefined="False" Validation="None" />
        <Filter ID="61899b44-8c60-4529-9f37-ffc4d2ef290a" Operator="And" Category="Parameter" Property="ALL_MODEL_FAMILY_NAME" Condition="DoesNotContain" Value="AV_Floor_Microphone_Dar" CaseInsensitive="False" Unit="None" UnitClass="None" FieldTitle="" UserDefined="False" Validation="None" />
        <Filter ID="995b5b95-5afd-4de3-887d-35ea80ecb3eb" Operator="And" Category="Parameter" Property="ALL_MODEL_FAMILY_NAME" Condition="DoesNotContain" Value="AV_Floor_Rack_Dar" CaseInsensitive="False" Unit="None" UnitClass="None" FieldTitle="" UserDefined="False" Validation="None" />
        <Filter ID="40b677e8-4fb2-4133-81e3-02adeb4639c2" Operator="And" Category="Parameter" Property="ALL_MODEL_FAMILY_NAME" Condition="DoesNotContain" Value="AV_Furniture_Microphone_Dar" CaseInsensitive="False" Unit="None" UnitClass="None" FieldTitle="" UserDefined="False" Validation="None" />
        <Filter ID="9fd8dccb-d49d-4a01-9301-b728904db658" Operator="And" Category="Parameter" Property="ALL_MODEL_FAMILY_NAME" Condition="DoesNotContain" Value="AV_Furniture_Microphone_For_Speaker_Dar" CaseInsensitive="False" Unit="None" UnitClass="None" FieldTitle="" UserDefined="False" Validation="None" />
        <Filter ID="c90548c8-f8c1-48d9-8b51-0dee427ee8d3" Operator="And" Category="Parameter" Property="ALL_MODEL_FAMILY_NAME" Condition="DoesNotContain" Value="AV_Furniture_Touch_Screen_Dar" CaseInsensitive="False" Unit="None" UnitClass="None" FieldTitle="" UserDefined="False" Validation="None" />
        <Filter ID="0ed9f7c8-266a-4bd0-9c98-98fc36d5ac24" Operator="And" Category="Parameter" Property="ALL_MODEL_FAMILY_NAME" Condition="DoesNotContain" Value="AV_Furnuture_Receiver_Dar" CaseInsensitive="False" Unit="None" UnitClass="None" FieldTitle="" UserDefined="False" Validation="None" />
        <Filter ID="4a9ff91e-f9dd-4c0c-8206-10a399200c1a" Operator="And" Category="Parameter" Property="ALL_MODEL_FAMILY_NAME" Condition="DoesNotContain" Value="AV_Numerical_Display_Screen_Wall_Dar" CaseInsensitive="False" Unit="None" UnitClass="None" FieldTitle="" UserDefined="False" Validation="None" />
        <Filter ID="234f47f0-3458-4c08-bb4e-3a4fc50c160d" Operator="And" Category="Parameter" Property="ALL_MODEL_FAMILY_NAME" Condition="DoesNotContain" Value="AV_Wall_Rack_Dar" CaseInsensitive="False" Unit="None" UnitClass="None" FieldTitle="" UserDefined="False" Validation="None" />
        <Filter ID="0b72b95d-150b-4500-940b-8be93a9e29b3" Operator="And" Category="Parameter" Property="ALL_MODEL_FAMILY_NAME" Condition="DoesNotContain" Value="AV_Wall_Touch_Screen_Dar" CaseInsensitive="False" Unit="None" UnitClass="None" FieldTitle="" UserDefined="False" Validation="None" />
        <Filter ID="c5f0e245-cca7-4210-80c3-495abe75f35b" Operator="And" Category="Parameter" Property="ALL_MODEL_FAMILY_NAME" Condition="DoesNotContain" Value="AV_Wall_Volume_Controller_Dar" CaseInsensitive="False" Unit="None" UnitClass="None" FieldTitle="" UserDefined="False" Validation="None" />
        <Filter ID="d6947721-3a80-4eab-a511-7057af1bd225" Operator="And" Category="Parameter" Property="ALL_MODEL_FAMILY_NAME" Condition="DoesNotContain" Value="COM_Ceiling_Radio_Antenna_Dar" CaseInsensitive="False" Unit="None" UnitClass="None" FieldTitle="" UserDefined="False" Validation="None" />
        <Filter ID="65542138-4bcb-4a4f-b8e5-ad7e05038e63" Operator="And" Category="Parameter" Property="ALL_MODEL_FAMILY_NAME" Condition="DoesNotContain" Value="COM_J_Hook_2_Tier_Wall_Dar" CaseInsensitive="False" Unit="None" UnitClass="None" FieldTitle="" UserDefined="False" Validation="None" />
        <Filter ID="268a6db8-3515-4efb-8d79-8b142d31cd49" Operator="And" Category="Parameter" Property="ALL_MODEL_FAMILY_NAME" Condition="DoesNotContain" Value="COM_Wall_Radio_Antenna_Dar" CaseInsensitive="False" Unit="None" UnitClass="None" FieldTitle="" UserDefined="False" Validation="None" />
        <Filter ID="6df743c0-82f1-480f-9462-95b2cf754b05" Operator="And" Category="Parameter" Property="ALL_MODEL_FAMILY_NAME" Condition="DoesNotContain" Value="Intercom_Control_Unit_Wall_Dar" CaseInsensitive="False" Unit="None" UnitClass="None" FieldTitle="" UserDefined="False" Validation="None" />
        <Filter ID="a34762a8-ef97-4064-8857-ec258a199d04" Operator="And" Category="Parameter" Property="ALL_MODEL_FAMILY_NAME" Condition="DoesNotContain" Value="Loop_Detector_Floor_Dar" CaseInsensitive="False" Unit="None" UnitClass="None" FieldTitle="" UserDefined="False" Validation="None" />
        <Filter ID="976ab3dc-fa50-4b27-a884-d0f33a795211" Operator="And" Category="Parameter" Property="ALL_MODEL_FAMILY_NAME" Condition="DoesNotContain" Value="PAS_Speaker_Ceiling_Dar" CaseInsensitive="False" Unit="None" UnitClass="None" FieldTitle="" UserDefined="False" Validation="None" />
        <Filter ID="d455b615-98d9-4be0-abcf-57d101ce8f29" Operator="And" Category="Parameter" Property="ALL_MODEL_FAMILY_NAME" Condition="DoesNotContain" Value="PAS_Speaker_Wall_Dar" CaseInsensitive="False" Unit="None" UnitClass="None" FieldTitle="" UserDefined="False" Validation="None" />
        <Filter ID="ba94670c-c9dd-425e-a930-c57b41d10ceb" Operator="And" Category="Parameter" Property="ALL_MODEL_FAMILY_NAME" Condition="DoesNotContain" Value="VTC_Camera_Wall_Dar" CaseInsensitive="False" Unit="None" UnitClass="None" FieldTitle="" UserDefined="False" Validation="None" />
        <Filter ID="a4ff4282-42ed-4bbd-a83d-d7a93f57d21d" Operator="And" Category="Parameter" Property="ALL_MODEL_FAMILY_NAME" Condition="DoesNotContain" Value="Intercom_Station_Wall_Dar" CaseInsensitive="False" Unit="None" UnitClass="None" FieldTitle="" UserDefined="False" Validation="None" />
      </Check>
    </Section>
  </Heading>
  <Heading ID="0cd5cead-7925-4511-b9ae-b6075ec6c406" HeadingText="Cable Trays" Description="" IsChecked="True">
    <Section ID="f5a412f4-cd53-4db1-9b04-13344d127d45" SectionName="CT - Missing Uniformat Codes" Title="" IsChecked="False" Description="">
      <Check ID="cc423772-4557-4b0a-a8dd-ed59cf62589c" CheckName="Assembly Code" Description="Checks for types with empty &quot;Assembly&quot; values" FailureMessage="Type has empty &quot;Assembly&quot; value" ResultCondition="FailMatchingElements" CheckType="Custom" IsRequired="True" IsChecked="True">
        <Filter ID="a9f84c88-fb1c-445d-b2f6-c9eb733dfdb2" Operator="And" Category="Category" Property="OST_CableTray" Condition="Included" Value="True" CaseInsensitive="False" Unit="None" UnitClass="None" FieldTitle="" UserDefined="False" Validation="None" />
        <Filter ID="2636f502-6176-4600-83be-aabd36dd1037" Operator="And" Category="Parameter" Property="Assembly Code" Condition="HasValue" Value="False" CaseInsensitive="False" Unit="None" UnitClass="None" FieldTitle="" UserDefined="False" Validation="None" />
        <Filter ID="b4ca320c-6bc9-415d-b3b1-8977c3da9d3c" Operator="And" Category="TypeOrInstance" Property="Is Element Type" Condition="Equal" Value="True" CaseInsensitive="False" Unit="None" UnitClass="None" FieldTitle="" UserDefined="False" Validation="None" />
      </Check>
      <Check ID="c420a95f-ec48-4fb8-b479-1404930571d5" CheckName="Keynote" Description="Checks for types with empty &quot;Keynote&quot; values" FailureMessage="Type has empty &quot;Keynote&quot; value" ResultCondition="FailMatchingElements" CheckType="Custom" IsRequired="True" IsChecked="True">
        <Filter ID="1b8fdf4c-a862-45e4-9087-19cdeb9a6bad" Operator="And" Category="Category" Property="OST_CableTray" Condition="Included" Value="True" CaseInsensitive="False" Unit="None" UnitClass="None" FieldTitle="" UserDefined="False" Validation="None" />
        <Filter ID="6734b3d4-6185-4785-b10c-76a520c7cc17" Operator="And" Category="Parameter" Property="Keynote" Condition="HasValue" Value="False" CaseInsensitive="False" Unit="None" UnitClass="None" FieldTitle="" UserDefined="False" Validation="None" />
        <Filter ID="443a7c5b-1719-4c6e-a77e-d3ad92890173" Operator="And" Category="TypeOrInstance" Property="Is Element Type" Condition="Equal" Value="True" CaseInsensitive="False" Unit="None" UnitClass="None" FieldTitle="" UserDefined="False" Validation="None" />
      </Check>
    </Section>
  </Heading>
  <Heading ID="481c8a66-274f-49dc-a424-769d53586984" HeadingText="&lt;--Unused--&gt;" Description="Checks that have been created but not placed in the structure yet." IsChecked="True">
    <Section ID="25165433-1d6a-48a0-bdee-f0ea4833bc40" SectionName="&lt;--Unused--&gt;" Title="Checks that have not been placed" IsChecked="True" Description="" />
  </Heading>
</MCSettings>