﻿<?xml version="1.0" encoding="UTF-8" standalone="yes"?>
<MCSettings AllowRequired="False" Name="Electrical Model Element Checks" Author="" Description="" Image="http://www.biminteroperabilitytools.com/modelchecker/downloads/TN-100.png" LastModified="132301425391993235">
  <Heading ID="ad81c429-37c8-480c-a819-0ee7f41adaaf" HeadingText="LC Model Element Checks" Description="" IsChecked="True" />
  <Heading ID="ccbe7c0b-55f3-48bb-a88f-8db0205d06e8" HeadingText="ELEMENTS CONSTRAINTS" Description="" IsChecked="True">
    <Section ID="1be651f7-af62-49db-b3ec-dce8442612b0" SectionName="ELEMENTS CONSTRAINTS" Title="" IsChecked="True" Description="">
      <Section ID="f90355b0-6101-4d18-9320-fe62cf0d0646" SectionName="SPACES" Title="" IsChecked="True" Description="">
        <Check ID="e0c4dc72-07c7-4a5d-8dee-84ebada51fc8" CheckName="Associated room name " Description="space refers to unoccupied" FailureMessage="Space doesn't refer to valid room element, check link or remove " ResultCondition="FailMatchingElements" CheckType="Custom" IsRequired="False" IsChecked="True">
          <Filter ID="04e9af37-d86f-49b7-8bc6-e001ed6acd2f" Operator="And" Category="Category" Property="OST_MEPSpaces" Condition="Included" Value="True" CaseInsensitive="False" Unit="None" UnitClass="None" FieldTitle="" UserDefined="False" Validation="None" />
          <Filter ID="36b44c65-8202-43d3-9ff2-60d0930ceae9" Operator="And" Category="Parameter" Property="SPACE_ASSOC_ROOM_NAME" Condition="Contains" Value="Unoccupied" CaseInsensitive="False" Unit="None" UnitClass="None" FieldTitle="" UserDefined="False" Validation="None" />
          <Filter ID="9f805315-44a6-46f0-a8d9-06b28ac39eab" Operator="And" Category="TypeOrInstance" Property="Is Element Type" Condition="Equal" Value="False" CaseInsensitive="False" Unit="None" UnitClass="None" FieldTitle="" UserDefined="False" Validation="None" />
        </Check>
        <Check ID="dbc81fa5-536a-4eb2-9305-8a2d916f32db" CheckName="space naming" Description="Space name should match room name " FailureMessage="Check space names and run space naming utility" ResultCondition="FailMatchingElements" CheckType="Custom" IsRequired="False" IsChecked="True">
          <Filter ID="906f1d1f-a05c-4bb8-bdc8-9010f6408170" Operator="And" Category="Category" Property="OST_MEPSpaces" Condition="Included" Value="True" CaseInsensitive="False" Unit="None" UnitClass="None" FieldTitle="" UserDefined="False" Validation="None" />
          <Filter ID="d8ed9d7b-3a77-4c2e-8c6c-55cb99405be2" Operator="And" Category="Parameter" Property="ROOM_NAME" Condition="Contains" Value="Space" CaseInsensitive="False" Unit="None" UnitClass="None" FieldTitle="" UserDefined="False" Validation="None" />
          <Filter ID="c665a952-13e4-4d84-a6d2-e371de44429b" Operator="And" Category="TypeOrInstance" Property="Is Element Type" Condition="Equal" Value="False" CaseInsensitive="False" Unit="None" UnitClass="None" FieldTitle="" UserDefined="False" Validation="None" />
        </Check>
      </Section>
      <Section ID="ff5a0596-00db-4a49-ac2a-b845a9266b26" SectionName="Hosting" Title="" IsChecked="True" Description="">
        <Check ID="2332de32-d9e4-47fe-a829-948ff520eee0" CheckName="Non Hosted Elements" Description="Check non hosted electrical elements" FailureMessage="Elements are not associated to host, please check" ResultCondition="FailMatchingElements" CheckType="Custom" IsRequired="False" IsChecked="True">
          <Filter ID="4c6f2ba7-5166-4655-b186-ee0bc3ba4856" Operator="And" Category="Category" Property="OST_FireAlarmDevices" Condition="Included" Value="True" CaseInsensitive="False" Unit="None" UnitClass="None" FieldTitle="" UserDefined="False" Validation="None" />
          <Filter ID="bd6f5beb-afcb-4680-b06b-dc06b4940e29" Operator="And" Category="Parameter" Property="INSTANCE_FREE_HOST_PARAM" Condition="Contains" Value="&lt;not associated&gt;" CaseInsensitive="False" Unit="None" UnitClass="None" FieldTitle="" UserDefined="False" Validation="None" />
          <Filter ID="b36ee3fc-cbae-46a8-a569-01c556c77ec1" Operator="And" Category="TypeOrInstance" Property="Is Element Type" Condition="Equal" Value="False" CaseInsensitive="False" Unit="None" UnitClass="None" FieldTitle="" UserDefined="False" Validation="None" />
          <Filter ID="918aaacc-af98-405b-bae4-1bc049926ed4" Operator="Or" Category="Category" Property="OST_SecurityDevices" Condition="Included" Value="True" CaseInsensitive="False" Unit="None" UnitClass="None" FieldTitle="" UserDefined="False" Validation="None" />
          <Filter ID="ede4167a-323e-421f-9199-df337c793611" Operator="And" Category="Parameter" Property="INSTANCE_FREE_HOST_PARAM" Condition="Contains" Value="&lt;not associated&gt;" CaseInsensitive="False" Unit="None" UnitClass="None" FieldTitle="" UserDefined="False" Validation="None" />
          <Filter ID="89f80081-ed3f-44f3-83de-e2e325f92042" Operator="And" Category="TypeOrInstance" Property="Is Element Type" Condition="Equal" Value="False" CaseInsensitive="False" Unit="None" UnitClass="None" FieldTitle="" UserDefined="False" Validation="None" />
          <Filter ID="51024ec0-5c7a-42aa-bc16-cb05d3e97447" Operator="Or" Category="Category" Property="OST_CommunicationDevices" Condition="Included" Value="True" CaseInsensitive="False" Unit="None" UnitClass="None" FieldTitle="" UserDefined="False" Validation="None" />
          <Filter ID="520994d9-9998-4f29-85f2-ced40afd3991" Operator="And" Category="Parameter" Property="INSTANCE_FREE_HOST_PARAM" Condition="Contains" Value="&lt;not associated&gt;" CaseInsensitive="False" Unit="None" UnitClass="None" FieldTitle="" UserDefined="False" Validation="None" />
          <Filter ID="ea9ef5f2-178c-47e3-b1a0-8137bb910d98" Operator="And" Category="TypeOrInstance" Property="Is Element Type" Condition="Equal" Value="False" CaseInsensitive="False" Unit="None" UnitClass="None" FieldTitle="" UserDefined="False" Validation="None" />
        </Check>
        <Check ID="8a199fac-b224-4adb-96e6-69206a923f7c" CheckName="orphaned elements" Description="Check non hosted electrical elements" FailureMessage="orphaned elements, pick new host" ResultCondition="FailMatchingElements" CheckType="Custom" IsRequired="False" IsChecked="True">
          <Filter ID="f36c7149-36c8-46b2-8358-7b277e6a7724" Operator="And" Category="Category" Property="OST_FireAlarmDevices" Condition="Included" Value="True" CaseInsensitive="False" Unit="None" UnitClass="None" FieldTitle="" UserDefined="False" Validation="None" />
          <Filter ID="dc222ae7-6742-4a8f-9c13-652282bf2aa5" Operator="And" Category="Parameter" Property="INSTANCE_FREE_HOST_PARAM" Condition="Contains" Value="orphaned" CaseInsensitive="False" Unit="None" UnitClass="None" FieldTitle="" UserDefined="False" Validation="None" />
          <Filter ID="6e2eb1ea-88ab-41d9-b1a6-8615d825bc02" Operator="And" Category="TypeOrInstance" Property="Is Element Type" Condition="Equal" Value="False" CaseInsensitive="False" Unit="None" UnitClass="None" FieldTitle="" UserDefined="False" Validation="None" />
          <Filter ID="69277e3b-e8df-4d2f-8340-f4c4cd4ab9b3" Operator="Or" Category="Category" Property="OST_SecurityDevices" Condition="Included" Value="True" CaseInsensitive="False" Unit="None" UnitClass="None" FieldTitle="" UserDefined="False" Validation="None" />
          <Filter ID="d0ab42e2-5a6e-4717-8575-ee5d1f877870" Operator="And" Category="Parameter" Property="INSTANCE_FREE_HOST_PARAM" Condition="Contains" Value="orphaned" CaseInsensitive="False" Unit="None" UnitClass="None" FieldTitle="" UserDefined="False" Validation="None" />
          <Filter ID="76c6f12d-6958-4f44-9a25-6fc207ec47ae" Operator="And" Category="TypeOrInstance" Property="Is Element Type" Condition="Equal" Value="False" CaseInsensitive="False" Unit="None" UnitClass="None" FieldTitle="" UserDefined="False" Validation="None" />
          <Filter ID="3c65b484-3b57-45b9-b404-902c39dcc933" Operator="Or" Category="Category" Property="OST_FireAlarmDevices" Condition="Included" Value="True" CaseInsensitive="False" Unit="None" UnitClass="None" FieldTitle="" UserDefined="False" Validation="None" />
          <Filter ID="1bdc317d-c85d-4a84-a360-908e255b0ca4" Operator="And" Category="Parameter" Property="INSTANCE_FREE_HOST_PARAM" Condition="Contains" Value="orphaned" CaseInsensitive="False" Unit="None" UnitClass="None" FieldTitle="" UserDefined="False" Validation="None" />
          <Filter ID="216022e3-b9a3-4949-af65-793e16383512" Operator="And" Category="TypeOrInstance" Property="Is Element Type" Condition="Equal" Value="False" CaseInsensitive="False" Unit="None" UnitClass="None" FieldTitle="" UserDefined="False" Validation="None" />
        </Check>
      </Section>
      <Section ID="56a12d10-aa2a-46c3-aa2e-dc2392988578" SectionName="Electrical fixtures" Title="" IsChecked="True" Description="">
        <Check ID="8d8b1579-7e59-495a-8a81-8cc6e4db06ee" CheckName="Fixture Height " Description="Fixture elevation should be checked " FailureMessage="Check electrical fixture elevation and workplane height,location" ResultCondition="FailMatchingElements" CheckType="Custom" IsRequired="False" IsChecked="True">
          <Filter ID="7ba490c3-8894-4335-8969-25f301c9495e" Operator="And" Category="Category" Property="OST_ElectricalFixtures" Condition="Included" Value="True" CaseInsensitive="False" Unit="None" UnitClass="None" FieldTitle="" UserDefined="False" Validation="None" />
          <Filter ID="0e7d4430-5241-4e76-989f-e4ecc08af52d" Operator="And" Category="Parameter" Property="INSTANCE_ELEVATION_PARAM" Condition="GreaterThan" Value="5000" CaseInsensitive="False" Unit="None" UnitClass="None" FieldTitle="" UserDefined="False" Validation="None" />
          <Filter ID="713c4b63-dfcd-4844-b45a-9d7e265216d2" Operator="And" Category="TypeOrInstance" Property="Is Element Type" Condition="Equal" Value="False" CaseInsensitive="False" Unit="None" UnitClass="None" FieldTitle="" UserDefined="False" Validation="None" />
          <Filter ID="3c86fda2-59bb-4e4d-8b35-e8b9217990d1" Operator="Or" Category="Category" Property="OST_ElectricalFixtures" Condition="Included" Value="True" CaseInsensitive="False" Unit="None" UnitClass="None" FieldTitle="" UserDefined="False" Validation="None" />
          <Filter ID="35a77277-f866-4dfa-aa40-3a3094fd067c" Operator="And" Category="Parameter" Property="INSTANCE_ELEVATION_PARAM" Condition="LessThan" Value="0" CaseInsensitive="False" Unit="None" UnitClass="None" FieldTitle="" UserDefined="False" Validation="None" />
          <Filter ID="153fa1d9-8eca-48fb-90e4-e00abd5dc40e" Operator="And" Category="TypeOrInstance" Property="Is Element Type" Condition="Equal" Value="False" CaseInsensitive="False" Unit="None" UnitClass="None" FieldTitle="" UserDefined="False" Validation="None" />
        </Check>
      </Section>
    </Section>
  </Heading>
  <Heading ID="78646f1a-2655-4916-ac58-23f8c08ec633" HeadingText="Spaces" Description="" IsChecked="True">
    <Section ID="e1f82d16-1953-4280-90ea-b47f2bf6428f" SectionName="No duplicate spaces" Title="" IsChecked="True" Description="">
      <Check ID="7c63a699-9115-42da-b290-8eb6a5b89af0" CheckName="Spaces with NO Duplicated Space Number" Description="Checks for Space Duplicated Space Number" FailureMessage="Some spaces have duplicate numbers. Check space Schedule to delete duplicated spaces" ResultCondition="FailMatchingElements" CheckType="Custom" IsRequired="False" IsChecked="True">
        <Filter ID="2cd33280-29a8-48d3-bee0-d1989e9fe2c5" Operator="And" Category="Category" Property="OST_MEPSpaces" Condition="Included" Value="True" CaseInsensitive="False" Unit="None" UnitClass="None" FieldTitle="" UserDefined="False" Validation="None" />
        <Filter ID="cdc15001-5c20-4cd7-8d55-c313ac2ead72" Operator="And" Category="Parameter" Property="ROOM_NUMBER" Condition="Duplicated" Value="True" CaseInsensitive="False" Unit="None" UnitClass="None" FieldTitle="" UserDefined="False" Validation="None" />
        <Filter ID="7e6d2bd7-fa49-41f0-9dde-a6a226a0570a" Operator="And" Category="TypeOrInstance" Property="Is Element Type" Condition="Equal" Value="False" CaseInsensitive="False" Unit="None" UnitClass="None" FieldTitle="" UserDefined="False" Validation="None" />
      </Check>
    </Section>
    <Section ID="180c4128-2061-4fd3-8ee1-2e82314ab882" SectionName="NO Unplaced or Redundant Rooms" Title="" IsChecked="True" Description="">
      <Check ID="09eca9dc-753b-4519-8383-f2df6356e81e" CheckName="Spaces are consistent with No Unplaced or Redundant spaces" Description="Checks for spaces that are &quot;not placed&quot;, &quot;not enclosed&quot;, or &quot;redundant&quot; in the model." FailureMessage="Some spaces are  &quot;not placed&quot;, &quot;not enclosed&quot;, or &quot;redundant&quot; . Check Space Schedule" ResultCondition="FailMatchingElements" CheckType="Custom" IsRequired="False" IsChecked="True">
        <Filter ID="35aa2185-45f2-4825-a46b-df383b0f65f2" Operator="And" Category="Category" Property="OST_MEPSpaces" Condition="Included" Value="True" CaseInsensitive="False" Unit="None" UnitClass="None" FieldTitle="" UserDefined="False" Validation="None" />
        <Filter ID="4127343f-7246-49cc-863e-cb3e754c9cc5" Operator="And" Category="Parameter" Property="ROOM_AREA" Condition="Equal" Value="0" CaseInsensitive="False" Unit="None" UnitClass="None" FieldTitle="" UserDefined="False" Validation="None" />
        <Filter ID="d7a66797-4acd-4aea-8dcd-96e981fe44a1" Operator="And" Category="TypeOrInstance" Property="Is Element Type" Condition="Equal" Value="False" CaseInsensitive="False" Unit="None" UnitClass="None" FieldTitle="" UserDefined="False" Validation="None" />
      </Check>
    </Section>
  </Heading>
  <Heading ID="af6239e0-bf2b-4d92-bb56-e2fa50de24a4" HeadingText="Views" Description="" IsChecked="True">
    <Section ID="bad13f9d-f13b-47a1-a79d-94c05b0384ee" SectionName="View Templates applied" Title="" IsChecked="True" Description="">
      <Check ID="52d5421f-c88e-4d89-9108-05a70910442d" CheckName="Check view templates" Description="view templates missing for documentation views " FailureMessage="All floor plans under documentation should have their view templates applied" ResultCondition="FailMatchingElements" CheckType="Custom" IsRequired="False" IsChecked="True">
        <Filter ID="267c247b-97d4-45e8-8a43-97c933f4c66f" Operator="And" Category="Category" Property="OST_Views" Condition="Included" Value="True" CaseInsensitive="False" Unit="None" UnitClass="None" FieldTitle="" UserDefined="False" Validation="None" />
        <Filter ID="1db0fce7-4d02-437b-9440-b7f30d950932" Operator="And" Category="Parameter" Property="Folder" Condition="Contains" Value="Documentation" CaseInsensitive="False" Unit="None" UnitClass="None" FieldTitle="" UserDefined="False" Validation="None" />
        <Filter ID="73a4c056-57e4-4d90-a9b8-fd202ade4884" Operator="And" Category="Parameter" Property="VIEW_TEMPLATE_FOR_SCHEDULE" Condition="HasNoValue" Value="True" CaseInsensitive="False" Unit="None" UnitClass="None" FieldTitle="" UserDefined="False" Validation="None" />
        <Filter ID="b2ea1c73-70bc-4853-a4fa-d5969039c41f" Operator="And" Category="TypeOrInstance" Property="Is Element Type" Condition="Equal" Value="False" CaseInsensitive="False" Unit="None" UnitClass="None" FieldTitle="" UserDefined="False" Validation="None" />
        <Filter ID="368ffdd6-5727-44c2-97e5-3937bbd60580" Operator="Exclude" Category="Workset" Property="Name" Condition="Contains" Value="View Template" CaseInsensitive="False" Unit="None" UnitClass="None" FieldTitle="" UserDefined="False" Validation="None" />
      </Check>
    </Section>
    <Section ID="1012d43d-99c9-4038-acd3-f7d41cf62f7f" SectionName="View folder " Title="" IsChecked="True" Description="">
      <Check ID="b501069c-d9bb-4a00-8c5f-8bb26b9ecc7d" CheckName="view folder " Description="Views that are not placed under folders" FailureMessage="All views in model should be placed under corresponding folder, move views to folder or delete from model" ResultCondition="FailMatchingElements" CheckType="Custom" IsRequired="False" IsChecked="True">
        <Filter ID="e0775fc1-979d-4fef-8b00-269047d6e727" Operator="And" Category="Category" Property="OST_Views" Condition="Included" Value="True" CaseInsensitive="False" Unit="None" UnitClass="None" FieldTitle="" UserDefined="False" Validation="None" />
        <Filter ID="3a9c1077-653a-4a61-bc64-a869bade7144" Operator="And" Category="Parameter" Property="Folder" Condition="Defined" Value="True" CaseInsensitive="False" Unit="None" UnitClass="None" FieldTitle="" UserDefined="False" Validation="None" />
        <Filter ID="23a462c0-aae9-4b2a-bf2c-d57df62226cc" Operator="And" Category="Parameter" Property="Folder" Condition="HasNoValue" Value="True" CaseInsensitive="False" Unit="None" UnitClass="None" FieldTitle="" UserDefined="False" Validation="None" />
        <Filter ID="3b2ce8bd-ef0d-4fa2-8035-927b1a8d7db1" Operator="And" Category="TypeOrInstance" Property="Is Element Type" Condition="Equal" Value="False" CaseInsensitive="False" Unit="None" UnitClass="None" FieldTitle="" UserDefined="False" Validation="None" />
        <Filter ID="892d7c8e-737d-4b0a-b26e-aea6e18cbc96" Operator="Exclude" Category="Workset" Property="Name" Condition="Contains" Value="View Template" CaseInsensitive="False" Unit="None" UnitClass="None" FieldTitle="" UserDefined="False" Validation="None" />
      </Check>
    </Section>
  </Heading>
  <Heading ID="94170072-abea-4ae3-8d61-428793a1c355" HeadingText="&lt;--Unused--&gt;" Description="Checks that have been created but not placed in the structure yet." IsChecked="True">
    <Section ID="39842456-8f68-4281-b306-46de0173fcd2" SectionName="&lt;--Unused--&gt;" Title="Checks that have not been placed" IsChecked="True" Description="" />
  </Heading>
</MCSettings>