﻿<?xml version="1.0" encoding="UTF-8" standalone="yes"?>
<MCSettings AllowRequired="False" Name="Electrical Model Element Checks" Author="" Description="" Image="http://www.biminteroperabilitytools.com/modelchecker/downloads/TN-100.png" LastModified="132301373508616308">
  <Heading ID="8c80bfd2-b670-46c5-88a5-5da6d1c4a9f7" HeadingText="EL Model Element Checks" Description="" IsChecked="True" />
  <Heading ID="ea6cd92b-3bd4-4c09-8ace-9c01c42c83c4" HeadingText="ELEMENTS CONSTRAINTS" Description="" IsChecked="True">
    <Section ID="a96bd052-af06-4dc1-b2be-9e1f47c9d3a8" SectionName="ELEMENTS CONSTRAINTS" Title="" IsChecked="True" Description="">
      <Section ID="af780d3e-7e60-47a1-9a86-5988b9ddc325" SectionName="SPACES" Title="" IsChecked="True" Description="">
        <Check ID="2efc85d2-6dd9-4d78-aaab-e4524991515a" CheckName="Associated room name " Description="space refers to unoccupied" FailureMessage="Space doesn't refer to valid room element, check link or remove " ResultCondition="FailMatchingElements" CheckType="Custom" IsRequired="False" IsChecked="True">
          <Filter ID="0106d3ec-096c-49f6-aaf3-3c503fa73200" Operator="And" Category="Category" Property="OST_MEPSpaces" Condition="Included" Value="True" CaseInsensitive="False" Unit="None" UnitClass="None" FieldTitle="" UserDefined="False" Validation="None" />
          <Filter ID="a4dc1b55-48e4-4fe6-b337-c3388837a062" Operator="And" Category="Parameter" Property="SPACE_ASSOC_ROOM_NAME" Condition="Contains" Value="Unoccupied" CaseInsensitive="False" Unit="None" UnitClass="None" FieldTitle="" UserDefined="False" Validation="None" />
          <Filter ID="5f853484-e86b-4c36-b6c3-89c43bab3f01" Operator="And" Category="TypeOrInstance" Property="Is Element Type" Condition="Equal" Value="False" CaseInsensitive="False" Unit="None" UnitClass="None" FieldTitle="" UserDefined="False" Validation="None" />
        </Check>
        <Check ID="b5f97b1a-0521-4daf-9c12-c4f70d8162f0" CheckName="space naming" Description="Space name should match room name " FailureMessage="Check space names and run space naming utility" ResultCondition="FailMatchingElements" CheckType="Custom" IsRequired="False" IsChecked="True">
          <Filter ID="8b5f2c70-8962-4923-b63c-7c706db529ae" Operator="And" Category="Category" Property="OST_MEPSpaces" Condition="Included" Value="True" CaseInsensitive="False" Unit="None" UnitClass="None" FieldTitle="" UserDefined="False" Validation="None" />
          <Filter ID="8112551e-7142-489a-a347-2ef589dc6447" Operator="And" Category="Parameter" Property="ROOM_NAME" Condition="Contains" Value="Space" CaseInsensitive="False" Unit="None" UnitClass="None" FieldTitle="" UserDefined="False" Validation="None" />
          <Filter ID="194bf570-4f54-4ebb-bbe4-73bc4ff9c654" Operator="And" Category="TypeOrInstance" Property="Is Element Type" Condition="Equal" Value="False" CaseInsensitive="False" Unit="None" UnitClass="None" FieldTitle="" UserDefined="False" Validation="None" />
        </Check>
      </Section>
      <Section ID="43955d64-8936-4428-9a1c-e4fa8934384b" SectionName="Hosting" Title="" IsChecked="True" Description="">
        <Check ID="2c972114-0fa3-4c5b-9d51-5ba5013677a4" CheckName="Non Hosted Elements" Description="Check non hosted electrical elements" FailureMessage="Elements are not associated to host, please check" ResultCondition="FailMatchingElements" CheckType="Custom" IsRequired="False" IsChecked="True">
          <Filter ID="54e0577f-e817-40d2-b9aa-83fa75edfe53" Operator="And" Category="Category" Property="OST_ElectricalFixtures" Condition="Included" Value="True" CaseInsensitive="False" Unit="None" UnitClass="None" FieldTitle="" UserDefined="False" Validation="None" />
          <Filter ID="5666a688-a973-4617-800c-582363151235" Operator="And" Category="Parameter" Property="INSTANCE_FREE_HOST_PARAM" Condition="Contains" Value="&lt;not associated&gt;" CaseInsensitive="False" Unit="None" UnitClass="None" FieldTitle="" UserDefined="False" Validation="None" />
          <Filter ID="6f5088e2-51ea-4dc8-814d-b6e71161542f" Operator="And" Category="TypeOrInstance" Property="Is Element Type" Condition="Equal" Value="False" CaseInsensitive="False" Unit="None" UnitClass="None" FieldTitle="" UserDefined="False" Validation="None" />
          <Filter ID="cd6c001e-bf83-4014-84b5-bf99a8319054" Operator="Or" Category="Category" Property="OST_LightingDevices" Condition="Included" Value="True" CaseInsensitive="False" Unit="None" UnitClass="None" FieldTitle="" UserDefined="False" Validation="None" />
          <Filter ID="bed47486-2982-48db-91e7-a1d3af7f62ec" Operator="And" Category="Parameter" Property="INSTANCE_FREE_HOST_PARAM" Condition="Contains" Value="&lt;not associated&gt;" CaseInsensitive="False" Unit="None" UnitClass="None" FieldTitle="" UserDefined="False" Validation="None" />
          <Filter ID="b3104ea0-0f2c-411c-975e-3389b21a5f04" Operator="And" Category="TypeOrInstance" Property="Is Element Type" Condition="Equal" Value="False" CaseInsensitive="False" Unit="None" UnitClass="None" FieldTitle="" UserDefined="False" Validation="None" />
          <Filter ID="75e1ba47-3251-4483-992c-e78a702ed906" Operator="Or" Category="Category" Property="OST_LightingFixtures" Condition="Included" Value="True" CaseInsensitive="False" Unit="None" UnitClass="None" FieldTitle="" UserDefined="False" Validation="None" />
          <Filter ID="18e7f673-c7c8-473c-a77e-4bd7c9271d00" Operator="And" Category="Parameter" Property="INSTANCE_FREE_HOST_PARAM" Condition="Contains" Value="&lt;not associated&gt;" CaseInsensitive="False" Unit="None" UnitClass="None" FieldTitle="" UserDefined="False" Validation="None" />
          <Filter ID="2ccfafcf-6772-4273-b07e-2530bb287e23" Operator="And" Category="TypeOrInstance" Property="Is Element Type" Condition="Equal" Value="False" CaseInsensitive="False" Unit="None" UnitClass="None" FieldTitle="" UserDefined="False" Validation="None" />
        </Check>
        <Check ID="12c79ab9-1e9d-453e-a915-670d894b508f" CheckName="orphaned elements" Description="Check non hosted electrical elements" FailureMessage="orphaned elements, pick new host" ResultCondition="FailMatchingElements" CheckType="Custom" IsRequired="False" IsChecked="True">
          <Filter ID="4c3dd8fa-0b3e-49a4-9a58-c80429fab1f5" Operator="And" Category="Category" Property="OST_ElectricalFixtures" Condition="Included" Value="True" CaseInsensitive="False" Unit="None" UnitClass="None" FieldTitle="" UserDefined="False" Validation="None" />
          <Filter ID="027d8994-d80a-4ec0-a078-9339ad057949" Operator="And" Category="Parameter" Property="INSTANCE_FREE_HOST_PARAM" Condition="Contains" Value="orphaned" CaseInsensitive="False" Unit="None" UnitClass="None" FieldTitle="" UserDefined="False" Validation="None" />
          <Filter ID="c6e39719-2c8a-4bff-9895-bd54364da8d6" Operator="And" Category="TypeOrInstance" Property="Is Element Type" Condition="Equal" Value="False" CaseInsensitive="False" Unit="None" UnitClass="None" FieldTitle="" UserDefined="False" Validation="None" />
          <Filter ID="13dc6ba7-1540-4c68-8644-46ed5b70bacb" Operator="Or" Category="Category" Property="OST_LightingDevices" Condition="Included" Value="True" CaseInsensitive="False" Unit="None" UnitClass="None" FieldTitle="" UserDefined="False" Validation="None" />
          <Filter ID="3ad918f4-036e-4c81-8fd9-c5fb0a63ae06" Operator="And" Category="Parameter" Property="INSTANCE_FREE_HOST_PARAM" Condition="Contains" Value="orphaned" CaseInsensitive="False" Unit="None" UnitClass="None" FieldTitle="" UserDefined="False" Validation="None" />
          <Filter ID="87899509-4903-465a-9999-d0067a346951" Operator="And" Category="TypeOrInstance" Property="Is Element Type" Condition="Equal" Value="False" CaseInsensitive="False" Unit="None" UnitClass="None" FieldTitle="" UserDefined="False" Validation="None" />
          <Filter ID="efdd0a81-e96b-46fa-9ee3-6b8e4bf51e4e" Operator="Or" Category="Category" Property="OST_LightingFixtures" Condition="Included" Value="True" CaseInsensitive="False" Unit="None" UnitClass="None" FieldTitle="" UserDefined="False" Validation="None" />
          <Filter ID="5ea5a41f-13d8-4e6a-ada7-380a0eb60a35" Operator="And" Category="Parameter" Property="INSTANCE_FREE_HOST_PARAM" Condition="Contains" Value="orphaned" CaseInsensitive="False" Unit="None" UnitClass="None" FieldTitle="" UserDefined="False" Validation="None" />
          <Filter ID="05ca7f3a-7e0e-4cdd-abcd-ab523e778bdd" Operator="And" Category="TypeOrInstance" Property="Is Element Type" Condition="Equal" Value="False" CaseInsensitive="False" Unit="None" UnitClass="None" FieldTitle="" UserDefined="False" Validation="None" />
        </Check>
      </Section>
      <Section ID="5978bb41-e5d5-4c0e-8560-a8a96bc22885" SectionName="Electrical fixtures" Title="" IsChecked="True" Description="">
        <Check ID="39346d86-0822-446c-8348-a112bff703f9" CheckName="Fixture Height " Description="Fixture elevation should be checked " FailureMessage="Check electrical fixture elevation and workplane height,location" ResultCondition="FailMatchingElements" CheckType="Custom" IsRequired="False" IsChecked="True">
          <Filter ID="37c6d813-9a97-4a95-900d-fe9a196ee237" Operator="And" Category="Category" Property="OST_ElectricalFixtures" Condition="Included" Value="True" CaseInsensitive="False" Unit="None" UnitClass="None" FieldTitle="" UserDefined="False" Validation="None" />
          <Filter ID="dda8ad7b-4170-4fd1-bf90-9838ec323380" Operator="And" Category="Parameter" Property="INSTANCE_ELEVATION_PARAM" Condition="GreaterThan" Value="5000" CaseInsensitive="False" Unit="None" UnitClass="None" FieldTitle="" UserDefined="False" Validation="None" />
          <Filter ID="5a677667-7c6b-4abb-b307-bad25eff0236" Operator="And" Category="TypeOrInstance" Property="Is Element Type" Condition="Equal" Value="False" CaseInsensitive="False" Unit="None" UnitClass="None" FieldTitle="" UserDefined="False" Validation="None" />
          <Filter ID="1801f7a6-d13a-492e-807a-8eded4ee7a89" Operator="Or" Category="Category" Property="OST_ElectricalFixtures" Condition="Included" Value="True" CaseInsensitive="False" Unit="None" UnitClass="None" FieldTitle="" UserDefined="False" Validation="None" />
          <Filter ID="32008c21-a0f1-4d9a-ba00-e808c85dd1ff" Operator="And" Category="Parameter" Property="INSTANCE_ELEVATION_PARAM" Condition="LessThan" Value="0" CaseInsensitive="False" Unit="None" UnitClass="None" FieldTitle="" UserDefined="False" Validation="None" />
          <Filter ID="3864892d-f7a0-4497-b5d5-41b864043789" Operator="And" Category="TypeOrInstance" Property="Is Element Type" Condition="Equal" Value="False" CaseInsensitive="False" Unit="None" UnitClass="None" FieldTitle="" UserDefined="False" Validation="None" />
        </Check>
      </Section>
    </Section>
  </Heading>
  <Heading ID="6819b4f2-e3d0-4270-8469-ad9044a17ff7" HeadingText="Spaces" Description="" IsChecked="True">
    <Section ID="0618b25d-4cfb-44c8-b8d4-b3b1795735a9" SectionName="No duplicate spaces" Title="" IsChecked="True" Description="">
      <Check ID="54bb052c-09bc-4802-b2cb-34c2ba5c5718" CheckName="Spaces with NO Duplicated Space Number" Description="Checks for Space Duplicated Space Number" FailureMessage="Some spaces have duplicate numbers. Check space Schedule to delete duplicated spaces" ResultCondition="FailMatchingElements" CheckType="Custom" IsRequired="False" IsChecked="True">
        <Filter ID="e445a4d4-5684-4dd9-a444-3644a5eee955" Operator="And" Category="Category" Property="OST_MEPSpaces" Condition="Included" Value="True" CaseInsensitive="False" Unit="None" UnitClass="None" FieldTitle="" UserDefined="False" Validation="None" />
        <Filter ID="319d82c1-2ab9-4bc1-a75c-9d64557d08f0" Operator="And" Category="Parameter" Property="ROOM_NUMBER" Condition="Duplicated" Value="True" CaseInsensitive="False" Unit="None" UnitClass="None" FieldTitle="" UserDefined="False" Validation="None" />
        <Filter ID="48d5be9b-a78d-4663-9e46-2a4197606da4" Operator="And" Category="TypeOrInstance" Property="Is Element Type" Condition="Equal" Value="False" CaseInsensitive="False" Unit="None" UnitClass="None" FieldTitle="" UserDefined="False" Validation="None" />
      </Check>
    </Section>
    <Section ID="75c898e6-da60-4a7a-99c7-0d1a11799925" SectionName="NO Unplaced or Redundant Rooms" Title="" IsChecked="True" Description="">
      <Check ID="dcdd876e-81d9-46db-b91a-5bb29ca40d12" CheckName="Spaces are consistent with No Unplaced or Redundant spaces" Description="Checks for spaces that are &quot;not placed&quot;, &quot;not enclosed&quot;, or &quot;redundant&quot; in the model." FailureMessage="Some spaces are  &quot;not placed&quot;, &quot;not enclosed&quot;, or &quot;redundant&quot; . Check Space Schedule" ResultCondition="FailMatchingElements" CheckType="Custom" IsRequired="False" IsChecked="True">
        <Filter ID="f2cfdc67-0d47-4086-bc24-d0c8a3ac1848" Operator="And" Category="Category" Property="OST_MEPSpaces" Condition="Included" Value="True" CaseInsensitive="False" Unit="None" UnitClass="None" FieldTitle="" UserDefined="False" Validation="None" />
        <Filter ID="ac7f8b0a-d725-49e1-864d-44dfcf362c9d" Operator="And" Category="Parameter" Property="ROOM_AREA" Condition="Equal" Value="0" CaseInsensitive="False" Unit="None" UnitClass="None" FieldTitle="" UserDefined="False" Validation="None" />
        <Filter ID="49b0ae75-7883-4909-a641-dbfb827cd61b" Operator="And" Category="TypeOrInstance" Property="Is Element Type" Condition="Equal" Value="False" CaseInsensitive="False" Unit="None" UnitClass="None" FieldTitle="" UserDefined="False" Validation="None" />
      </Check>
    </Section>
  </Heading>
  <Heading ID="6925d073-e04c-40e6-a0f4-d696973e7777" HeadingText="WORKSETS ARE DEFINED CORRECLTY" Description="" IsChecked="True">
    <Section ID="5d8a7078-b3c5-4fe0-98fd-4e45aa9987ae" SectionName="Electrical elements by category" Title="" IsChecked="True" Description="">
      <Check ID="9a8b315d-88ff-40a9-a0e2-fb8d1105ad35" CheckName="Electrical fixtures Worksets" Description="Electrical Fixtures should be on &quot;EGX_Electrical&quot; Workset. Use Ideate Software (Explorer) to place elements on the Correct Workset" FailureMessage="Elements Should be on &quot;EGX_Electrical&quot; Workset. Use Ideate Software (Explorer) to place elements on the Correct Workset" ResultCondition="FailMatchingElements" CheckType="Custom" IsRequired="False" IsChecked="True">
        <Filter ID="17450a39-4d1e-4f5e-ab24-3141369b4f4a" Operator="And" Category="Category" Property="OST_ElectricalFixtures" Condition="Included" Value="True" CaseInsensitive="False" Unit="None" UnitClass="None" FieldTitle="" UserDefined="False" Validation="None" />
        <Filter ID="469ee32b-70f5-43ed-b13c-d423cc4ead6f" Operator="And" Category="Workset" Property="Name" Condition="DoesNotContain" Value="EGX_Electrical" CaseInsensitive="False" Unit="None" UnitClass="None" FieldTitle="" UserDefined="False" Validation="None" />
        <Filter ID="95557cb1-e2bb-4b56-b6f6-de5098be7bb1" Operator="And" Category="TypeOrInstance" Property="Is Element Type" Condition="Equal" Value="False" CaseInsensitive="False" Unit="None" UnitClass="None" FieldTitle="" UserDefined="False" Validation="None" />
      </Check>
      <Check ID="ada60922-5ccb-4c9e-b343-3eb06e52162e" CheckName="Lighting fixtures Worksets" Description="Lighting Fixtures should be on &quot;EGX_Electrical&quot; Workset. Use Ideate Software (Explorer) to place elements on the Correct Workset" FailureMessage="Elements Should be on &quot;EGX_Electrical&quot; Workset. Use Ideate Software (Explorer) to place elements on the Correct Workset" ResultCondition="FailMatchingElements" CheckType="Custom" IsRequired="False" IsChecked="True">
        <Filter ID="d3de06d6-2a28-42af-9375-4f4bb548e3ff" Operator="And" Category="Category" Property="OST_LightingFixtures" Condition="Included" Value="True" CaseInsensitive="False" Unit="None" UnitClass="None" FieldTitle="" UserDefined="False" Validation="None" />
        <Filter ID="bd98bf8c-366e-4979-9d8f-d50bb20730f1" Operator="And" Category="Workset" Property="Name" Condition="DoesNotContain" Value="EGX_Electrical" CaseInsensitive="False" Unit="None" UnitClass="None" FieldTitle="" UserDefined="False" Validation="None" />
        <Filter ID="232ea3c1-7e6f-4291-aca1-170d1ae132a3" Operator="And" Category="TypeOrInstance" Property="Is Element Type" Condition="Equal" Value="False" CaseInsensitive="False" Unit="None" UnitClass="None" FieldTitle="" UserDefined="False" Validation="None" />
      </Check>
      <Check ID="d4a3cc1c-7006-4623-b908-b3280873a7a5" CheckName="Electrical equipment Worksets" Description="Electrical equipment should be on &quot;EGX_Electrical&quot; Workset. Use Ideate Software (Explorer) to place elements on the Correct Workset" FailureMessage="Elements Should be on &quot;EGX_Electrical&quot; Workset. Use Ideate Software (Explorer) to place elements on the Correct Workset" ResultCondition="FailMatchingElements" CheckType="Custom" IsRequired="False" IsChecked="True">
        <Filter ID="81df83b9-62d3-419d-a1da-185c3b46cf21" Operator="And" Category="Category" Property="OST_ElectricalEquipment" Condition="Included" Value="True" CaseInsensitive="False" Unit="None" UnitClass="None" FieldTitle="" UserDefined="False" Validation="None" />
        <Filter ID="10101903-aa49-4005-a030-ecce88d94f50" Operator="And" Category="Workset" Property="Name" Condition="DoesNotContain" Value="EGX_Electrical" CaseInsensitive="False" Unit="None" UnitClass="None" FieldTitle="" UserDefined="False" Validation="None" />
        <Filter ID="58a7a9a6-4173-4dc6-beed-57aeeed9927d" Operator="And" Category="TypeOrInstance" Property="Is Element Type" Condition="Equal" Value="False" CaseInsensitive="False" Unit="None" UnitClass="None" FieldTitle="" UserDefined="False" Validation="None" />
      </Check>
      <Check ID="ffb3b887-8370-4c33-aee5-8669bbfcb887" CheckName="Lighting devices Worksets" Description="Lighting devices should be on &quot;EGX_Electrical&quot; Workset. Use Ideate Software (Explorer) to place elements on the Correct Workset" FailureMessage="Elements Should be on &quot;EGX_Electrical&quot; Workset. Use Ideate Software (Explorer) to place elements on the Correct Workset" ResultCondition="FailMatchingElements" CheckType="Custom" IsRequired="False" IsChecked="True">
        <Filter ID="87cdc94f-a595-4388-9724-dab2a9929c20" Operator="And" Category="Category" Property="OST_LightingDevices" Condition="Included" Value="True" CaseInsensitive="False" Unit="None" UnitClass="None" FieldTitle="" UserDefined="False" Validation="None" />
        <Filter ID="036142c1-78d2-4779-8e31-21656ead621f" Operator="And" Category="Workset" Property="Name" Condition="DoesNotContain" Value="EGX_Electrical" CaseInsensitive="False" Unit="None" UnitClass="None" FieldTitle="" UserDefined="False" Validation="None" />
        <Filter ID="4dc1eb11-ced0-416e-8265-97e4be3d5c92" Operator="And" Category="TypeOrInstance" Property="Is Element Type" Condition="Equal" Value="False" CaseInsensitive="False" Unit="None" UnitClass="None" FieldTitle="" UserDefined="False" Validation="None" />
      </Check>
      <Check ID="0d9b0217-fc5e-4455-b26a-bd87a3d0576f" CheckName="Cable tray Worksets" Description="Cable tray should be on &quot;EGX_Electrical&quot; Workset. Use Ideate Software (Explorer) to place elements on the Correct Workset" FailureMessage="Elements Should be on &quot;EGX_Electrical&quot; Workset. Use Ideate Software (Explorer) to place elements on the Correct Workset" ResultCondition="FailMatchingElements" CheckType="Custom" IsRequired="False" IsChecked="True">
        <Filter ID="6b200d1a-6166-404b-8521-e412e241dd23" Operator="And" Category="Category" Property="OST_CableTray" Condition="Included" Value="True" CaseInsensitive="False" Unit="None" UnitClass="None" FieldTitle="" UserDefined="False" Validation="None" />
        <Filter ID="784bec7b-71cd-457b-80a2-9c99269bcc5f" Operator="And" Category="Workset" Property="Name" Condition="DoesNotContain" Value="EGX_Electrical" CaseInsensitive="False" Unit="None" UnitClass="None" FieldTitle="" UserDefined="False" Validation="None" />
        <Filter ID="304a20dd-9920-44be-9c3b-ede9e6a463fd" Operator="And" Category="TypeOrInstance" Property="Is Element Type" Condition="Equal" Value="False" CaseInsensitive="False" Unit="None" UnitClass="None" FieldTitle="" UserDefined="False" Validation="None" />
      </Check>
      <Check ID="7d0ca7ae-9506-4c94-af3b-9c61404b3ee1" CheckName="Cable tray fittings Worksets" Description="Cable tray fittings should be on &quot;EGX_Electrical&quot; Workset. Use Ideate Software (Explorer) to place elements on the Correct Workset" FailureMessage="Elements Should be on &quot;EGX_Electrical&quot; Workset. Use Ideate Software (Explorer) to place elements on the Correct Workset" ResultCondition="FailMatchingElements" CheckType="Custom" IsRequired="False" IsChecked="True">
        <Filter ID="ea153e5a-6a74-444d-965e-59b15e8aeeb2" Operator="And" Category="Category" Property="OST_CableTrayFitting" Condition="Included" Value="True" CaseInsensitive="False" Unit="None" UnitClass="None" FieldTitle="" UserDefined="False" Validation="None" />
        <Filter ID="d0247836-8b73-4ea2-8e07-3381c9899459" Operator="And" Category="Workset" Property="Name" Condition="DoesNotContain" Value="EGX_Electrical" CaseInsensitive="False" Unit="None" UnitClass="None" FieldTitle="" UserDefined="False" Validation="None" />
        <Filter ID="7fe82e09-f005-4a81-bb83-29544e7672e1" Operator="And" Category="TypeOrInstance" Property="Is Element Type" Condition="Equal" Value="False" CaseInsensitive="False" Unit="None" UnitClass="None" FieldTitle="" UserDefined="False" Validation="None" />
      </Check>
    </Section>
    <Section ID="15a343dd-deaf-4e7b-814c-f017328d38f3" SectionName="Links" Title="" IsChecked="True" Description="">
      <Check ID="be83ba9d-f04f-487e-9031-baf902fec8c4" CheckName="URS Links" Description="URS Links Should be on &quot;Z_Link_URS&quot; Workset. Use Ideate Software (Explorer) to place elements on the Correct Workset" FailureMessage="Elements Should be on &quot;Z_Link_URS&quot; Workset. Use Ideate Software (Explorer) to place elements on the Correct Workset" ResultCondition="FailMatchingElements" CheckType="Custom" IsRequired="False" IsChecked="True">
        <Filter ID="f863aeae-c668-4bd3-b2f9-d60be312c88d" Operator="And" Category="Category" Property="OST_RvtLinks" Condition="Included" Value="True" CaseInsensitive="False" Unit="None" UnitClass="None" FieldTitle="" UserDefined="False" Validation="None" />
        <Filter ID="8064f3ce-4913-405b-b9f8-46f3e286906d" Operator="And" Category="Parameter" Property="ELEM_TYPE_PARAM" Condition="Contains" Value="_URS_" CaseInsensitive="False" Unit="None" UnitClass="None" FieldTitle="" UserDefined="False" Validation="None" />
        <Filter ID="a0a8bbb9-4f88-4a6c-8ad1-97400fb55c6c" Operator="And" Category="Workset" Property="Name" Condition="NotEqual" Value="Z_Link_URS" CaseInsensitive="False" Unit="None" UnitClass="None" FieldTitle="" UserDefined="False" Validation="None" />
        <Filter ID="c9ad336b-261e-4e8a-b1fe-5ddb61bc7c62" Operator="And" Category="TypeOrInstance" Property="Is Element Type" Condition="Equal" Value="False" CaseInsensitive="False" Unit="None" UnitClass="None" FieldTitle="" UserDefined="False" Validation="None" />
      </Check>
    </Section>
  </Heading>
  <Heading ID="c08f310c-190d-4c5f-a3ad-71bafece924d" HeadingText="Views" Description="" IsChecked="True">
    <Section ID="21fdf27f-9208-4a69-b372-93f43d6ddeea" SectionName="View Templates applied" Title="" IsChecked="True" Description="">
      <Check ID="fd4ac9d3-1e4d-4a19-8574-47c9f31ba64b" CheckName="Check view templates" Description="view templates missing for documentation views " FailureMessage="All floor plans under documentation should have their view templates applied" ResultCondition="FailMatchingElements" CheckType="Custom" IsRequired="False" IsChecked="True">
        <Filter ID="e54a30fa-ed86-43ad-867c-a270eda7c12c" Operator="And" Category="Category" Property="OST_Views" Condition="Included" Value="True" CaseInsensitive="False" Unit="None" UnitClass="None" FieldTitle="" UserDefined="False" Validation="None" />
        <Filter ID="c3ea7384-5bb6-4442-a415-9a8e4f5f4fdb" Operator="And" Category="Parameter" Property="Folder" Condition="Contains" Value="Documentation" CaseInsensitive="False" Unit="None" UnitClass="None" FieldTitle="" UserDefined="False" Validation="None" />
        <Filter ID="0c8c7e62-0335-47cf-a283-4295b24877e3" Operator="And" Category="Parameter" Property="VIEW_TEMPLATE_FOR_SCHEDULE" Condition="HasNoValue" Value="True" CaseInsensitive="False" Unit="None" UnitClass="None" FieldTitle="" UserDefined="False" Validation="None" />
        <Filter ID="03507195-4bdc-4f88-a1a8-b92d5cbde1ee" Operator="And" Category="TypeOrInstance" Property="Is Element Type" Condition="Equal" Value="False" CaseInsensitive="False" Unit="None" UnitClass="None" FieldTitle="" UserDefined="False" Validation="None" />
        <Filter ID="b10d6032-61e5-4587-9876-21be1b6bc2f0" Operator="Exclude" Category="Workset" Property="Name" Condition="Contains" Value="View Template" CaseInsensitive="False" Unit="None" UnitClass="None" FieldTitle="" UserDefined="False" Validation="None" />
      </Check>
    </Section>
    <Section ID="41b5db26-d7eb-4184-af0a-25fdf6b55ae0" SectionName="View folder " Title="" IsChecked="True" Description="">
      <Check ID="b594edc1-a379-4ed2-97ce-9dcfe89aa2b8" CheckName="view folder " Description="Views that are not placed under folders" FailureMessage="All views in model should be placed under corresponding folder, move views to folder or delete from model" ResultCondition="FailMatchingElements" CheckType="Custom" IsRequired="False" IsChecked="True">
        <Filter ID="b8934dee-975d-4bda-91f1-3a9062434c38" Operator="And" Category="Category" Property="OST_Views" Condition="Included" Value="True" CaseInsensitive="False" Unit="None" UnitClass="None" FieldTitle="" UserDefined="False" Validation="None" />
        <Filter ID="baf6d0a2-83be-4173-8b3a-c2f66d830d44" Operator="And" Category="Parameter" Property="Folder" Condition="Defined" Value="True" CaseInsensitive="False" Unit="None" UnitClass="None" FieldTitle="" UserDefined="False" Validation="None" />
        <Filter ID="b467c5bb-2b78-4263-8a1e-60c00b492408" Operator="And" Category="Parameter" Property="Folder" Condition="HasNoValue" Value="True" CaseInsensitive="False" Unit="None" UnitClass="None" FieldTitle="" UserDefined="False" Validation="None" />
        <Filter ID="c8bc73b0-9a29-44ac-89fe-7c114909ab0d" Operator="And" Category="TypeOrInstance" Property="Is Element Type" Condition="Equal" Value="False" CaseInsensitive="False" Unit="None" UnitClass="None" FieldTitle="" UserDefined="False" Validation="None" />
        <Filter ID="ec0b56d1-a3ad-45b9-b0ca-176faf01d157" Operator="Exclude" Category="Workset" Property="Name" Condition="Contains" Value="View Template" CaseInsensitive="False" Unit="None" UnitClass="None" FieldTitle="" UserDefined="False" Validation="None" />
      </Check>
    </Section>
  </Heading>
  <Heading ID="1e639799-2cf2-4e41-9946-fa987947251d" HeadingText="&lt;--Unused--&gt;" Description="Checks that have been created but not placed in the structure yet." IsChecked="True">
    <Section ID="42e521a5-42aa-49ed-bbc4-0bededdfaafb" SectionName="&lt;--Unused--&gt;" Title="Checks that have not been placed" IsChecked="True" Description="" />
  </Heading>
</MCSettings>