<?xml version="1.0" encoding="UTF-8" ?>

<exchange xmlns:xsi="http://www.w3.org/2001/XMLSchema-instance" xsi:noNamespaceSchemaLocation="http://download.autodesk.com/us/navisworks/schemas/nw-exchange-12.0.xsd">
  <optionset name="">
    <optionset name="model">
      <optionset name="performance">
        <optionset name="merge">
          <option name="on_convert" flags="32">
            <data type="bool">true</data>
          </option>
          <option name="on_append" flags="32">
            <data type="bool">true</data>
          </option>
          <option name="on_load_nwf" flags="32">
            <data type="bool">true</data>
          </option>
          <option name="on_save" flags="32">
            <data type="bool">true</data>
          </option>
          <option name="regenerate_checksums" flags="32">
            <data type="bool">false</data>
          </option>
          <option name="materials" flags="32">
            <data type="bool">true</data>
          </option>
        </optionset>
        <optionset name="load">
          <option name="collapse" flags="32">
            <data type="name">
              <name internal="LcOaCollapseType:1">Composite Objects</name>
            </data>
          </option>
          <option name="close">
            <data type="bool">true</data>
          </option>
          <option name="use_static_hierarchy" flags="32">
            <data type="bool">false</data>
          </option>
          <option name="create_parametric_prims" flags="32">
            <data type="bool">true</data>
          </option>
        </optionset>
        <optionset name="memory">
          <option name="auto_limit" flags="32">
            <data type="bool">true</data>
          </option>
          <option name="mem_limit" flags="32">
            <data type="int32">0</data>
          </option>
          <option name="mem_limit_in_megabytes" flags="32">
            <data type="int32">-1</data>
          </option>
          <option name="zone_factor" flags="32">
            <data type="float">0.000000</data>
          </option>
          <option name="zone_offset" flags="32">
            <data type="int32">0</data>
          </option>
          <option name="target_factor" flags="32">
            <data type="float">0.000000</data>
          </option>
          <option name="target_offset" flags="32">
            <data type="int32">0</data>
          </option>
          <option name="alloc_limit" flags="32">
            <data type="int32">0</data>
          </option>
          <option name="alloc_zone_factor" flags="32">
            <data type="float">0.000000</data>
          </option>
          <option name="alloc_zone_offset" flags="32">
            <data type="int32">0</data>
          </option>
          <option name="alloc_target_factor" flags="32">
            <data type="float">0.000000</data>
          </option>
          <option name="alloc_target_offset" flags="32">
            <data type="int32">0</data>
          </option>
        </optionset>
        <optionset name="temp_file">
          <option name="auto" flags="32">
            <data type="bool">true</data>
          </option>
          <option name="location" flags="32">
            <data type="wstring">C:\Users\MACHEB~1\AppData\Local\Temp</data>
          </option>
        </optionset>
        <optionset name="timing">
          <option name="allow_performance_counter_timing" flags="32">
            <data type="bool">true</data>
          </option>
          <option name="prefer_performance_counter_timing" flags="32">
            <data type="bool">false</data>
          </option>
        </optionset>
        <option name="split_threshold" flags="32">
          <data type="int32">500</data>
        </option>
        <option name="spatial_split_threshold" flags="32">
          <data type="int32">1500</data>
        </option>
        <option name="merge_threshold" flags="32">
          <data type="int32">250</data>
        </option>
        <option name="always_use_indexed_tristrips" flags="32">
          <data type="bool">false</data>
        </option>
      </optionset>
      <optionset name="nwd">
        <optionset name="compression">
          <option name="enable" flags="32">
            <data type="bool">true</data>
          </option>
          <option name="flags" flags="32">
            <data type="int32">63</data>
          </option>
          <optionset name="reduce">
            <option name="coordinates" flags="32">
              <data type="bool">false</data>
            </option>
            <option name="coordinates_precision" flags="32">
              <data type="linear">0.001000</data>
            </option>
            <option name="normals" flags="32">
              <data type="bool">true</data>
            </option>
            <option name="normal_bits" flags="32">
              <data type="int32">8</data>
            </option>
            <option name="colors" flags="32">
              <data type="bool">true</data>
            </option>
            <option name="color_bits" flags="32">
              <data type="int32">8</data>
            </option>
            <option name="texture_coordinates" flags="32">
              <data type="bool">true</data>
            </option>
            <option name="texture_coordinate_bits" flags="32">
              <data type="int32">8</data>
            </option>
          </optionset>
          <option name="use_zlib" flags="32">
            <data type="bool">true</data>
          </option>
          <option name="pageable" flags="32">
            <data type="bool">true</data>
          </option>
        </optionset>
        <option name="use_single_geom_stream" flags="32">
          <data type="bool">false</data>
        </option>
        <option name="use_huffman_only" flags="32">
          <data type="bool">false</data>
        </option>
        <option name="use_geom_dict" flags="32">
          <data type="bool">false</data>
        </option>
        <option name="disable_paged_read" flags="32">
          <data type="bool">false</data>
        </option>
      </optionset>
      <optionset name="nwc">
        <optionset name="compression">
          <option name="enable" flags="32">
            <data type="bool">true</data>
          </option>
          <option name="flags" flags="32">
            <data type="int32">63</data>
          </option>
          <optionset name="reduce">
            <option name="coordinates" flags="32">
              <data type="bool">false</data>
            </option>
            <option name="coordinates_precision" flags="32">
              <data type="linear">0.001000</data>
            </option>
            <option name="normals" flags="32">
              <data type="bool">false</data>
            </option>
            <option name="normal_bits" flags="32">
              <data type="int32">8</data>
            </option>
            <option name="colors" flags="32">
              <data type="bool">false</data>
            </option>
            <option name="color_bits" flags="32">
              <data type="int32">8</data>
            </option>
            <option name="texture_coordinates" flags="32">
              <data type="bool">false</data>
            </option>
            <option name="texture_coordinate_bits" flags="32">
              <data type="int32">8</data>
            </option>
          </optionset>
          <option name="use_zlib" flags="32">
            <data type="bool">true</data>
          </option>
          <option name="pageable" flags="32">
            <data type="bool">true</data>
          </option>
        </optionset>
        <optionset name="caching">
          <option name="read_enable" flags="32">
            <data type="bool">true</data>
          </option>
          <option name="write_enable" flags="32">
            <data type="bool">true</data>
          </option>
        </optionset>
      </optionset>
    </optionset>
    <optionset name="file_readers">
      <optionset name="nwexportrevit">
        <option name="nwexportrevit_element_params">
          <data type="name">
            <name internal="nwexportrevit_element_params:2">All</name>
          </data>
        </option>
        <option name="nwexportrevit_element_ids">
          <data type="bool">true</data>
        </option>
        <option name="nwexportrevit_element_find_missing_materials">
          <data type="bool">true</data>
        </option>
        <option name="nwexportrevit_section_extract">
          <data type="name">
            <name internal="nwexportrevit_section_extract:1">Current view</name>
          </data>
        </option>
        <option name="nwexportrevit_coordinates">
          <data type="name">
            <name internal="nwexportrevit_coordinates:1">Shared</name>
          </data>
        </option>
        <option name="nwexportrevit_element_generic_properties">
          <data type="bool">true</data>
        </option>
        <option name="nwexportrevit_urls">
          <data type="bool">true</data>
        </option>
        <option name="nwexportrevit_room">
          <data type="bool">true</data>
        </option>
        <option name="nwexportrevit_room_geometry">
          <data type="bool">false</data>
        </option>
        <option name="nwexportrevit_linked_files">
          <data type="bool">false</data>
        </option>
        <option name="nwexportrevit_construction_parts">
          <data type="bool">false</data>
        </option>
        <option name="nwexportrevit_divide_file_into_levels">
          <data type="bool">true</data>
        </option>
        <option name="nwexportrevit_param_faceting_factor">
          <data type="float">1.000000</data>
        </option>
      </optionset>
    </optionset>
  </optionset>
</exchange>