﻿<?xml version="1.0" encoding="UTF-8" standalone="yes"?>
<MCSettings AllowRequired="False" Name="AR Model Element Checks" Icon="http://www.biminteroperabilitytools.com/modelchecker/downloads/TN_32icon.jpg" Image="http://www.biminteroperabilitytools.com/modelchecker/downloads/TN-100.png" SampleModel="">
  <Heading HeadingText="AR Model Element Checks" Description="" />
  <Heading HeadingText="ELEMENTS CONSTRAINTS" Description="">
    <Section SectionName="ELEMENTS CONSTRAINTS" Title="" IsChecked="True" Description="">
      <Section SectionName="LEVELS" Title="" IsChecked="True" Description="">
        <Check CheckName="FFL Levels" IsModelCheck="False" Description="Level Type is not compliant with Level Name " ShowList="False" FailureMessage="Level Type is FFL but Level Name does not contain FFL" FailureCondition="ReportElements" CheckType="Custom" IsRequired="False" IsChecked="True" IsInitialized="True">
          <Filter Operator="And" Category="Category" Property="OST_Levels" Condition="Included" Value="True" Unit="None" UnitClass="None" FieldTitle="" UserDefined="False" Validation="None" />
          <Filter Operator="And" Category="Parameter" Property="ELEM_FAMILY_AND_TYPE_PARAM" Condition="Contains" Value="FFL" Unit="None" UnitClass="None" FieldTitle="" UserDefined="False" Validation="None" />
          <Filter Operator="And" Category="Parameter" Property="DATUM_TEXT" Condition="DoesNotContain" Value="FFL" Unit="None" UnitClass="None" FieldTitle="" UserDefined="False" Validation="None" />
          <Filter Operator="And" Category="TypeOrInstance" Property="Is Element Type" Condition="Equal" Value="False" Unit="None" UnitClass="None" FieldTitle="" UserDefined="False" Validation="None" />
        </Check>
        <Check CheckName="CL Levels" IsModelCheck="False" Description="Level Type is not compliant with Level Name " ShowList="False" FailureMessage="Level Type is CL but Level Name does not contain CL" FailureCondition="ReportElements" CheckType="Custom" IsRequired="False" IsChecked="True" IsInitialized="True">
          <Filter Operator="And" Category="Category" Property="OST_Levels" Condition="Included" Value="True" Unit="None" UnitClass="None" FieldTitle="" UserDefined="False" Validation="None" />
          <Filter Operator="And" Category="Parameter" Property="ELEM_FAMILY_AND_TYPE_PARAM" Condition="Contains" Value="CL" Unit="None" UnitClass="None" FieldTitle="" UserDefined="False" Validation="None" />
          <Filter Operator="And" Category="Parameter" Property="DATUM_TEXT" Condition="DoesNotContain" Value="CL" Unit="None" UnitClass="None" FieldTitle="" UserDefined="False" Validation="None" />
          <Filter Operator="And" Category="TypeOrInstance" Property="Is Element Type" Condition="Equal" Value="False" Unit="None" UnitClass="None" FieldTitle="" UserDefined="False" Validation="None" />
        </Check>
      </Section>
      <Section SectionName="WALL (Base and Top Constraints should be on CL)" Title="" IsChecked="True" Description="">
        <Check CheckName="Wall Base Constraint" IsModelCheck="False" Description="Wall Base Constraint should be on Concrete Level" ShowList="False" FailureMessage="Wall Base Constraint should be on CL" FailureCondition="ReportElements" CheckType="Custom" IsRequired="False" IsChecked="True" IsInitialized="True">
          <Filter Operator="And" Category="Category" Property="OST_Walls" Condition="Included" Value="True" Unit="None" UnitClass="None" FieldTitle="" UserDefined="False" Validation="None" />
          <Filter Operator="And" Category="Parameter" Property="ELEM_FAMILY_AND_TYPE_PARAM" Condition="Contains" Value="WA_" Unit="None" UnitClass="None" FieldTitle="" UserDefined="False" Validation="None" />
          <Filter Operator="And" Category="Parameter" Property="WALL_BASE_CONSTRAINT" Condition="DoesNotContain" Value="CL" Unit="None" UnitClass="None" FieldTitle="" UserDefined="False" Validation="None" />
          <Filter Operator="And" Category="TypeOrInstance" Property="Is Element Type" Condition="Equal" Value="False" Unit="None" UnitClass="None" FieldTitle="" UserDefined="False" Validation="None" />
        </Check>
        <Check CheckName="Wall Top Constraint" IsModelCheck="False" Description="Wall Base Constraint should be on Concrete Level minus Thickness of Slab" ShowList="False" FailureMessage="Wall Top Constraint should be on CL minus Thickness of Slab" FailureCondition="ReportElements" CheckType="Custom" IsRequired="False" IsChecked="True" IsInitialized="True">
          <Filter Operator="And" Category="Category" Property="OST_Walls" Condition="Included" Value="True" Unit="None" UnitClass="None" FieldTitle="" UserDefined="False" Validation="None" />
          <Filter Operator="And" Category="Parameter" Property="ELEM_FAMILY_AND_TYPE_PARAM" Condition="Contains" Value="WA_" Unit="None" UnitClass="None" FieldTitle="" UserDefined="False" Validation="None" />
          <Filter Operator="And" Category="Parameter" Property="WALL_HEIGHT_TYPE" Condition="DoesNotContain" Value="CL" Unit="None" UnitClass="None" FieldTitle="" UserDefined="False" Validation="None" />
          <Filter Operator="And" Category="TypeOrInstance" Property="Is Element Type" Condition="Equal" Value="False" Unit="None" UnitClass="None" FieldTitle="" UserDefined="False" Validation="None" />
        </Check>
        <Check CheckName="Wall Unconnected Height" IsModelCheck="False" Description="Wall Height should be Less than 10000mm" ShowList="False" FailureMessage="Wall Unconnected Height should NOT be  = or &gt; than 10m " FailureCondition="ReportElements" CheckType="Custom" IsRequired="False" IsChecked="True" IsInitialized="True">
          <Filter Operator="And" Category="Category" Property="OST_Walls" Condition="Included" Value="True" Unit="None" UnitClass="None" FieldTitle="" UserDefined="False" Validation="None" />
          <Filter Operator="And" Category="Parameter" Property="ELEM_FAMILY_AND_TYPE_PARAM" Condition="Contains" Value="WA_" Unit="None" UnitClass="None" FieldTitle="" UserDefined="False" Validation="None" />
          <Filter Operator="And" Category="Parameter" Property="WALL_USER_HEIGHT_PARAM" Condition="GreaterOrEqual" Value="32.8083989501312" Unit="Millimeters" UnitClass="Length" FieldTitle="" UserDefined="False" Validation="None" />
          <Filter Operator="And" Category="TypeOrInstance" Property="Is Element Type" Condition="Equal" Value="False" Unit="None" UnitClass="None" FieldTitle="" UserDefined="False" Validation="None" />
        </Check>
      </Section>
      <Section SectionName="WALL FINISH (Base Constraint should be on FFL and Top Constraint should be Unconnected)" Title="" IsChecked="True" Description="">
        <Check CheckName="Wall Finish Base Constraint" IsModelCheck="False" Description="Wall Finish Base Constraint should be on Finish Floor Level" ShowList="False" FailureMessage="Wall Finish Base Constraint should be on FFL" FailureCondition="ReportElements" CheckType="Custom" IsRequired="False" IsChecked="True" IsInitialized="True">
          <Filter Operator="And" Category="Category" Property="OST_Walls" Condition="Included" Value="True" Unit="None" UnitClass="None" FieldTitle="" UserDefined="False" Validation="None" />
          <Filter Operator="And" Category="Parameter" Property="ELEM_FAMILY_AND_TYPE_PARAM" Condition="Contains" Value="WF_" Unit="None" UnitClass="None" FieldTitle="" UserDefined="False" Validation="None" />
          <Filter Operator="And" Category="Parameter" Property="WALL_BASE_CONSTRAINT" Condition="DoesNotContain" Value="FFL" Unit="None" UnitClass="None" FieldTitle="" UserDefined="False" Validation="None" />
          <Filter Operator="And" Category="TypeOrInstance" Property="Is Element Type" Condition="Equal" Value="False" Unit="None" UnitClass="None" FieldTitle="" UserDefined="False" Validation="None" />
        </Check>
        <Check CheckName="Wall Finish Top Constraint" IsModelCheck="False" Description="Wall Finish Top Constraint should be Unconnected." ShowList="False" FailureMessage="Wall Finish Top Constraint should be Unconnected" FailureCondition="ReportElements" CheckType="Custom" IsRequired="False" IsChecked="False" IsInitialized="True">
          <Filter Operator="And" Category="Category" Property="OST_Walls" Condition="Included" Value="True" Unit="None" UnitClass="None" FieldTitle="" UserDefined="False" Validation="None" />
          <Filter Operator="And" Category="Parameter" Property="ELEM_FAMILY_AND_TYPE_PARAM" Condition="Contains" Value="WF_" Unit="None" UnitClass="None" FieldTitle="" UserDefined="False" Validation="None" />
          <Filter Operator="And" Category="Parameter" Property="WALL_HEIGHT_TYPE" Condition="HasValue" Value="True" Unit="None" UnitClass="None" FieldTitle="" UserDefined="False" Validation="None" />
          <Filter Operator="And" Category="TypeOrInstance" Property="Is Element Type" Condition="Equal" Value="False" Unit="None" UnitClass="None" FieldTitle="" UserDefined="False" Validation="None" />
        </Check>
        <Check CheckName="Wall Finish Unconnected Height" IsModelCheck="False" Description="Wall Finish Height should be Less than 10000mm" ShowList="False" FailureMessage="Wall Finish Unconnected Height should NOT be  = or &gt; than 10m " FailureCondition="ReportElements" CheckType="Custom" IsRequired="False" IsChecked="True" IsInitialized="True">
          <Filter Operator="And" Category="Category" Property="OST_Walls" Condition="Included" Value="True" Unit="None" UnitClass="None" FieldTitle="" UserDefined="False" Validation="None" />
          <Filter Operator="And" Category="Parameter" Property="ELEM_FAMILY_AND_TYPE_PARAM" Condition="Contains" Value="WF_" Unit="None" UnitClass="None" FieldTitle="" UserDefined="False" Validation="None" />
          <Filter Operator="And" Category="Parameter" Property="WALL_USER_HEIGHT_PARAM" Condition="GreaterOrEqual" Value="32.8083989501312" Unit="Millimeters" UnitClass="Length" FieldTitle="" UserDefined="False" Validation="None" />
          <Filter Operator="And" Category="TypeOrInstance" Property="Is Element Type" Condition="Equal" Value="False" Unit="None" UnitClass="None" FieldTitle="" UserDefined="False" Validation="None" />
        </Check>
      </Section>
      <Section SectionName="SKIRTING (Base Constraint should be on FFL and Top Constraint should be = 100mm)" Title="" IsChecked="True" Description="">
        <Check CheckName="Skirting Base Constraint" IsModelCheck="False" Description="Skirting Base Constraint should be on Finish Floor Level" ShowList="False" FailureMessage="Skirting Base Constraint should be on FFL" FailureCondition="ReportElements" CheckType="Custom" IsRequired="False" IsChecked="True" IsInitialized="True">
          <Filter Operator="And" Category="Category" Property="OST_Walls" Condition="Included" Value="True" Unit="None" UnitClass="None" FieldTitle="" UserDefined="False" Validation="None" />
          <Filter Operator="And" Category="Parameter" Property="ELEM_FAMILY_AND_TYPE_PARAM" Condition="Contains" Value="BS_" Unit="None" UnitClass="None" FieldTitle="" UserDefined="False" Validation="None" />
          <Filter Operator="And" Category="Parameter" Property="WALL_BASE_CONSTRAINT" Condition="DoesNotContain" Value="FFL" Unit="None" UnitClass="None" FieldTitle="" UserDefined="False" Validation="None" />
          <Filter Operator="And" Category="TypeOrInstance" Property="Is Element Type" Condition="Equal" Value="False" Unit="None" UnitClass="None" FieldTitle="" UserDefined="False" Validation="None" />
        </Check>
        <Check CheckName="Skirting Top Constraint" IsModelCheck="False" Description="Skirting Top Constraint should be Unconnected" ShowList="False" FailureMessage="Skirting Top Constraint should be  = Unconnected" FailureCondition="ReportElements" CheckType="Custom" IsRequired="False" IsChecked="True" IsInitialized="True">
          <Filter Operator="And" Category="Category" Property="OST_Walls" Condition="Included" Value="True" Unit="None" UnitClass="None" FieldTitle="" UserDefined="False" Validation="None" />
          <Filter Operator="And" Category="Parameter" Property="ELEM_FAMILY_AND_TYPE_PARAM" Condition="Contains" Value="BS_" Unit="None" UnitClass="None" FieldTitle="" UserDefined="False" Validation="None" />
          <Filter Operator="And" Category="Parameter" Property="WALL_HEIGHT_TYPE" Condition="HasValue" Value="True" Unit="None" UnitClass="None" FieldTitle="" UserDefined="False" Validation="None" />
          <Filter Operator="And" Category="TypeOrInstance" Property="Is Element Type" Condition="Equal" Value="False" Unit="None" UnitClass="None" FieldTitle="" UserDefined="False" Validation="None" />
        </Check>
        <Check CheckName="Skirting Unconnected Height" IsModelCheck="False" Description="Skirting Height should be = 100mm" ShowList="False" FailureMessage="Skirting Unconnected Height should be = 100mm" FailureCondition="ReportElements" CheckType="Custom" IsRequired="False" IsChecked="True" IsInitialized="True">
          <Filter Operator="And" Category="Category" Property="OST_Walls" Condition="Included" Value="True" Unit="None" UnitClass="None" FieldTitle="" UserDefined="False" Validation="None" />
          <Filter Operator="And" Category="Parameter" Property="ELEM_FAMILY_AND_TYPE_PARAM" Condition="Contains" Value="BS_" Unit="None" UnitClass="None" FieldTitle="" UserDefined="False" Validation="None" />
          <Filter Operator="And" Category="Parameter" Property="WALL_USER_HEIGHT_PARAM" Condition="NotEqual" Value="0.328083989501312" Unit="Millimeters" UnitClass="Length" FieldTitle="" UserDefined="False" Validation="None" />
          <Filter Operator="And" Category="TypeOrInstance" Property="Is Element Type" Condition="Equal" Value="False" Unit="None" UnitClass="None" FieldTitle="" UserDefined="False" Validation="None" />
        </Check>
      </Section>
      <Section SectionName="COLUMN (Base and Top Levels should be on CL)" Title="" IsChecked="True" Description="">
        <Check CheckName="Column Base Constraint" IsModelCheck="False" Description="Column Base Level should be on Concrete Level" ShowList="False" FailureMessage="Column Base Level should be on CL" FailureCondition="ReportElements" CheckType="Custom" IsRequired="False" IsChecked="True" IsInitialized="True">
          <Filter Operator="And" Category="Category" Property="OST_StructuralColumns" Condition="Included" Value="True" Unit="None" UnitClass="None" FieldTitle="" UserDefined="False" Validation="None" />
          <Filter Operator="And" Category="Parameter" Property="FAMILY_BASE_LEVEL_PARAM" Condition="DoesNotContain" Value="CL" Unit="None" UnitClass="None" FieldTitle="" UserDefined="False" Validation="None" />
          <Filter Operator="And" Category="TypeOrInstance" Property="Is Element Type" Condition="Equal" Value="False" Unit="None" UnitClass="None" FieldTitle="" UserDefined="False" Validation="None" />
        </Check>
        <Check CheckName="Column Top Constraint" IsModelCheck="False" Description="Column Top Level should be on Concrete Level" ShowList="False" FailureMessage="Column Top Level should be on CL" FailureCondition="ReportElements" CheckType="Custom" IsRequired="False" IsChecked="True" IsInitialized="True">
          <Filter Operator="And" Category="Category" Property="OST_StructuralColumns" Condition="Included" Value="True" Unit="None" UnitClass="None" FieldTitle="" UserDefined="False" Validation="None" />
          <Filter Operator="And" Category="Parameter" Property="FAMILY_TOP_LEVEL_PARAM" Condition="DoesNotContain" Value="CL" Unit="None" UnitClass="None" FieldTitle="" UserDefined="False" Validation="None" />
          <Filter Operator="And" Category="TypeOrInstance" Property="Is Element Type" Condition="Equal" Value="False" Unit="None" UnitClass="None" FieldTitle="" UserDefined="False" Validation="None" />
        </Check>
      </Section>
      <Section SectionName="STAIR CONCRETE (Base and Top Levels should be on CL)" Title="" IsChecked="True" Description="">
        <Check CheckName="Stair Concrete Base Level" IsModelCheck="False" Description="Stair Concrete Base Level should be on Concrete Level" ShowList="False" FailureMessage="Stair Concrete Base Level should be on CL" FailureCondition="ReportElements" CheckType="Custom" IsRequired="False" IsChecked="True" IsInitialized="True">
          <Filter Operator="And" Category="Category" Property="OST_Stairs" Condition="Included" Value="True" Unit="None" UnitClass="None" FieldTitle="" UserDefined="False" Validation="None" />
          <Filter Operator="And" Category="Parameter" Property="ELEM_FAMILY_AND_TYPE_PARAM" Condition="Contains" Value="Concrete" Unit="None" UnitClass="None" FieldTitle="" UserDefined="False" Validation="None" />
          <Filter Operator="And" Category="Parameter" Property="STAIRS_BASE_LEVEL_PARAM" Condition="DoesNotContain" Value="CL" Unit="None" UnitClass="None" FieldTitle="" UserDefined="False" Validation="None" />
          <Filter Operator="And" Category="TypeOrInstance" Property="Is Element Type" Condition="Equal" Value="False" Unit="None" UnitClass="None" FieldTitle="" UserDefined="False" Validation="None" />
        </Check>
        <Check CheckName="Stair Concrete Top Level" IsModelCheck="False" Description="Stair Concrete Top Level should be on Concrete Level" ShowList="False" FailureMessage="Stair Concrete Top Level should be on CL" FailureCondition="ReportElements" CheckType="Custom" IsRequired="False" IsChecked="True" IsInitialized="True">
          <Filter Operator="And" Category="Category" Property="OST_Stairs" Condition="Included" Value="True" Unit="None" UnitClass="None" FieldTitle="" UserDefined="False" Validation="None" />
          <Filter Operator="And" Category="Parameter" Property="ELEM_FAMILY_AND_TYPE_PARAM" Condition="Contains" Value="Concrete" Unit="None" UnitClass="None" FieldTitle="" UserDefined="False" Validation="None" />
          <Filter Operator="And" Category="Parameter" Property="STAIRS_TOP_LEVEL_PARAM" Condition="DoesNotContain" Value="CL" Unit="None" UnitClass="None" FieldTitle="" UserDefined="False" Validation="None" />
          <Filter Operator="And" Category="TypeOrInstance" Property="Is Element Type" Condition="Equal" Value="False" Unit="None" UnitClass="None" FieldTitle="" UserDefined="False" Validation="None" />
        </Check>
      </Section>
      <Section SectionName="STAIR FINISH (Base and Top Levels should be on FFL)" Title="" IsChecked="True" Description="">
        <Check CheckName="Stair Finish Base Level" IsModelCheck="False" Description="Stair Finish Base Level should be on Finish Floor Level" ShowList="False" FailureMessage="Stair Finish Base Level should be on FFL" FailureCondition="ReportElements" CheckType="Custom" IsRequired="False" IsChecked="True" IsInitialized="True">
          <Filter Operator="And" Category="Category" Property="OST_Stairs" Condition="Included" Value="True" Unit="None" UnitClass="None" FieldTitle="" UserDefined="False" Validation="None" />
          <Filter Operator="And" Category="Parameter" Property="ELEM_FAMILY_AND_TYPE_PARAM" Condition="Contains" Value="Finish" Unit="None" UnitClass="None" FieldTitle="" UserDefined="False" Validation="None" />
          <Filter Operator="And" Category="Parameter" Property="STAIRS_BASE_LEVEL_PARAM" Condition="DoesNotContain" Value="FFL" Unit="None" UnitClass="None" FieldTitle="" UserDefined="False" Validation="None" />
          <Filter Operator="And" Category="TypeOrInstance" Property="Is Element Type" Condition="Equal" Value="False" Unit="None" UnitClass="None" FieldTitle="" UserDefined="False" Validation="None" />
        </Check>
        <Check CheckName="Stair Finish Top Level" IsModelCheck="False" Description="Stair Finish Top Level should be on Finish Floor Level" ShowList="False" FailureMessage="Stair Finish Top Level should be on FFL" FailureCondition="ReportElements" CheckType="Custom" IsRequired="False" IsChecked="True" IsInitialized="True">
          <Filter Operator="And" Category="Category" Property="OST_Stairs" Condition="Included" Value="True" Unit="None" UnitClass="None" FieldTitle="" UserDefined="False" Validation="None" />
          <Filter Operator="And" Category="Parameter" Property="ELEM_FAMILY_AND_TYPE_PARAM" Condition="Contains" Value="Finish" Unit="None" UnitClass="None" FieldTitle="" UserDefined="False" Validation="None" />
          <Filter Operator="And" Category="Parameter" Property="STAIRS_TOP_LEVEL_PARAM" Condition="DoesNotContain" Value="FFL" Unit="None" UnitClass="None" FieldTitle="" UserDefined="False" Validation="None" />
          <Filter Operator="And" Category="TypeOrInstance" Property="Is Element Type" Condition="Equal" Value="False" Unit="None" UnitClass="None" FieldTitle="" UserDefined="False" Validation="None" />
        </Check>
      </Section>
    </Section>
  </Heading>
  <Heading HeadingText="DUPLICATED ELEMENTS" Description="">
    <Section SectionName="No Duplicate Walls in the Model" Title="" IsChecked="True" Description="">
      <Check CheckName="Duplicate Walls" IsModelCheck="False" Description="Check for any Walls that are duplicates, meaning identical elements at the same location and base level.  " ShowList="True" FailureMessage="Walls are Duplicated" FailureCondition="ReportElements" CheckType="Custom" IsRequired="False" IsChecked="False" IsInitialized="True">
        <Filter Operator="And" Category="Category" Property="OST_Walls" Condition="Included" Value="True" Unit="None" UnitClass="None" FieldTitle="" UserDefined="False" Validation="None" />
        <Filter Operator="And" Category="Redundant" Property="Location" Condition="Equal" Value="True" Unit="None" UnitClass="None" FieldTitle="" UserDefined="False" Validation="None" />
        <Filter Operator="And" Category="TypeOrInstance" Property="Is Element Type" Condition="Equal" Value="False" Unit="None" UnitClass="None" FieldTitle="" UserDefined="False" Validation="None" />
      </Check>
    </Section>
    <Section SectionName="No Duplicate Columns in the Model" Title="" IsChecked="False" Description="">
      <Check CheckName="Duplicate Columns" IsModelCheck="False" Description="Check for any Columns that are duplicates, meaning identical elements at the same location and base level. " ShowList="True" FailureMessage="Columns are Duplicated" FailureCondition="ReportElements" CheckType="Custom" IsRequired="False" IsChecked="True" IsInitialized="True">
        <Filter Operator="And" Category="Category" Property="OST_StructuralColumns" Condition="Included" Value="True" Unit="None" UnitClass="None" FieldTitle="" UserDefined="False" Validation="None" />
        <Filter Operator="And" Category="Redundant" Property="Location" Condition="Equal" Value="True" Unit="None" UnitClass="None" FieldTitle="" UserDefined="False" Validation="None" />
        <Filter Operator="And" Category="TypeOrInstance" Property="Is Element Type" Condition="Equal" Value="False" Unit="None" UnitClass="None" FieldTitle="" UserDefined="False" Validation="None" />
      </Check>
    </Section>
    <Section SectionName="No Duplicate Floors in the Model" Title="" IsChecked="True" Description="">
      <Check CheckName="Duplicate Floors" IsModelCheck="False" Description="Check for any Floor that are duplicates, meaning identical elements at the same location and base level. " ShowList="False" FailureMessage="Floors are Duplicated" FailureCondition="ReportElements" CheckType="Custom" IsRequired="False" IsChecked="True" IsInitialized="True">
        <Filter Operator="And" Category="Category" Property="OST_Floors" Condition="Included" Value="True" Unit="None" UnitClass="None" FieldTitle="" UserDefined="False" Validation="None" />
        <Filter Operator="And" Category="Redundant" Property="Location" Condition="Equal" Value="True" Unit="None" UnitClass="None" FieldTitle="" UserDefined="False" Validation="None" />
        <Filter Operator="And" Category="TypeOrInstance" Property="Is Element Type" Condition="Equal" Value="False" Unit="None" UnitClass="None" FieldTitle="" UserDefined="False" Validation="None" />
      </Check>
    </Section>
    <Section SectionName="No Duplicate Plantings in the Model" Title="" IsChecked="True" Description="">
      <Check CheckName="Duplicate Plantings" IsModelCheck="False" Description="Check for any Planting that are duplicates, meaning identical elements at the same location and base level. " ShowList="False" FailureMessage="PLantings are Duplicated" FailureCondition="ReportElements" CheckType="Custom" IsRequired="False" IsChecked="True" IsInitialized="True">
        <Filter Operator="And" Category="Category" Property="OST_Planting" Condition="Included" Value="True" Unit="None" UnitClass="None" FieldTitle="" UserDefined="False" Validation="None" />
        <Filter Operator="And" Category="Redundant" Property="Location" Condition="Equal" Value="True" Unit="None" UnitClass="None" FieldTitle="" UserDefined="False" Validation="None" />
        <Filter Operator="And" Category="TypeOrInstance" Property="Is Element Type" Condition="Equal" Value="False" Unit="None" UnitClass="None" FieldTitle="" UserDefined="False" Validation="None" />
      </Check>
    </Section>
  </Heading>
  <Heading HeadingText="WORKSETS ARE DEFINED CORRECLTY" Description="">
    <Section SectionName="Internal Door" Title="" IsChecked="False" Description="">
      <Check CheckName="Internal Doors" IsModelCheck="False" Description="Internal Doors should be on &quot;AR_Internal&quot; Workset. Use Ideate Software (Explorer) to place elements on the Correct Workset" ShowList="False" FailureMessage="Elements Should be on &quot;AR_Internal&quot; Workset. Use Ideate Software (Explorer) to place elements on the Correct Workset" FailureCondition="ReportElements" CheckType="Custom" IsRequired="False" IsChecked="True" IsInitialized="True">
        <Filter Operator="And" Category="Category" Property="OST_Doors" Condition="Included" Value="True" Unit="None" UnitClass="None" FieldTitle="" UserDefined="False" Validation="None" />
        <Filter Operator="And" Category="Parameter" Property="ELEM_FAMILY_AND_TYPE_PARAM" Condition="Contains" Value="_Int_" Unit="None" UnitClass="None" FieldTitle="" UserDefined="False" Validation="None" />
        <Filter Operator="And" Category="Workset" Property="Name" Condition="NotEqual" Value="AR_Internal" Unit="None" UnitClass="None" FieldTitle="" UserDefined="False" Validation="None" />
        <Filter Operator="And" Category="TypeOrInstance" Property="Is Element Type" Condition="Equal" Value="False" Unit="None" UnitClass="None" FieldTitle="" UserDefined="False" Validation="None" />
      </Check>
    </Section>
    <Section SectionName="External Door" Title="" IsChecked="False" Description="">
      <Check CheckName="External Doors" IsModelCheck="False" Description="External Doors should be on &quot;AR_External&quot; Workset. Use Ideate Software (Explorer) to place elements on the Correct Workset" ShowList="False" FailureMessage="Elements Should be on &quot;AR_External&quot; Workset. Use Ideate Software (Explorer) to place elements on the Correct Workset" FailureCondition="ReportElements" CheckType="Custom" IsRequired="False" IsChecked="True" IsInitialized="True">
        <Filter Operator="And" Category="Category" Property="OST_Doors" Condition="Included" Value="True" Unit="None" UnitClass="None" FieldTitle="" UserDefined="False" Validation="None" />
        <Filter Operator="And" Category="Parameter" Property="ELEM_FAMILY_AND_TYPE_PARAM" Condition="Contains" Value="_Ext_" Unit="None" UnitClass="None" FieldTitle="" UserDefined="False" Validation="None" />
        <Filter Operator="And" Category="Workset" Property="Name" Condition="NotEqual" Value="AR_External" Unit="None" UnitClass="None" FieldTitle="" UserDefined="False" Validation="None" />
        <Filter Operator="And" Category="TypeOrInstance" Property="Is Element Type" Condition="Equal" Value="False" Unit="None" UnitClass="None" FieldTitle="" UserDefined="False" Validation="None" />
      </Check>
    </Section>
    <Section SectionName="Internal Walls" Title="" IsChecked="True" Description="">
      <Check CheckName="Internal Walls" IsModelCheck="False" Description="Internal Walls Should be on &quot;AR_Internal&quot; Workset. Use Ideate Software (Explorer) to place elements on the Correct Workset" ShowList="False" FailureMessage="Elements Should be on &quot;AR_Internal&quot; Workset. Use Ideate Software (Explorer) to place elements on the Correct Workset" FailureCondition="ReportElements" CheckType="Custom" IsRequired="False" IsChecked="True" IsInitialized="True">
        <Filter Operator="And" Category="Category" Property="OST_Walls" Condition="Included" Value="True" Unit="None" UnitClass="None" FieldTitle="" UserDefined="False" Validation="None" />
        <Filter Operator="And" Category="Parameter" Property="ELEM_FAMILY_AND_TYPE_PARAM" Condition="Contains" Value="WA_" Unit="None" UnitClass="None" FieldTitle="" UserDefined="False" Validation="None" />
        <Filter Operator="And" Category="Parameter" Property="Function" Condition="Equal" Value="0" Unit="None" UnitClass="None" FieldTitle="" UserDefined="False" Validation="None" />
        <Filter Operator="And" Category="Workset" Property="Name" Condition="NotEqual" Value="AR_Internal" Unit="None" UnitClass="None" FieldTitle="" UserDefined="False" Validation="None" />
        <Filter Operator="And" Category="TypeOrInstance" Property="Is Element Type" Condition="Equal" Value="False" Unit="None" UnitClass="None" FieldTitle="" UserDefined="False" Validation="None" />
      </Check>
    </Section>
    <Section SectionName="External Walls" Title="" IsChecked="True" Description="">
      <Check CheckName="External Walls" IsModelCheck="False" Description="External Walls Should be on &quot;AR_External&quot; Workset. Use Ideate Software (Explorer) to place elements on the Correct Workset" ShowList="False" FailureMessage="Elements Should be on &quot;AR_External&quot; Workset. Use Ideate Software (Explorer) to place elements on the Correct Workset" FailureCondition="ReportElements" CheckType="Custom" IsRequired="False" IsChecked="True" IsInitialized="True">
        <Filter Operator="And" Category="Category" Property="OST_Walls" Condition="Included" Value="True" Unit="None" UnitClass="None" FieldTitle="" UserDefined="False" Validation="None" />
        <Filter Operator="And" Category="Parameter" Property="ELEM_FAMILY_AND_TYPE_PARAM" Condition="Contains" Value="WA_" Unit="None" UnitClass="None" FieldTitle="" UserDefined="False" Validation="None" />
        <Filter Operator="And" Category="Parameter" Property="Function" Condition="Equal" Value="1" Unit="None" UnitClass="None" FieldTitle="" UserDefined="False" Validation="None" />
        <Filter Operator="And" Category="Workset" Property="Name" Condition="NotEqual" Value="AR_External" Unit="None" UnitClass="None" FieldTitle="" UserDefined="False" Validation="None" />
        <Filter Operator="And" Category="TypeOrInstance" Property="Is Element Type" Condition="Equal" Value="False" Unit="None" UnitClass="None" FieldTitle="" UserDefined="False" Validation="None" />
      </Check>
    </Section>
    <Section SectionName="Wall Finish" Title="" IsChecked="True" Description="">
      <Check CheckName="Wall Finish" IsModelCheck="False" Description="Wall Finishes should be on &quot;AR_Wall Finish&quot; Workset . Use Ideate Software (Explorer) to place elements on the Correct Workset" ShowList="False" FailureMessage="Elements Should be on &quot;AR_Wall Finish&quot; Workset . Use Ideate Software (Explorer) to place elements on the Correct Workset" FailureCondition="ReportElements" CheckType="Custom" IsRequired="False" IsChecked="True" IsInitialized="True">
        <Filter Operator="And" Category="Category" Property="OST_Walls" Condition="Included" Value="True" Unit="None" UnitClass="None" FieldTitle="" UserDefined="False" Validation="None" />
        <Filter Operator="And" Category="Parameter" Property="ELEM_FAMILY_AND_TYPE_PARAM" Condition="Contains" Value="WF_" Unit="None" UnitClass="None" FieldTitle="" UserDefined="False" Validation="None" />
        <Filter Operator="And" Category="Workset" Property="Name" Condition="NotEqual" Value="AR_Wall Finish" Unit="None" UnitClass="None" FieldTitle="" UserDefined="False" Validation="None" />
        <Filter Operator="And" Category="TypeOrInstance" Property="Is Element Type" Condition="Equal" Value="False" Unit="None" UnitClass="None" FieldTitle="" UserDefined="False" Validation="None" />
      </Check>
    </Section>
    <Section SectionName="Skirting" Title="" IsChecked="False" Description="">
      <Check CheckName="Base_Finish" IsModelCheck="False" Description="Base Finishes should be on &quot;AR_Wall Finish&quot; Workset . Use Ideate Software (Explorer) to place elements on the Correct Workset" ShowList="False" FailureMessage="Elements Should be on &quot;AR_Wall Finish&quot; Workset. Use Ideate Software (Explorer) to place elements on the Correct Workset" FailureCondition="ReportElements" CheckType="Custom" IsRequired="False" IsChecked="True" IsInitialized="True">
        <Filter Operator="And" Category="Category" Property="OST_Walls" Condition="Included" Value="True" Unit="None" UnitClass="None" FieldTitle="" UserDefined="False" Validation="None" />
        <Filter Operator="And" Category="Parameter" Property="ELEM_FAMILY_AND_TYPE_PARAM" Condition="Contains" Value="BS_" Unit="None" UnitClass="None" FieldTitle="" UserDefined="False" Validation="None" />
        <Filter Operator="And" Category="Workset" Property="Name" Condition="NotEqual" Value="AR_Wall Finish" Unit="None" UnitClass="None" FieldTitle="" UserDefined="False" Validation="None" />
        <Filter Operator="And" Category="TypeOrInstance" Property="Is Element Type" Condition="Equal" Value="False" Unit="None" UnitClass="None" FieldTitle="" UserDefined="False" Validation="None" />
      </Check>
    </Section>
    <Section SectionName="Ceilings" Title="" IsChecked="False" Description="">
      <Check CheckName="Ceilings" IsModelCheck="False" Description="Ceilings should be on &quot;AR_Ceilings Workset. Use Ideate Software (Explorer) to place elements on the Correct Workset" ShowList="False" FailureMessage="Elements Should be on &quot;AR_Ceilings Workset. Use Ideate Software (Explorer) to place elements on the Correct Workset" FailureCondition="ReportElements" CheckType="Custom" IsRequired="False" IsChecked="True" IsInitialized="True">
        <Filter Operator="And" Category="Category" Property="OST_Ceilings" Condition="Included" Value="True" Unit="None" UnitClass="None" FieldTitle="" UserDefined="False" Validation="None" />
        <Filter Operator="And" Category="Workset" Property="Name" Condition="NotEqual" Value="AR_Ceilings" Unit="None" UnitClass="None" FieldTitle="" UserDefined="False" Validation="None" />
        <Filter Operator="And" Category="TypeOrInstance" Property="Is Element Type" Condition="Equal" Value="False" Unit="None" UnitClass="None" FieldTitle="" UserDefined="False" Validation="None" />
      </Check>
    </Section>
    <Section SectionName="Floor Finish" Title="" IsChecked="True" Description="">
      <Check CheckName="Floor Finish" IsModelCheck="False" Description="Floor Finishes Should be on &quot;AR_Floor Finish&quot; Workset. Use Ideate Software (Explorer) to place elements on the Correct Workset" ShowList="False" FailureMessage="Elements Should be on &quot;AR_Floor Finish&quot; Workset. Use Ideate Software (Explorer) to place elements on the Correct Workset" FailureCondition="ReportElements" CheckType="Custom" IsRequired="False" IsChecked="True" IsInitialized="True">
        <Filter Operator="And" Category="Category" Property="OST_Floors" Condition="Included" Value="True" Unit="None" UnitClass="None" FieldTitle="" UserDefined="False" Validation="None" />
        <Filter Operator="And" Category="Type" Property="Name" Condition="Contains" Value="FL_" Unit="None" UnitClass="None" FieldTitle="" UserDefined="False" Validation="None" />
        <Filter Operator="And" Category="Workset" Property="Name" Condition="NotEqual" Value="AR_Floor Finish" Unit="None" UnitClass="None" FieldTitle="" UserDefined="False" Validation="None" />
        <Filter Operator="And" Category="TypeOrInstance" Property="Is Element Type" Condition="Equal" Value="False" Unit="None" UnitClass="None" FieldTitle="" UserDefined="False" Validation="None" />
        <Filter Operator="Exclude" Category="Category" Property="OST_Floors" Condition="Included" Value="True" Unit="None" UnitClass="None" FieldTitle="" UserDefined="False" Validation="None" />
        <Filter Operator="And" Category="Type" Property="Name" Condition="Contains" Value="Generic" Unit="None" UnitClass="None" FieldTitle="" UserDefined="False" Validation="None" />
      </Check>
    </Section>
    <Section SectionName="Windows" Title="" IsChecked="False" Description="">
      <Check CheckName="Windows" IsModelCheck="False" Description="Windows should be on &quot;AR_Skin&quot; Workset . Use Ideate Software (Explorer) to place elements on the Correct Workset" ShowList="False" FailureMessage="Elements Should be on &quot;AR_Skin&quot; Workset . Use Ideate Software (Explorer) to place elements on the Correct Workset" FailureCondition="ReportElements" CheckType="Custom" IsRequired="False" IsChecked="True" IsInitialized="True">
        <Filter Operator="And" Category="Category" Property="OST_Windows" Condition="Included" Value="True" Unit="None" UnitClass="None" FieldTitle="" UserDefined="False" Validation="None" />
        <Filter Operator="And" Category="Workset" Property="Name" Condition="NotEqual" Value="AR_Skin" Unit="None" UnitClass="None" FieldTitle="" UserDefined="False" Validation="None" />
        <Filter Operator="And" Category="TypeOrInstance" Property="Is Element Type" Condition="Equal" Value="False" Unit="None" UnitClass="None" FieldTitle="" UserDefined="False" Validation="None" />
      </Check>
    </Section>
    <Section SectionName="Furniture" Title="" IsChecked="True" Description="">
      <Check CheckName="Furniture" IsModelCheck="False" Description="Furniture should be on &quot;AR_Furniture&quot; Workset. Use Ideate Software (Explorer) to place elements on the Correct Workset" ShowList="False" FailureMessage="Elements Should be on &quot;AR_Furniture&quot; Workset. Use Ideate Software (Explorer) to place elements on the Correct Workset" FailureCondition="ReportElements" CheckType="Custom" IsRequired="False" IsChecked="True" IsInitialized="True">
        <Filter Operator="And" Category="Category" Property="OST_Furniture" Condition="Included" Value="True" Unit="None" UnitClass="None" FieldTitle="" UserDefined="False" Validation="None" />
        <Filter Operator="And" Category="Workset" Property="Name" Condition="NotEqual" Value="AR_Furniture" Unit="None" UnitClass="None" FieldTitle="" UserDefined="False" Validation="None" />
        <Filter Operator="And" Category="TypeOrInstance" Property="Is Element Type" Condition="Equal" Value="False" Unit="None" UnitClass="None" FieldTitle="" UserDefined="False" Validation="None" />
      </Check>
    </Section>
    <Section SectionName="Levels and Grids" Title="" IsChecked="False" Description="">
      <Check CheckName="Levels" IsModelCheck="False" Description="Levels should be on &quot;Shared Levels and Grids&quot; Workset. Use Ideate Software (Explorer) to place elements on the Correct Workset" ShowList="False" FailureMessage="Elements Should be on &quot;Shared Levels and Grids&quot; Workset. Use Ideate Software (Explorer) to place elements on the Correct Workset" FailureCondition="ReportElements" CheckType="Custom" IsRequired="False" IsChecked="True" IsInitialized="True">
        <Filter Operator="And" Category="Category" Property="OST_Levels" Condition="Included" Value="True" Unit="None" UnitClass="None" FieldTitle="" UserDefined="False" Validation="None" />
        <Filter Operator="And" Category="Workset" Property="Name" Condition="NotEqual" Value="Shared Levels and Grids" Unit="None" UnitClass="None" FieldTitle="" UserDefined="False" Validation="None" />
        <Filter Operator="And" Category="TypeOrInstance" Property="Is Element Type" Condition="Equal" Value="False" Unit="None" UnitClass="None" FieldTitle="" UserDefined="False" Validation="None" />
      </Check>
      <Check CheckName="Grids" IsModelCheck="False" Description="Grids should be on &quot;Shared Levels and Grids&quot; Workset. Use Ideate Software (Explorer) to place elements on the Correct Workset" ShowList="False" FailureMessage="Elements Should be on &quot;Shared Levels and Grids&quot; Workset. Use Ideate Software (Explorer) to place elements on the Correct Workset" FailureCondition="ReportElements" CheckType="Custom" IsRequired="False" IsChecked="True" IsInitialized="True">
        <Filter Operator="And" Category="Category" Property="OST_Grids" Condition="Included" Value="True" Unit="None" UnitClass="None" FieldTitle="" UserDefined="False" Validation="None" />
        <Filter Operator="And" Category="Workset" Property="Name" Condition="NotEqual" Value="Shared Levels and Grids" Unit="None" UnitClass="None" FieldTitle="" UserDefined="False" Validation="None" />
        <Filter Operator="And" Category="TypeOrInstance" Property="Is Element Type" Condition="Equal" Value="False" Unit="None" UnitClass="None" FieldTitle="" UserDefined="False" Validation="None" />
      </Check>
    </Section>
    <Section SectionName="Structural Concrete Elements" Title="" IsChecked="False" Description="">
      <Check CheckName="Structure-Columns" IsModelCheck="False" Description="Structure-Columns should be on &quot;ST_Concrete&quot; Workset. Use Ideate Software (Explorer) to place elements on the Correct Workset" ShowList="False" FailureMessage="Elements Should be on &quot;ST_Concrete&quot; Workset. Use Ideate Software (Explorer) to place elements on the Correct Workset" FailureCondition="ReportElements" CheckType="Custom" IsRequired="False" IsChecked="True" IsInitialized="True">
        <Filter Operator="And" Category="Category" Property="OST_StructuralColumns" Condition="Included" Value="True" Unit="None" UnitClass="None" FieldTitle="" UserDefined="False" Validation="None" />
        <Filter Operator="And" Category="Workset" Property="Name" Condition="NotEqual" Value="ST_Concrete" Unit="None" UnitClass="None" FieldTitle="" UserDefined="False" Validation="None" />
        <Filter Operator="And" Category="TypeOrInstance" Property="Is Element Type" Condition="Equal" Value="False" Unit="None" UnitClass="None" FieldTitle="" UserDefined="False" Validation="None" />
      </Check>
      <Check CheckName="Structure-Foundation" IsModelCheck="False" Description="Structure-Foundation should be on &quot;ST_Concrete&quot; Workset. Use Ideate Software (Explorer) to place elements on the Correct Workset" ShowList="False" FailureMessage="Elements Should be on &quot;ST_Concrete&quot; Workset. Use Ideate Software (Explorer) to place elements on the Correct Workset" FailureCondition="ReportElements" CheckType="Custom" IsRequired="False" IsChecked="True" IsInitialized="True">
        <Filter Operator="And" Category="Category" Property="OST_StructuralFoundation" Condition="Included" Value="True" Unit="None" UnitClass="None" FieldTitle="" UserDefined="False" Validation="None" />
        <Filter Operator="And" Category="Workset" Property="Name" Condition="NotEqual" Value="ST_Concrete" Unit="None" UnitClass="None" FieldTitle="" UserDefined="False" Validation="None" />
        <Filter Operator="And" Category="TypeOrInstance" Property="Is Element Type" Condition="Equal" Value="False" Unit="None" UnitClass="None" FieldTitle="" UserDefined="False" Validation="None" />
      </Check>
      <Check CheckName="Structure-Framing" IsModelCheck="False" Description=" Structure-Framing should be on &quot;ST_Concrete&quot; Workset. Use Ideate Software (Explorer) to place elements on the Correct Workset" ShowList="False" FailureMessage="Elements Should be on &quot;ST_Concrete&quot; Workset. Use Ideate Software (Explorer) to place elements on the Correct Workset" FailureCondition="ReportElements" CheckType="Custom" IsRequired="False" IsChecked="True" IsInitialized="True">
        <Filter Operator="And" Category="Category" Property="OST_StructuralFraming" Condition="Included" Value="True" Unit="None" UnitClass="None" FieldTitle="" UserDefined="False" Validation="None" />
        <Filter Operator="And" Category="Workset" Property="Name" Condition="NotEqual" Value="ST_Concrete" Unit="None" UnitClass="None" FieldTitle="" UserDefined="False" Validation="None" />
        <Filter Operator="And" Category="TypeOrInstance" Property="Is Element Type" Condition="Equal" Value="False" Unit="None" UnitClass="None" FieldTitle="" UserDefined="False" Validation="None" />
      </Check>
    </Section>
    <Section SectionName="Electrical Fixtures" Title="" IsChecked="False" Description="">
      <Check CheckName="Electrical Fixtures" IsModelCheck="False" Description="Electrical Fixtures should be on &quot;EL_Lighting&quot; Workset. Use Ideate Software (Explorer) to place elements on the Correct Workset" ShowList="False" FailureMessage="Elements Should be on &quot;EL_Lighting&quot; Workset. Use Ideate Software (Explorer) to place elements on the Correct Workset" FailureCondition="ReportElements" CheckType="Custom" IsRequired="False" IsChecked="True" IsInitialized="True">
        <Filter Operator="And" Category="Category" Property="OST_ElectricalFixtures" Condition="Included" Value="True" Unit="None" UnitClass="None" FieldTitle="" UserDefined="False" Validation="None" />
        <Filter Operator="And" Category="Workset" Property="Name" Condition="NotEqual" Value="EL_Lighting" Unit="None" UnitClass="None" FieldTitle="" UserDefined="False" Validation="None" />
        <Filter Operator="And" Category="TypeOrInstance" Property="Is Element Type" Condition="Equal" Value="False" Unit="None" UnitClass="None" FieldTitle="" UserDefined="False" Validation="None" />
      </Check>
    </Section>
    <Section SectionName="Plumbing Fixtures" Title="" IsChecked="False" Description="">
      <Check CheckName="Plumbing Fixtures" IsModelCheck="False" Description="Plumbing Fixtures should be on &quot;ME_Plumbing&quot; Workset. Use Ideate Software (Explorer) to place elements on the Correct Workset" ShowList="False" FailureMessage="Elements Should be on &quot;ME_Plumbing&quot; Workset. Use Ideate Software (Explorer) to place elements on the Correct Workset" FailureCondition="ReportElements" CheckType="Custom" IsRequired="False" IsChecked="True" IsInitialized="True">
        <Filter Operator="And" Category="Category" Property="OST_PlumbingFixtures" Condition="Included" Value="True" Unit="None" UnitClass="None" FieldTitle="" UserDefined="False" Validation="None" />
        <Filter Operator="And" Category="Workset" Property="Name" Condition="NotEqual" Value="ME_Plumbing" Unit="None" UnitClass="None" FieldTitle="" UserDefined="False" Validation="None" />
        <Filter Operator="And" Category="TypeOrInstance" Property="Is Element Type" Condition="Equal" Value="False" Unit="None" UnitClass="None" FieldTitle="" UserDefined="False" Validation="None" />
      </Check>
    </Section>
    <Section SectionName="Scope Boxes" Title="" IsChecked="True" Description="">
      <Check CheckName="Scope Boxes" IsModelCheck="False" Description="Scope Boxes Should be on &quot;Scope Boxes&quot; Workset. Use Ideate Software (Explorer) to place elements on the Correct Workset" ShowList="False" FailureMessage="Elements Should be on &quot;Scope Boxes&quot; Workset. Use Ideate Software (Explorer) to place elements on the Correct Workset" FailureCondition="ReportElements" CheckType="Custom" IsRequired="False" IsChecked="True" IsInitialized="True">
        <Filter Operator="And" Category="Category" Property="OST_VolumeOfInterest" Condition="Included" Value="True" Unit="None" UnitClass="None" FieldTitle="" UserDefined="False" Validation="None" />
        <Filter Operator="And" Category="Workset" Property="Name" Condition="NotEqual" Value="Scope Boxes" Unit="None" UnitClass="None" FieldTitle="" UserDefined="False" Validation="None" />
        <Filter Operator="And" Category="TypeOrInstance" Property="Is Element Type" Condition="Equal" Value="False" Unit="None" UnitClass="None" FieldTitle="" UserDefined="False" Validation="None" />
      </Check>
    </Section>
    <Section SectionName="Links" Title="" IsChecked="False" Description="">
      <Check CheckName="URS Links" IsModelCheck="False" Description="URS Links Should be on &quot;Z_Link_URS&quot; Workset. Use Ideate Software (Explorer) to place elements on the Correct Workset" ShowList="False" FailureMessage="Elements Should be on &quot;Z_Link_URS&quot; Workset. Use Ideate Software (Explorer) to place elements on the Correct Workset" FailureCondition="ReportElements" CheckType="Custom" IsRequired="False" IsChecked="True" IsInitialized="True">
        <Filter Operator="And" Category="Category" Property="OST_RvtLinks" Condition="Included" Value="True" Unit="None" UnitClass="None" FieldTitle="" UserDefined="False" Validation="None" />
        <Filter Operator="And" Category="Parameter" Property="Type" Condition="Contains" Value="_URS_" Unit="None" UnitClass="None" FieldTitle="" UserDefined="False" Validation="None" />
        <Filter Operator="And" Category="Workset" Property="Name" Condition="NotEqual" Value="Z_Link_URS" Unit="None" UnitClass="None" FieldTitle="" UserDefined="False" Validation="None" />
        <Filter Operator="And" Category="TypeOrInstance" Property="Is Element Type" Condition="Equal" Value="False" Unit="None" UnitClass="None" FieldTitle="" UserDefined="False" Validation="None" />
      </Check>
      <Check CheckName="AR Links" IsModelCheck="False" Description="AR Links Should be on &quot;Z_Link_AR&quot; Workset. Use Ideate Software (Explorer) to place elements on the Correct Workset" ShowList="False" FailureMessage="Elements Should be on &quot;Z_Link_AR&quot; Workset. Use Ideate Software (Explorer) to place elements on the Correct Workset" FailureCondition="ReportElements" CheckType="Custom" IsRequired="False" IsChecked="True" IsInitialized="True">
        <Filter Operator="And" Category="Category" Property="OST_RvtLinks" Condition="Included" Value="True" Unit="None" UnitClass="None" FieldTitle="" UserDefined="False" Validation="None" />
        <Filter Operator="And" Category="Parameter" Property="Type" Condition="Contains" Value="_AR_" Unit="None" UnitClass="None" FieldTitle="" UserDefined="False" Validation="None" />
        <Filter Operator="And" Category="Workset" Property="Name" Condition="NotEqual" Value="Z_Link_AR" Unit="None" UnitClass="None" FieldTitle="" UserDefined="False" Validation="None" />
        <Filter Operator="And" Category="TypeOrInstance" Property="Is Element Type" Condition="Equal" Value="False" Unit="None" UnitClass="None" FieldTitle="" UserDefined="False" Validation="None" />
      </Check>
      <Check CheckName="AI Links" IsModelCheck="False" Description="AI Links Should be on &quot;Z_Link_AI&quot; Workset. Use Ideate Software (Explorer) to place elements on the Correct Workset" ShowList="False" FailureMessage="Elements Should be on &quot;Z_Link_AI&quot; Workset. Use Ideate Software (Explorer) to place elements on the Correct Workset" FailureCondition="ReportElements" CheckType="Custom" IsRequired="False" IsChecked="True" IsInitialized="True">
        <Filter Operator="And" Category="Category" Property="OST_RvtLinks" Condition="Included" Value="True" Unit="None" UnitClass="None" FieldTitle="" UserDefined="False" Validation="None" />
        <Filter Operator="And" Category="Parameter" Property="Type" Condition="Contains" Value="_AI_" Unit="None" UnitClass="None" FieldTitle="" UserDefined="False" Validation="None" />
        <Filter Operator="And" Category="Workset" Property="Name" Condition="NotEqual" Value="Z_Link_AI" Unit="None" UnitClass="None" FieldTitle="" UserDefined="False" Validation="None" />
        <Filter Operator="And" Category="TypeOrInstance" Property="Is Element Type" Condition="Equal" Value="False" Unit="None" UnitClass="None" FieldTitle="" UserDefined="False" Validation="None" />
      </Check>
      <Check CheckName="EL Links" IsModelCheck="False" Description="EL Links should be on &quot;Z_Link_EL&quot; Workset. Use Ideate Software (Explorer) to place elements on the Correct Workset" ShowList="False" FailureMessage="Elements Should be on &quot;Z_Link_EL&quot; Workset. Use Ideate Software (Explorer) to place elements on the Correct Workset" FailureCondition="ReportElements" CheckType="Custom" IsRequired="False" IsChecked="True" IsInitialized="True">
        <Filter Operator="And" Category="Category" Property="OST_RvtLinks" Condition="Included" Value="True" Unit="None" UnitClass="None" FieldTitle="" UserDefined="False" Validation="None" />
        <Filter Operator="And" Category="Parameter" Property="Type" Condition="Contains" Value="_EL_" Unit="None" UnitClass="None" FieldTitle="" UserDefined="False" Validation="None" />
        <Filter Operator="And" Category="Workset" Property="Name" Condition="NotEqual" Value="Z_Link_EL" Unit="None" UnitClass="None" FieldTitle="" UserDefined="False" Validation="None" />
        <Filter Operator="And" Category="TypeOrInstance" Property="Is Element Type" Condition="Equal" Value="False" Unit="None" UnitClass="None" FieldTitle="" UserDefined="False" Validation="None" />
      </Check>
      <Check CheckName="LC Links" IsModelCheck="False" Description="LC Links should be on &quot;Z_Link_LC&quot; Workset. Use Ideate Software (Explorer) to place elements on the Correct Workset" ShowList="False" FailureMessage="Elements Should be on &quot;Z_Link_LC&quot; Workset. Use Ideate Software (Explorer) to place elements on the Correct Workset" FailureCondition="ReportElements" CheckType="Custom" IsRequired="False" IsChecked="True" IsInitialized="True">
        <Filter Operator="And" Category="Category" Property="OST_RvtLinks" Condition="Included" Value="True" Unit="None" UnitClass="None" FieldTitle="" UserDefined="False" Validation="None" />
        <Filter Operator="And" Category="Parameter" Property="Type" Condition="Contains" Value="_LC_" Unit="None" UnitClass="None" FieldTitle="" UserDefined="False" Validation="None" />
        <Filter Operator="And" Category="Workset" Property="Name" Condition="NotEqual" Value="Z_Link_LC" Unit="None" UnitClass="None" FieldTitle="" UserDefined="False" Validation="None" />
        <Filter Operator="And" Category="TypeOrInstance" Property="Is Element Type" Condition="Equal" Value="False" Unit="None" UnitClass="None" FieldTitle="" UserDefined="False" Validation="None" />
      </Check>
      <Check CheckName="MH Links" IsModelCheck="False" Description="MH Links should be on &quot;Z_Link_MH&quot; Workset. Use Ideate Software (Explorer) to place elements on the Correct Workset" ShowList="False" FailureMessage="Elements Should be on &quot;Z_Link_MH&quot; Workset. Use Ideate Software (Explorer) to place elements on the Correct Workset" FailureCondition="ReportElements" CheckType="Custom" IsRequired="False" IsChecked="True" IsInitialized="True">
        <Filter Operator="And" Category="Category" Property="OST_RvtLinks" Condition="Included" Value="True" Unit="None" UnitClass="None" FieldTitle="" UserDefined="False" Validation="None" />
        <Filter Operator="And" Category="Parameter" Property="Type" Condition="Contains" Value="_MH_" Unit="None" UnitClass="None" FieldTitle="" UserDefined="False" Validation="None" />
        <Filter Operator="And" Category="Workset" Property="Name" Condition="NotEqual" Value="Z_Link_MH" Unit="None" UnitClass="None" FieldTitle="" UserDefined="False" Validation="None" />
        <Filter Operator="And" Category="TypeOrInstance" Property="Is Element Type" Condition="Equal" Value="False" Unit="None" UnitClass="None" FieldTitle="" UserDefined="False" Validation="None" />
      </Check>
      <Check CheckName="MF Links" IsModelCheck="False" Description="MF Links should be on &quot;Z_Link_MF&quot; Workset. Use Ideate Software (Explorer) to place elements on the Correct Workset" ShowList="False" FailureMessage="Elements Should be on &quot;Z_Link_MF&quot; Workset. Use Ideate Software (Explorer) to place elements on the Correct Workset" FailureCondition="ReportElements" CheckType="Custom" IsRequired="False" IsChecked="True" IsInitialized="True">
        <Filter Operator="And" Category="Category" Property="OST_RvtLinks" Condition="Included" Value="True" Unit="None" UnitClass="None" FieldTitle="" UserDefined="False" Validation="None" />
        <Filter Operator="And" Category="Parameter" Property="Type" Condition="Contains" Value="_MF_" Unit="None" UnitClass="None" FieldTitle="" UserDefined="False" Validation="None" />
        <Filter Operator="And" Category="Workset" Property="Name" Condition="NotEqual" Value="Z_Link_MF" Unit="None" UnitClass="None" FieldTitle="" UserDefined="False" Validation="None" />
        <Filter Operator="And" Category="TypeOrInstance" Property="Is Element Type" Condition="Equal" Value="False" Unit="None" UnitClass="None" FieldTitle="" UserDefined="False" Validation="None" />
      </Check>
      <Check CheckName="MP Links" IsModelCheck="False" Description="MP Links should be on &quot;Z_Link_MP&quot; Workset. Use Ideate Software (Explorer) to place elements on the Correct Workset" ShowList="False" FailureMessage="Elements Should be on &quot;Z_Link_MP&quot; Workset. Use Ideate Software (Explorer) to place elements on the Correct Workset" FailureCondition="ReportElements" CheckType="Custom" IsRequired="False" IsChecked="True" IsInitialized="True">
        <Filter Operator="And" Category="Category" Property="OST_RvtLinks" Condition="Included" Value="True" Unit="None" UnitClass="None" FieldTitle="" UserDefined="False" Validation="None" />
        <Filter Operator="And" Category="Parameter" Property="Type" Condition="Contains" Value="_MP_" Unit="None" UnitClass="None" FieldTitle="" UserDefined="False" Validation="None" />
        <Filter Operator="And" Category="Workset" Property="Name" Condition="NotEqual" Value="Z_Link_MP" Unit="None" UnitClass="None" FieldTitle="" UserDefined="False" Validation="None" />
        <Filter Operator="And" Category="TypeOrInstance" Property="Is Element Type" Condition="Equal" Value="False" Unit="None" UnitClass="None" FieldTitle="" UserDefined="False" Validation="None" />
      </Check>
      <Check CheckName="SC Links" IsModelCheck="False" Description="Elements Should be on &quot;Z_Link_SC&quot; Workset. Use Ideate Software (Explorer) to place elements on the Correct Workset" ShowList="False" FailureMessage="SC Links should be on &quot;Z_Link_SC&quot; Workset. Use Ideate Software (Explorer) to place elements on the Correct Workset" FailureCondition="ReportElements" CheckType="Custom" IsRequired="False" IsChecked="True" IsInitialized="True">
        <Filter Operator="And" Category="Category" Property="OST_RvtLinks" Condition="Included" Value="True" Unit="None" UnitClass="None" FieldTitle="" UserDefined="False" Validation="None" />
        <Filter Operator="And" Category="Parameter" Property="Type" Condition="Contains" Value="_SC_" Unit="None" UnitClass="None" FieldTitle="" UserDefined="False" Validation="None" />
        <Filter Operator="And" Category="Workset" Property="Name" Condition="NotEqual" Value="Z_Link_SC" Unit="None" UnitClass="None" FieldTitle="" UserDefined="False" Validation="None" />
        <Filter Operator="And" Category="TypeOrInstance" Property="Is Element Type" Condition="Equal" Value="False" Unit="None" UnitClass="None" FieldTitle="" UserDefined="False" Validation="None" />
      </Check>
      <Check CheckName="SS Links" IsModelCheck="False" Description="SS Links should be on &quot;Z_Link_SS&quot; Workset. Use Ideate Software (Explorer) to place elements on the Correct Workset" ShowList="False" FailureMessage="Elements Should be on &quot;Z_Link_SS&quot; Workset. Use Ideate Software (Explorer) to place elements on the Correct Workset" FailureCondition="ReportElements" CheckType="Custom" IsRequired="False" IsChecked="True" IsInitialized="True">
        <Filter Operator="And" Category="Category" Property="OST_RvtLinks" Condition="Included" Value="True" Unit="None" UnitClass="None" FieldTitle="" UserDefined="False" Validation="None" />
        <Filter Operator="And" Category="Parameter" Property="Type" Condition="Contains" Value="_SS_" Unit="None" UnitClass="None" FieldTitle="" UserDefined="False" Validation="None" />
        <Filter Operator="And" Category="Workset" Property="Name" Condition="NotEqual" Value="Z_Link_SS" Unit="None" UnitClass="None" FieldTitle="" UserDefined="False" Validation="None" />
        <Filter Operator="And" Category="TypeOrInstance" Property="Is Element Type" Condition="Equal" Value="False" Unit="None" UnitClass="None" FieldTitle="" UserDefined="False" Validation="None" />
      </Check>
    </Section>
    <Section SectionName="Planting" Title="" IsChecked="True" Description="">
      <Check CheckName="Planting" IsModelCheck="False" Description="Plantings should be on &quot;LS_Softscape&quot; Workset. Use Ideate Software (Explorer) to place elements on the Correct Workset" ShowList="False" FailureMessage="Elements Should be on &quot;LS_Softscape&quot; Workset. Use Ideate Software (Explorer) to place elements on the Correct Workset" FailureCondition="ReportElements" CheckType="Custom" IsRequired="False" IsChecked="True" IsInitialized="True">
        <Filter Operator="And" Category="Category" Property="OST_Planting" Condition="Included" Value="True" Unit="None" UnitClass="None" FieldTitle="" UserDefined="False" Validation="None" />
        <Filter Operator="And" Category="Parameter" Property="ELEM_FAMILY_AND_TYPE_PARAM" Condition="Contains" Value="_RPC" Unit="None" UnitClass="None" FieldTitle="" UserDefined="False" Validation="None" />
        <Filter Operator="And" Category="Workset" Property="Name" Condition="NotEqual" Value="LS_Softscape" Unit="None" UnitClass="None" FieldTitle="" UserDefined="False" Validation="None" />
        <Filter Operator="And" Category="TypeOrInstance" Property="Is Element Type" Condition="Equal" Value="False" Unit="None" UnitClass="None" FieldTitle="" UserDefined="False" Validation="None" />
      </Check>
    </Section>
    <Section SectionName="Floors" Title="" IsChecked="True" Description="">
      <Check CheckName="Floors" IsModelCheck="False" Description="Floors should be on &quot;LS_Hardscape&quot; Workset. Use Ideate Software (Explorer) to place elements on the Correct Workset" ShowList="False" FailureMessage="Elements should be on &quot;LS_Hardscape&quot; Workset. Use Ideate Software (Explorer) to place elements on the Correct Workset" FailureCondition="ReportElements" CheckType="Custom" IsRequired="False" IsChecked="True" IsInitialized="True">
        <Filter Operator="And" Category="Category" Property="OST_Floors" Condition="Included" Value="True" Unit="None" UnitClass="None" FieldTitle="" UserDefined="False" Validation="None" />
        <Filter Operator="And" Category="Parameter" Property="ELEM_FAMILY_AND_TYPE_PARAM" Condition="Contains" Value="FL_" Unit="None" UnitClass="None" FieldTitle="" UserDefined="False" Validation="None" />
        <Filter Operator="And" Category="Workset" Property="Name" Condition="NotEqual" Value="LS_Hardscape" Unit="None" UnitClass="None" FieldTitle="" UserDefined="False" Validation="None" />
        <Filter Operator="And" Category="TypeOrInstance" Property="Is Element Type" Condition="Equal" Value="False" Unit="None" UnitClass="None" FieldTitle="" UserDefined="False" Validation="None" />
      </Check>
    </Section>
  </Heading>
</MCSettings>