﻿<?xml version="1.0" encoding="UTF-8" standalone="yes"?>
<MCSettings AllowRequired="False" Name="ST Model Element Checks" Icon="http://www.biminteroperabilitytools.com/modelchecker/downloads/TN_32icon.jpg" Image="http://www.biminteroperabilitytools.com/modelchecker/downloads/TN-100.png" SampleModel="">
  <Heading HeadingText="Family and Type Naming Convention" Description="">
    <Section SectionName="Stairs Naming Convention" Title="" IsChecked="True" Description="">
      <Check CheckName="ST Stairs Type Name" IsModelCheck="False" Description="" ShowList="False" FailureMessage="ST Stair Type Name must follow Dar Naming Convention FunctionType_Material_Description_Originator ex:  Stair_Conc_1800mm_Dar" FailureCondition="ReportElements" CheckType="Custom" IsRequired="False" IsChecked="True" IsInitialized="True">
        <Filter Operator="And" Category="Category" Property="OST_Stairs" Condition="Included" Value="True" Unit="None" UnitClass="None" FieldTitle="" UserDefined="False" Validation="None" />
        <Filter Operator="And" Category="Parameter" Property="ALL_MODEL_FAMILY_NAME" Condition="Contains" Value="Cast-In-Place" Unit="None" UnitClass="None" FieldTitle="" UserDefined="False" Validation="None" />
        <Filter Operator="And" Category="Parameter" Property="ALL_MODEL_TYPE_NAME" Condition="DoesNotContain" Value="_D" Unit="None" UnitClass="None" FieldTitle="" UserDefined="False" Validation="None" />
        <Filter Operator="And" Category="TypeOrInstance" Property="Is Element Type" Condition="Equal" Value="True" Unit="None" UnitClass="None" FieldTitle="" UserDefined="False" Validation="None" />
        <Filter Operator="Or" Category="Category" Property="OST_Stairs" Condition="Included" Value="True" Unit="None" UnitClass="None" FieldTitle="" UserDefined="False" Validation="None" />
        <Filter Operator="And" Category="Parameter" Property="ALL_MODEL_FAMILY_NAME" Condition="Contains" Value="Cast-In-Place" Unit="None" UnitClass="None" FieldTitle="" UserDefined="False" Validation="None" />
        <Filter Operator="And" Category="Parameter" Property="ALL_MODEL_TYPE_NAME" Condition="DoesNotContain" Value="Stair_" Unit="None" UnitClass="None" FieldTitle="" UserDefined="False" Validation="None" />
        <Filter Operator="And" Category="TypeOrInstance" Property="Is Element Type" Condition="Equal" Value="True" Unit="None" UnitClass="None" FieldTitle="" UserDefined="False" Validation="None" />
      </Check>
    </Section>
    <Section SectionName="Structural Foundation Naming Convention" Title="" IsChecked="True" Description="">
      <Check CheckName="ST Structural Foundation Family Name" IsModelCheck="False" Description="" ShowList="False" FailureMessage="ST Structural Foundation Family Name must follow Dar Naming Convention FunctionType_Shape_Detail_Originator ex:  FND_Pile Cap_2Piles_Dar" FailureCondition="ReportElements" CheckType="Custom" IsRequired="False" IsChecked="True" IsInitialized="True">
        <Filter Operator="And" Category="Category" Property="OST_StructuralFoundation" Condition="Included" Value="True" Unit="None" UnitClass="None" FieldTitle="" UserDefined="False" Validation="None" />
        <Filter Operator="And" Category="Parameter" Property="ALL_MODEL_FAMILY_NAME" Condition="DoesNotContain" Value="_D" Unit="None" UnitClass="None" FieldTitle="" UserDefined="False" Validation="None" />
        <Filter Operator="And" Category="Parameter" Property="ALL_MODEL_FAMILY_NAME" Condition="DoesNotContain" Value="FND_" Unit="None" UnitClass="None" FieldTitle="" UserDefined="False" Validation="None" />
        <Filter Operator="And" Category="TypeOrInstance" Property="Is Element Type" Condition="Equal" Value="True" Unit="None" UnitClass="None" FieldTitle="" UserDefined="False" Validation="None" />
        <Filter Operator="Exclude" Category="Category" Property="OST_StructuralFoundation" Condition="Included" Value="True" Unit="None" UnitClass="None" FieldTitle="" UserDefined="False" Validation="None" />
        <Filter Operator="And" Category="Parameter" Property="ALL_MODEL_FAMILY_NAME" Condition="Contains" Value="Foundation Slab" Unit="None" UnitClass="None" FieldTitle="" UserDefined="False" Validation="None" />
        <Filter Operator="And" Category="TypeOrInstance" Property="Is Element Type" Condition="Equal" Value="True" Unit="None" UnitClass="None" FieldTitle="" UserDefined="False" Validation="None" />
        <Filter Operator="Exclude" Category="Category" Property="OST_StructuralFoundation" Condition="Included" Value="True" Unit="None" UnitClass="None" FieldTitle="" UserDefined="False" Validation="None" />
        <Filter Operator="And" Category="Family" Property="Name" Condition="Contains" Value="oid" Unit="None" UnitClass="None" FieldTitle="" UserDefined="False" Validation="None" />
      </Check>
    </Section>
    <Section SectionName="Structural Framing Naming Convention" Title="" IsChecked="True" Description="">
      <Check CheckName="ST Beams Family Name" IsModelCheck="False" Description="" ShowList="False" FailureMessage="ST Beams Family Name must follow Dar Naming Convention FunctionType_Material_Shape_Originator ex:  BM_CONC_L_Dar" FailureCondition="ReportElements" CheckType="Custom" IsRequired="False" IsChecked="True" IsInitialized="True">
        <Filter Operator="And" Category="Category" Property="OST_StructuralFraming" Condition="Included" Value="True" Unit="None" UnitClass="None" FieldTitle="" UserDefined="False" Validation="None" />
        <Filter Operator="And" Category="Parameter" Property="ALL_MODEL_FAMILY_NAME" Condition="DoesNotContain" Value="_D" Unit="None" UnitClass="None" FieldTitle="" UserDefined="False" Validation="None" />
        <Filter Operator="And" Category="TypeOrInstance" Property="Is Element Type" Condition="Equal" Value="True" Unit="None" UnitClass="None" FieldTitle="" UserDefined="False" Validation="None" />
        <Filter Operator="Or" Category="Category" Property="OST_StructuralFraming" Condition="Included" Value="True" Unit="None" UnitClass="None" FieldTitle="" UserDefined="False" Validation="None" />
        <Filter Operator="And" Category="Parameter" Property="ALL_MODEL_FAMILY_NAME" Condition="DoesNotContain" Value="BM_" Unit="None" UnitClass="None" FieldTitle="" UserDefined="False" Validation="None" />
        <Filter Operator="And" Category="TypeOrInstance" Property="Is Element Type" Condition="Equal" Value="True" Unit="None" UnitClass="None" FieldTitle="" UserDefined="False" Validation="None" />
        <Filter Operator="Exclude" Category="Category" Property="OST_StructuralFraming" Condition="Included" Value="True" Unit="None" UnitClass="None" FieldTitle="" UserDefined="False" Validation="None" />
        <Filter Operator="Exclude" Category="Family" Property="Name" Condition="Contains" Value="oid" Unit="None" UnitClass="None" FieldTitle="" UserDefined="False" Validation="None" />
      </Check>
    </Section>
    <Section SectionName="Floors Naming Convention" Title="" IsChecked="True" Description="">
      <Check CheckName="ST Floor Family Name" IsModelCheck="False" Description="" ShowList="False" FailureMessage="ST Floor Type Name must follow Dar Naming Convention FunctionType_Detail_Originator ex:  Solid Slab_200mm_Dar" FailureCondition="ReportElements" CheckType="Custom" IsRequired="False" IsChecked="True" IsInitialized="True">
        <Filter Operator="And" Category="Category" Property="OST_Floors" Condition="Included" Value="True" Unit="None" UnitClass="None" FieldTitle="" UserDefined="False" Validation="None" />
        <Filter Operator="And" Category="Parameter" Property="ALL_MODEL_TYPE_NAME" Condition="DoesNotContain" Value="_D" Unit="None" UnitClass="None" FieldTitle="" UserDefined="False" Validation="None" />
        <Filter Operator="And" Category="TypeOrInstance" Property="Is Element Type" Condition="Equal" Value="True" Unit="None" UnitClass="None" FieldTitle="" UserDefined="False" Validation="None" />
        <Filter Operator="Exclude" Category="Category" Property="OST_Floors" Condition="Included" Value="True" Unit="None" UnitClass="None" FieldTitle="" UserDefined="False" Validation="None" />
        <Filter Operator="And" Category="Family" Property="Name" Condition="Contains" Value="oid" Unit="None" UnitClass="None" FieldTitle="" UserDefined="False" Validation="None" />
      </Check>
    </Section>
    <Section SectionName="Structural Columns Naming Convention" Title="" IsChecked="True" Description="">
      <Check CheckName="ST Columns Family Name" IsModelCheck="False" Description="" ShowList="False" FailureMessage="ST Columns Family Name must follow Dar Naming Convention FunctionType_Material_Shape_Originator ex:  COL_CONC_Rectangular_Dar" FailureCondition="ReportElements" CheckType="Custom" IsRequired="False" IsChecked="True" IsInitialized="True">
        <Filter Operator="And" Category="Category" Property="OST_StructuralColumns" Condition="Included" Value="True" Unit="None" UnitClass="None" FieldTitle="" UserDefined="False" Validation="None" />
        <Filter Operator="And" Category="Parameter" Property="ALL_MODEL_FAMILY_NAME" Condition="DoesNotContain" Value="_D" Unit="None" UnitClass="None" FieldTitle="" UserDefined="False" Validation="None" />
        <Filter Operator="And" Category="TypeOrInstance" Property="Is Element Type" Condition="Equal" Value="True" Unit="None" UnitClass="None" FieldTitle="" UserDefined="False" Validation="None" />
        <Filter Operator="Or" Category="Category" Property="OST_StructuralColumns" Condition="Included" Value="True" Unit="None" UnitClass="None" FieldTitle="" UserDefined="False" Validation="None" />
        <Filter Operator="And" Category="Parameter" Property="ALL_MODEL_FAMILY_NAME" Condition="DoesNotContain" Value="COL_" Unit="None" UnitClass="None" FieldTitle="" UserDefined="False" Validation="None" />
        <Filter Operator="And" Category="TypeOrInstance" Property="Is Element Type" Condition="Equal" Value="True" Unit="None" UnitClass="None" FieldTitle="" UserDefined="False" Validation="None" />
      </Check>
    </Section>
    <Section SectionName="Structural Foundation Naming Convention" Title="" IsChecked="True" Description="">
      <Check CheckName="ST Foundation Slab Type Name" IsModelCheck="False" Description="" ShowList="False" FailureMessage="ST Slab Foundation Type Name must follow Dar Naming Convention FunctionType_Shape_Detail_Originator ex:  FND_Raft_150mm_Dar" FailureCondition="ReportElements" CheckType="Custom" IsRequired="False" IsChecked="True" IsInitialized="True">
        <Filter Operator="And" Category="Category" Property="OST_StructuralFoundation" Condition="Included" Value="True" Unit="None" UnitClass="None" FieldTitle="" UserDefined="False" Validation="None" />
        <Filter Operator="And" Category="Parameter" Property="ALL_MODEL_FAMILY_NAME" Condition="Contains" Value="Foundation Slab" Unit="None" UnitClass="None" FieldTitle="" UserDefined="False" Validation="None" />
        <Filter Operator="And" Category="Parameter" Property="ALL_MODEL_TYPE_NAME" Condition="DoesNotContain" Value="_D" Unit="None" UnitClass="None" FieldTitle="" UserDefined="False" Validation="None" />
        <Filter Operator="And" Category="TypeOrInstance" Property="Is Element Type" Condition="Equal" Value="True" Unit="None" UnitClass="None" FieldTitle="" UserDefined="False" Validation="None" />
        <Filter Operator="Or" Category="Category" Property="OST_StructuralFoundation" Condition="Included" Value="True" Unit="None" UnitClass="None" FieldTitle="" UserDefined="False" Validation="None" />
        <Filter Operator="And" Category="Parameter" Property="ALL_MODEL_FAMILY_NAME" Condition="Contains" Value="Foundation Slab" Unit="None" UnitClass="None" FieldTitle="" UserDefined="False" Validation="None" />
        <Filter Operator="And" Category="Parameter" Property="ALL_MODEL_TYPE_NAME" Condition="DoesNotContain" Value="FND_" Unit="None" UnitClass="None" FieldTitle="" UserDefined="False" Validation="None" />
        <Filter Operator="And" Category="TypeOrInstance" Property="Is Element Type" Condition="Equal" Value="True" Unit="None" UnitClass="None" FieldTitle="" UserDefined="False" Validation="None" />
        <Filter Operator="Exclude" Category="Category" Property="OST_StructuralFoundation" Condition="Included" Value="True" Unit="None" UnitClass="None" FieldTitle="" UserDefined="False" Validation="None" />
        <Filter Operator="And" Category="Family" Property="Name" Condition="Contains" Value="oid" Unit="None" UnitClass="None" FieldTitle="" UserDefined="False" Validation="None" />
      </Check>
    </Section>
    <Section SectionName="Walls Naming Convention" Title="" IsChecked="True" Description="">
      <Check CheckName="ST Walls Family Name" IsModelCheck="False" Description="" ShowList="False" FailureMessage="ST Walls Type Name must follow Dar Naming Convention FunctionType_Material_Thickness_Originator ex:  Wall_CONC_300_Dar" FailureCondition="ReportElements" CheckType="Custom" IsRequired="False" IsChecked="True" IsInitialized="True">
        <Filter Operator="And" Category="Category" Property="OST_Walls" Condition="Included" Value="True" Unit="None" UnitClass="None" FieldTitle="" UserDefined="False" Validation="None" />
        <Filter Operator="And" Category="Parameter" Property="ALL_MODEL_TYPE_NAME" Condition="DoesNotContain" Value="_D" Unit="None" UnitClass="None" FieldTitle="" UserDefined="False" Validation="None" />
        <Filter Operator="And" Category="TypeOrInstance" Property="Is Element Type" Condition="Equal" Value="True" Unit="None" UnitClass="None" FieldTitle="" UserDefined="False" Validation="None" />
        <Filter Operator="Exclude" Category="Family" Property="Name" Condition="Contains" Value="oid" Unit="None" UnitClass="None" FieldTitle="" UserDefined="False" Validation="None" />
        <Filter Operator="Or" Category="Category" Property="OST_Walls" Condition="Included" Value="True" Unit="None" UnitClass="None" FieldTitle="" UserDefined="False" Validation="None" />
        <Filter Operator="And" Category="Parameter" Property="ALL_MODEL_TYPE_NAME" Condition="DoesNotContain" Value="Wall_" Unit="None" UnitClass="None" FieldTitle="" UserDefined="False" Validation="None" />
        <Filter Operator="And" Category="TypeOrInstance" Property="Is Element Type" Condition="Equal" Value="True" Unit="None" UnitClass="None" FieldTitle="" UserDefined="False" Validation="None" />
        <Filter Operator="Exclude" Category="Family" Property="Name" Condition="Contains" Value="oid" Unit="None" UnitClass="None" FieldTitle="" UserDefined="False" Validation="None" />
      </Check>
    </Section>
  </Heading>
  <Heading HeadingText="ELEMENTS CONSTRAINTS" Description="">
    <Section SectionName="ELEMENTS CONSTRAINTS" Title="" IsChecked="True" Description="">
      <Check CheckName="Beams Reference Level" IsModelCheck="False" Description="Beams should be on a CL Reference Level" ShowList="False" FailureMessage="Beams should be on a CL Reference Level" FailureCondition="ReportElements" CheckType="Custom" IsRequired="False" IsChecked="True" IsInitialized="True">
        <Filter Operator="And" Category="Category" Property="OST_StructuralFraming" Condition="Included" Value="True" Unit="None" UnitClass="None" FieldTitle="" UserDefined="False" Validation="None" />
        <Filter Operator="And" Category="TypeOrInstance" Property="Is Element Type" Condition="Equal" Value="False" Unit="None" UnitClass="None" FieldTitle="" UserDefined="False" Validation="None" />
        <Filter Operator="Exclude" Category="Level" Property="Name" Condition="Contains" Value="CL" Unit="None" UnitClass="None" FieldTitle="" UserDefined="False" Validation="None" />
        <Filter Operator="And" Category="TypeOrInstance" Property="Is Element Type" Condition="Equal" Value="False" Unit="None" UnitClass="None" FieldTitle="" UserDefined="False" Validation="None" />
        <Filter Operator="Exclude" Category="Level" Property="Name" Condition="Contains" Value="ound" Unit="None" UnitClass="None" FieldTitle="" UserDefined="False" Validation="None" />
      </Check>
      <Check CheckName="FLoor Reference Level" IsModelCheck="False" Description="Structural Foundations should be on a CL Reference Level" ShowList="False" FailureMessage="Structural Foundations should be on a CL or Foundation Reference Level" FailureCondition="ReportElements" CheckType="Custom" IsRequired="False" IsChecked="True" IsInitialized="True">
        <Filter Operator="And" Category="Category" Property="OST_Floors" Condition="Included" Value="True" Unit="None" UnitClass="None" FieldTitle="" UserDefined="False" Validation="None" />
        <Filter Operator="And" Category="TypeOrInstance" Property="Is Element Type" Condition="Equal" Value="False" Unit="None" UnitClass="None" FieldTitle="" UserDefined="False" Validation="None" />
        <Filter Operator="Exclude" Category="Level" Property="Name" Condition="Contains" Value="CL" Unit="None" UnitClass="None" FieldTitle="" UserDefined="False" Validation="None" />
        <Filter Operator="And" Category="TypeOrInstance" Property="Is Element Type" Condition="Equal" Value="False" Unit="None" UnitClass="None" FieldTitle="" UserDefined="False" Validation="None" />
        <Filter Operator="Exclude" Category="Level" Property="Name" Condition="Contains" Value="ound" Unit="None" UnitClass="None" FieldTitle="" UserDefined="False" Validation="None" />
      </Check>
      <Check CheckName="Walls Base Constraint" IsModelCheck="False" Description="Structural Foundations should be on a CL Reference Level" ShowList="False" FailureMessage="Walls  Base Constraint should be assigned as CL levels - Please check aslo top constraints in you model for all walls" FailureCondition="ReportElements" CheckType="Custom" IsRequired="False" IsChecked="True" IsInitialized="True">
        <Filter Operator="And" Category="Category" Property="OST_Walls" Condition="Included" Value="True" Unit="None" UnitClass="None" FieldTitle="" UserDefined="False" Validation="None" />
        <Filter Operator="And" Category="TypeOrInstance" Property="Is Element Type" Condition="Equal" Value="False" Unit="None" UnitClass="None" FieldTitle="" UserDefined="False" Validation="None" />
        <Filter Operator="Exclude" Category="Level" Property="Name" Condition="Contains" Value="CL" Unit="None" UnitClass="None" FieldTitle="" UserDefined="False" Validation="None" />
        <Filter Operator="And" Category="TypeOrInstance" Property="Is Element Type" Condition="Equal" Value="False" Unit="None" UnitClass="None" FieldTitle="" UserDefined="False" Validation="None" />
        <Filter Operator="Exclude" Category="Level" Property="Name" Condition="Contains" Value="ound" Unit="None" UnitClass="None" FieldTitle="" UserDefined="False" Validation="None" />
      </Check>
      <Check CheckName="Columns Base Constraint" IsModelCheck="False" Description="Structural Columnd should be on a CL or Foundation Reference Level" ShowList="False" FailureMessage="Columns  Base Constraint should be assigned as CL levels - Please check aslo top constraints in you model for all ST Columns" FailureCondition="ReportElements" CheckType="Custom" IsRequired="False" IsChecked="True" IsInitialized="True">
        <Filter Operator="And" Category="Category" Property="OST_StructuralColumns" Condition="Included" Value="True" Unit="None" UnitClass="None" FieldTitle="" UserDefined="False" Validation="None" />
        <Filter Operator="And" Category="TypeOrInstance" Property="Is Element Type" Condition="Equal" Value="False" Unit="None" UnitClass="None" FieldTitle="" UserDefined="False" Validation="None" />
        <Filter Operator="Exclude" Category="Level" Property="Name" Condition="Contains" Value="CL" Unit="None" UnitClass="None" FieldTitle="" UserDefined="False" Validation="None" />
        <Filter Operator="And" Category="TypeOrInstance" Property="Is Element Type" Condition="Equal" Value="False" Unit="None" UnitClass="None" FieldTitle="" UserDefined="False" Validation="None" />
        <Filter Operator="Exclude" Category="Level" Property="Name" Condition="Contains" Value="ound" Unit="None" UnitClass="None" FieldTitle="" UserDefined="False" Validation="None" />
      </Check>
      <Check CheckName="Structural Foundations Level" IsModelCheck="False" Description="Structural Foundations should be on a CL Reference Level" ShowList="False" FailureMessage="Structural Foundations should be on a CL or Foundation Reference Level" FailureCondition="ReportElements" CheckType="Custom" IsRequired="False" IsChecked="True" IsInitialized="True">
        <Filter Operator="And" Category="Category" Property="OST_StructuralFoundation" Condition="Included" Value="True" Unit="None" UnitClass="None" FieldTitle="" UserDefined="False" Validation="None" />
        <Filter Operator="And" Category="TypeOrInstance" Property="Is Element Type" Condition="Equal" Value="False" Unit="None" UnitClass="None" FieldTitle="" UserDefined="False" Validation="None" />
        <Filter Operator="Exclude" Category="Level" Property="Name" Condition="Contains" Value="CL" Unit="None" UnitClass="None" FieldTitle="" UserDefined="False" Validation="None" />
        <Filter Operator="And" Category="TypeOrInstance" Property="Is Element Type" Condition="Equal" Value="False" Unit="None" UnitClass="None" FieldTitle="" UserDefined="False" Validation="None" />
        <Filter Operator="Exclude" Category="Level" Property="Name" Condition="Contains" Value="ound" Unit="None" UnitClass="None" FieldTitle="" UserDefined="False" Validation="None" />
      </Check>
    </Section>
    <Section SectionName="Levels" Title="" IsChecked="False" Description="">
      <Check CheckName="Unneeded Level" IsModelCheck="False" Description="" ShowList="False" FailureMessage="This level is neither CL nor Foundation , please adjust the name or delete the level if FFL but first make sure there are no ST elements attached to it. " FailureCondition="ReportElements" CheckType="Custom" IsRequired="False" IsChecked="True" IsInitialized="True">
        <Filter Operator="And" Category="Category" Property="OST_Levels" Condition="Included" Value="True" Unit="None" UnitClass="None" FieldTitle="" UserDefined="False" Validation="None" />
        <Filter Operator="And" Category="Parameter" Property="Name" Condition="DoesNotContain" Value="CL" Unit="None" UnitClass="None" FieldTitle="" UserDefined="False" Validation="None" />
        <Filter Operator="Exclude" Category="Category" Property="OST_Levels" Condition="Included" Value="True" Unit="None" UnitClass="None" FieldTitle="" UserDefined="False" Validation="None" />
        <Filter Operator="And" Category="Parameter" Property="Name" Condition="Contains" Value="ound" Unit="None" UnitClass="None" FieldTitle="" UserDefined="False" Validation="None" />
      </Check>
      <Check CheckName="Foundation Level" IsModelCheck="False" Description="" ShowList="False" FailureMessage="Adjust Foundation level naming convention to { Foundation @ elevation } ex: Foundation @ -12.5 m " FailureCondition="ReportElements" CheckType="Custom" IsRequired="False" IsChecked="True" IsInitialized="True">
        <Filter Operator="And" Category="Category" Property="OST_Levels" Condition="Included" Value="True" Unit="None" UnitClass="None" FieldTitle="" UserDefined="False" Validation="None" />
        <Filter Operator="And" Category="Parameter" Property="Name" Condition="Contains" Value="ound" Unit="None" UnitClass="None" FieldTitle="" UserDefined="False" Validation="None" />
        <Filter Operator="Exclude" Category="Category" Property="OST_Levels" Condition="Included" Value="True" Unit="None" UnitClass="None" FieldTitle="" UserDefined="False" Validation="None" />
        <Filter Operator="And" Category="Parameter" Property="Name" Condition="Contains" Value="Foundation @ " Unit="None" UnitClass="None" FieldTitle="" UserDefined="False" Validation="None" />
      </Check>
    </Section>
  </Heading>
  <Heading HeadingText="DUPLICATED ELEMENTS" Description="">
    <Section SectionName=" Duplicate  ST Elements" Title="" IsChecked="False" Description="">
      <Check CheckName="Duplicated Elements" IsModelCheck="False" Description="Check for any ST elements that are duplicates, meaning identical elements at the same location and base level. " ShowList="True" FailureMessage="Duplicated Elements" FailureCondition="ReportElements" CheckType="Custom" IsRequired="False" IsChecked="True" IsInitialized="True">
        <Filter Operator="And" Category="Category" Property="Structural Columns" Condition="Included" Value="True" Unit="None" UnitClass="None" FieldTitle="" UserDefined="False" Validation="None" />
        <Filter Operator="And" Category="Category" Property="Structural Foundations" Condition="Included" Value="True" Unit="None" UnitClass="None" FieldTitle="" UserDefined="False" Validation="None" />
        <Filter Operator="And" Category="Category" Property="Floors" Condition="Included" Value="True" Unit="None" UnitClass="None" FieldTitle="" UserDefined="False" Validation="None" />
        <Filter Operator="And" Category="Category" Property="Structural Framing" Condition="Included" Value="True" Unit="None" UnitClass="None" FieldTitle="" UserDefined="False" Validation="None" />
        <Filter Operator="And" Category="Category" Property="Walls" Condition="Included" Value="True" Unit="None" UnitClass="None" FieldTitle="" UserDefined="False" Validation="None" />
        <Filter Operator="And" Category="Category" Property="Ramps" Condition="Included" Value="True" Unit="None" UnitClass="None" FieldTitle="" UserDefined="False" Validation="None" />
        <Filter Operator="And" Category="Category" Property="Generic Models" Condition="Included" Value="True" Unit="None" UnitClass="None" FieldTitle="" UserDefined="False" Validation="None" />
        <Filter Operator="And" Category="Redundant" Property="Location" Condition="Equal" Value="True" Unit="None" UnitClass="None" FieldTitle="" UserDefined="False" Validation="None" />
        <Filter Operator="And" Category="TypeOrInstance" Property="Is Element Type" Condition="Equal" Value="False" Unit="None" UnitClass="None" FieldTitle="" UserDefined="False" Validation="None" />
      </Check>
    </Section>
  </Heading>
  <Heading HeadingText="WORKSETS ARE DEFINED CORRECLTY" Description="">
    <Section SectionName="Levels and Grids" Title="" IsChecked="True" Description="">
      <Check CheckName="Levels" IsModelCheck="False" Description="Levels should be on &quot;Shared Levels and Grids&quot; Workset. Use Ideate Software (Explorer) to place elements on the Correct Workset" ShowList="False" FailureMessage="Elements Should be on &quot;Shared Levels and Grids&quot; Workset. Use Ideate Software (Explorer) to place elements on the Correct Workset" FailureCondition="ReportElements" CheckType="Custom" IsRequired="False" IsChecked="True" IsInitialized="True">
        <Filter Operator="And" Category="Category" Property="OST_Levels" Condition="Included" Value="True" Unit="None" UnitClass="None" FieldTitle="" UserDefined="False" Validation="None" />
        <Filter Operator="And" Category="Workset" Property="Name" Condition="NotEqual" Value="Shared Levels and Grids" Unit="None" UnitClass="None" FieldTitle="" UserDefined="False" Validation="None" />
        <Filter Operator="And" Category="TypeOrInstance" Property="Is Element Type" Condition="Equal" Value="False" Unit="None" UnitClass="None" FieldTitle="" UserDefined="False" Validation="None" />
      </Check>
      <Check CheckName="Grids" IsModelCheck="False" Description="Grids should be on &quot;Shared Levels and Grids&quot; Workset. Use Ideate Software (Explorer) to place elements on the Correct Workset" ShowList="False" FailureMessage="Elements Should be on &quot;Shared Levels and Grids&quot; Workset. Use Ideate Software (Explorer) to place elements on the Correct Workset" FailureCondition="ReportElements" CheckType="Custom" IsRequired="False" IsChecked="True" IsInitialized="True">
        <Filter Operator="And" Category="Category" Property="OST_Grids" Condition="Included" Value="True" Unit="None" UnitClass="None" FieldTitle="" UserDefined="False" Validation="None" />
        <Filter Operator="And" Category="Workset" Property="Name" Condition="NotEqual" Value="Shared Levels and Grids" Unit="None" UnitClass="None" FieldTitle="" UserDefined="False" Validation="None" />
        <Filter Operator="And" Category="TypeOrInstance" Property="Is Element Type" Condition="Equal" Value="False" Unit="None" UnitClass="None" FieldTitle="" UserDefined="False" Validation="None" />
      </Check>
    </Section>
    <Section SectionName="Scope Boxes" Title="" IsChecked="False" Description="">
      <Check CheckName="Scope Boxes" IsModelCheck="False" Description="Scope Boxes Should be on &quot;Scope Boxes&quot; Workset. Use Ideate Software (Explorer) to place elements on the Correct Workset" ShowList="False" FailureMessage="Elements Should be on &quot;Scope Boxes&quot; Workset. Use Ideate Software (Explorer) to place elements on the Correct Workset" FailureCondition="ReportElements" CheckType="Custom" IsRequired="False" IsChecked="True" IsInitialized="True">
        <Filter Operator="And" Category="Category" Property="OST_VolumeOfInterest" Condition="Included" Value="True" Unit="None" UnitClass="None" FieldTitle="" UserDefined="False" Validation="None" />
        <Filter Operator="And" Category="Workset" Property="Name" Condition="NotEqual" Value="Scope Boxes" Unit="None" UnitClass="None" FieldTitle="" UserDefined="False" Validation="None" />
        <Filter Operator="And" Category="TypeOrInstance" Property="Is Element Type" Condition="Equal" Value="False" Unit="None" UnitClass="None" FieldTitle="" UserDefined="False" Validation="None" />
      </Check>
    </Section>
    <Section SectionName="Links" Title="" IsChecked="False" Description="">
      <Check CheckName="URS Links" IsModelCheck="False" Description="URS Links Should be on &quot;Z_Link_URS&quot; Workset. Use Ideate Software (Explorer) to place elements on the Correct Workset" ShowList="False" FailureMessage="Elements Should be on &quot;Z_Link_URS&quot; Workset. Use Ideate Software (Explorer) to place elements on the Correct Workset" FailureCondition="ReportElements" CheckType="Custom" IsRequired="False" IsChecked="True" IsInitialized="True">
        <Filter Operator="And" Category="Category" Property="OST_RvtLinks" Condition="Included" Value="True" Unit="None" UnitClass="None" FieldTitle="" UserDefined="False" Validation="None" />
        <Filter Operator="And" Category="Parameter" Property="Type" Condition="Contains" Value="_URS_" Unit="None" UnitClass="None" FieldTitle="" UserDefined="False" Validation="None" />
        <Filter Operator="And" Category="Workset" Property="Name" Condition="NotEqual" Value="Z_Link_URS" Unit="None" UnitClass="None" FieldTitle="" UserDefined="False" Validation="None" />
        <Filter Operator="And" Category="TypeOrInstance" Property="Is Element Type" Condition="Equal" Value="False" Unit="None" UnitClass="None" FieldTitle="" UserDefined="False" Validation="None" />
      </Check>
      <Check CheckName="AR Links" IsModelCheck="False" Description="AR Links Should be on &quot;Z_Link_AR&quot; Workset. Use Ideate Software (Explorer) to place elements on the Correct Workset" ShowList="False" FailureMessage="Elements Should be on &quot;Z_Link_AR&quot; Workset. Use Ideate Software (Explorer) to place elements on the Correct Workset" FailureCondition="ReportElements" CheckType="Custom" IsRequired="False" IsChecked="True" IsInitialized="True">
        <Filter Operator="And" Category="Category" Property="OST_RvtLinks" Condition="Included" Value="True" Unit="None" UnitClass="None" FieldTitle="" UserDefined="False" Validation="None" />
        <Filter Operator="And" Category="Parameter" Property="Type" Condition="Contains" Value="_AR_" Unit="None" UnitClass="None" FieldTitle="" UserDefined="False" Validation="None" />
        <Filter Operator="And" Category="Workset" Property="Name" Condition="NotEqual" Value="Z_Link_AR" Unit="None" UnitClass="None" FieldTitle="" UserDefined="False" Validation="None" />
        <Filter Operator="And" Category="TypeOrInstance" Property="Is Element Type" Condition="Equal" Value="False" Unit="None" UnitClass="None" FieldTitle="" UserDefined="False" Validation="None" />
      </Check>
      <Check CheckName="AI Links" IsModelCheck="False" Description="AI Links Should be on &quot;Z_Link_AI&quot; Workset. Use Ideate Software (Explorer) to place elements on the Correct Workset" ShowList="False" FailureMessage="Elements Should be on &quot;Z_Link_AI&quot; Workset. Use Ideate Software (Explorer) to place elements on the Correct Workset" FailureCondition="ReportElements" CheckType="Custom" IsRequired="False" IsChecked="True" IsInitialized="True">
        <Filter Operator="And" Category="Category" Property="OST_RvtLinks" Condition="Included" Value="True" Unit="None" UnitClass="None" FieldTitle="" UserDefined="False" Validation="None" />
        <Filter Operator="And" Category="Parameter" Property="Type" Condition="Contains" Value="_AI_" Unit="None" UnitClass="None" FieldTitle="" UserDefined="False" Validation="None" />
        <Filter Operator="And" Category="Workset" Property="Name" Condition="NotEqual" Value="Z_Link_AI" Unit="None" UnitClass="None" FieldTitle="" UserDefined="False" Validation="None" />
        <Filter Operator="And" Category="TypeOrInstance" Property="Is Element Type" Condition="Equal" Value="False" Unit="None" UnitClass="None" FieldTitle="" UserDefined="False" Validation="None" />
      </Check>
      <Check CheckName="EL Links" IsModelCheck="False" Description="EL Links should be on &quot;Z_Link_EL&quot; Workset. Use Ideate Software (Explorer) to place elements on the Correct Workset" ShowList="False" FailureMessage="Elements Should be on &quot;Z_Link_EL&quot; Workset. Use Ideate Software (Explorer) to place elements on the Correct Workset" FailureCondition="ReportElements" CheckType="Custom" IsRequired="False" IsChecked="True" IsInitialized="True">
        <Filter Operator="And" Category="Category" Property="OST_RvtLinks" Condition="Included" Value="True" Unit="None" UnitClass="None" FieldTitle="" UserDefined="False" Validation="None" />
        <Filter Operator="And" Category="Parameter" Property="Type" Condition="Contains" Value="_EL_" Unit="None" UnitClass="None" FieldTitle="" UserDefined="False" Validation="None" />
        <Filter Operator="And" Category="Workset" Property="Name" Condition="NotEqual" Value="Z_Link_EL" Unit="None" UnitClass="None" FieldTitle="" UserDefined="False" Validation="None" />
        <Filter Operator="And" Category="TypeOrInstance" Property="Is Element Type" Condition="Equal" Value="False" Unit="None" UnitClass="None" FieldTitle="" UserDefined="False" Validation="None" />
      </Check>
      <Check CheckName="LC Links" IsModelCheck="False" Description="LC Links should be on &quot;Z_Link_LC&quot; Workset. Use Ideate Software (Explorer) to place elements on the Correct Workset" ShowList="False" FailureMessage="Elements Should be on &quot;Z_Link_LC&quot; Workset. Use Ideate Software (Explorer) to place elements on the Correct Workset" FailureCondition="ReportElements" CheckType="Custom" IsRequired="False" IsChecked="True" IsInitialized="True">
        <Filter Operator="And" Category="Category" Property="OST_RvtLinks" Condition="Included" Value="True" Unit="None" UnitClass="None" FieldTitle="" UserDefined="False" Validation="None" />
        <Filter Operator="And" Category="Parameter" Property="Type" Condition="Contains" Value="_LC_" Unit="None" UnitClass="None" FieldTitle="" UserDefined="False" Validation="None" />
        <Filter Operator="And" Category="Workset" Property="Name" Condition="NotEqual" Value="Z_Link_LC" Unit="None" UnitClass="None" FieldTitle="" UserDefined="False" Validation="None" />
        <Filter Operator="And" Category="TypeOrInstance" Property="Is Element Type" Condition="Equal" Value="False" Unit="None" UnitClass="None" FieldTitle="" UserDefined="False" Validation="None" />
      </Check>
      <Check CheckName="MH Links" IsModelCheck="False" Description="MH Links should be on &quot;Z_Link_MH&quot; Workset. Use Ideate Software (Explorer) to place elements on the Correct Workset" ShowList="False" FailureMessage="Elements Should be on &quot;Z_Link_MH&quot; Workset. Use Ideate Software (Explorer) to place elements on the Correct Workset" FailureCondition="ReportElements" CheckType="Custom" IsRequired="False" IsChecked="True" IsInitialized="True">
        <Filter Operator="And" Category="Category" Property="OST_RvtLinks" Condition="Included" Value="True" Unit="None" UnitClass="None" FieldTitle="" UserDefined="False" Validation="None" />
        <Filter Operator="And" Category="Parameter" Property="Type" Condition="Contains" Value="_MH_" Unit="None" UnitClass="None" FieldTitle="" UserDefined="False" Validation="None" />
        <Filter Operator="And" Category="Workset" Property="Name" Condition="NotEqual" Value="Z_Link_MH" Unit="None" UnitClass="None" FieldTitle="" UserDefined="False" Validation="None" />
        <Filter Operator="And" Category="TypeOrInstance" Property="Is Element Type" Condition="Equal" Value="False" Unit="None" UnitClass="None" FieldTitle="" UserDefined="False" Validation="None" />
      </Check>
      <Check CheckName="MF Links" IsModelCheck="False" Description="MF Links should be on &quot;Z_Link_MF&quot; Workset. Use Ideate Software (Explorer) to place elements on the Correct Workset" ShowList="False" FailureMessage="Elements Should be on &quot;Z_Link_MF&quot; Workset. Use Ideate Software (Explorer) to place elements on the Correct Workset" FailureCondition="ReportElements" CheckType="Custom" IsRequired="False" IsChecked="True" IsInitialized="True">
        <Filter Operator="And" Category="Category" Property="OST_RvtLinks" Condition="Included" Value="True" Unit="None" UnitClass="None" FieldTitle="" UserDefined="False" Validation="None" />
        <Filter Operator="And" Category="Parameter" Property="Type" Condition="Contains" Value="_MF_" Unit="None" UnitClass="None" FieldTitle="" UserDefined="False" Validation="None" />
        <Filter Operator="And" Category="Workset" Property="Name" Condition="NotEqual" Value="Z_Link_MF" Unit="None" UnitClass="None" FieldTitle="" UserDefined="False" Validation="None" />
        <Filter Operator="And" Category="TypeOrInstance" Property="Is Element Type" Condition="Equal" Value="False" Unit="None" UnitClass="None" FieldTitle="" UserDefined="False" Validation="None" />
      </Check>
      <Check CheckName="MP Links" IsModelCheck="False" Description="MP Links should be on &quot;Z_Link_MP&quot; Workset. Use Ideate Software (Explorer) to place elements on the Correct Workset" ShowList="False" FailureMessage="Elements Should be on &quot;Z_Link_MP&quot; Workset. Use Ideate Software (Explorer) to place elements on the Correct Workset" FailureCondition="ReportElements" CheckType="Custom" IsRequired="False" IsChecked="True" IsInitialized="True">
        <Filter Operator="And" Category="Category" Property="OST_RvtLinks" Condition="Included" Value="True" Unit="None" UnitClass="None" FieldTitle="" UserDefined="False" Validation="None" />
        <Filter Operator="And" Category="Parameter" Property="Type" Condition="Contains" Value="_MP_" Unit="None" UnitClass="None" FieldTitle="" UserDefined="False" Validation="None" />
        <Filter Operator="And" Category="Workset" Property="Name" Condition="NotEqual" Value="Z_Link_MP" Unit="None" UnitClass="None" FieldTitle="" UserDefined="False" Validation="None" />
        <Filter Operator="And" Category="TypeOrInstance" Property="Is Element Type" Condition="Equal" Value="False" Unit="None" UnitClass="None" FieldTitle="" UserDefined="False" Validation="None" />
      </Check>
      <Check CheckName="SC Links" IsModelCheck="False" Description="Elements Should be on &quot;Z_Link_SC&quot; Workset. Use Ideate Software (Explorer) to place elements on the Correct Workset" ShowList="False" FailureMessage="SC Links should be on &quot;Z_Link_SC&quot; Workset. Use Ideate Software (Explorer) to place elements on the Correct Workset" FailureCondition="ReportElements" CheckType="Custom" IsRequired="False" IsChecked="True" IsInitialized="True">
        <Filter Operator="And" Category="Category" Property="OST_RvtLinks" Condition="Included" Value="True" Unit="None" UnitClass="None" FieldTitle="" UserDefined="False" Validation="None" />
        <Filter Operator="And" Category="Parameter" Property="Type" Condition="Contains" Value="_SC_" Unit="None" UnitClass="None" FieldTitle="" UserDefined="False" Validation="None" />
        <Filter Operator="And" Category="Workset" Property="Name" Condition="NotEqual" Value="Z_Link_SC" Unit="None" UnitClass="None" FieldTitle="" UserDefined="False" Validation="None" />
        <Filter Operator="And" Category="TypeOrInstance" Property="Is Element Type" Condition="Equal" Value="False" Unit="None" UnitClass="None" FieldTitle="" UserDefined="False" Validation="None" />
      </Check>
      <Check CheckName="SS Links" IsModelCheck="False" Description="SS Links should be on &quot;Z_Link_SS&quot; Workset. Use Ideate Software (Explorer) to place elements on the Correct Workset" ShowList="False" FailureMessage="Elements Should be on &quot;Z_Link_SS&quot; Workset. Use Ideate Software (Explorer) to place elements on the Correct Workset" FailureCondition="ReportElements" CheckType="Custom" IsRequired="False" IsChecked="True" IsInitialized="True">
        <Filter Operator="And" Category="Category" Property="OST_RvtLinks" Condition="Included" Value="True" Unit="None" UnitClass="None" FieldTitle="" UserDefined="False" Validation="None" />
        <Filter Operator="And" Category="Parameter" Property="Type" Condition="Contains" Value="_SS_" Unit="None" UnitClass="None" FieldTitle="" UserDefined="False" Validation="None" />
        <Filter Operator="And" Category="Workset" Property="Name" Condition="NotEqual" Value="Z_Link_SS" Unit="None" UnitClass="None" FieldTitle="" UserDefined="False" Validation="None" />
        <Filter Operator="And" Category="TypeOrInstance" Property="Is Element Type" Condition="Equal" Value="False" Unit="None" UnitClass="None" FieldTitle="" UserDefined="False" Validation="None" />
      </Check>
    </Section>
    <Section SectionName="Structural Elements workset" Title="" IsChecked="True" Description="">
      <Check CheckName="ST Elements workset" IsModelCheck="False" Description="" ShowList="False" FailureMessage="Structural Element should belong to Sub, Super, or enabling workset" FailureCondition="ReportElements" CheckType="Custom" IsRequired="False" IsChecked="True" IsInitialized="True">
        <Filter Operator="And" Category="Category" Property="OST_Floors" Condition="Included" Value="True" Unit="None" UnitClass="None" FieldTitle="" UserDefined="False" Validation="None" />
        <Filter Operator="And" Category="Category" Property="OST_GenericModel" Condition="Included" Value="True" Unit="None" UnitClass="None" FieldTitle="" UserDefined="False" Validation="None" />
        <Filter Operator="And" Category="Category" Property="OST_Ramps" Condition="Included" Value="True" Unit="None" UnitClass="None" FieldTitle="" UserDefined="False" Validation="None" />
        <Filter Operator="And" Category="Category" Property="OST_Stairs" Condition="Included" Value="True" Unit="None" UnitClass="None" FieldTitle="" UserDefined="False" Validation="None" />
        <Filter Operator="And" Category="Category" Property="OST_StructuralColumns" Condition="Included" Value="True" Unit="None" UnitClass="None" FieldTitle="" UserDefined="False" Validation="None" />
        <Filter Operator="And" Category="Category" Property="OST_StructuralFoundation" Condition="Included" Value="True" Unit="None" UnitClass="None" FieldTitle="" UserDefined="False" Validation="None" />
        <Filter Operator="And" Category="Category" Property="OST_StructuralFraming" Condition="Included" Value="True" Unit="None" UnitClass="None" FieldTitle="" UserDefined="False" Validation="None" />
        <Filter Operator="And" Category="Category" Property="OST_Walls" Condition="Included" Value="True" Unit="None" UnitClass="None" FieldTitle="" UserDefined="False" Validation="None" />
        <Filter Operator="And" Category="TypeOrInstance" Property="Is Element Type" Condition="Equal" Value="False" Unit="None" UnitClass="None" FieldTitle="" UserDefined="False" Validation="None" />
        <Filter Operator="And" Category="Workset" Property="Name" Condition="DoesNotContain" Value="Super" Unit="None" UnitClass="None" FieldTitle="" UserDefined="False" Validation="None" />
        <Filter Operator="And" Category="TypeOrInstance" Property="Is Element Type" Condition="Equal" Value="False" Unit="None" UnitClass="None" FieldTitle="" UserDefined="False" Validation="None" />
        <Filter Operator="And" Category="Workset" Property="Name" Condition="DoesNotContain" Value="Enabling" Unit="None" UnitClass="None" FieldTitle="" UserDefined="False" Validation="None" />
        <Filter Operator="And" Category="TypeOrInstance" Property="Is Element Type" Condition="Equal" Value="False" Unit="None" UnitClass="None" FieldTitle="" UserDefined="False" Validation="None" />
        <Filter Operator="And" Category="Workset" Property="Name" Condition="DoesNotContain" Value="Substructure" Unit="None" UnitClass="None" FieldTitle="" UserDefined="False" Validation="None" />
        <Filter Operator="Exclude" Category="Family" Property="Name" Condition="Contains" Value="oid" Unit="None" UnitClass="None" FieldTitle="" UserDefined="False" Validation="None" />
      </Check>
    </Section>
  </Heading>
  <Heading HeadingText="Unrelated Elements" Description="">
    <Section SectionName="ST Models Unneeded Elements" Title="" IsChecked="True" Description="">
      <Check CheckName="Elements to be removed" IsModelCheck="False" Description="" ShowList="False" FailureMessage="This Element should not be in a ST model - Incase the element is needed to make openings in ST elements , please put it in a closed workset and do not delete it after you publish" FailureCondition="ReportElements" CheckType="Custom" IsRequired="False" IsChecked="True" IsInitialized="True">
        <Filter Operator="And" Category="Category" Property="OST_Casework" Condition="Included" Value="True" Unit="None" UnitClass="None" FieldTitle="" UserDefined="False" Validation="None" />
        <Filter Operator="And" Category="Category" Property="OST_Ceilings" Condition="Included" Value="True" Unit="None" UnitClass="None" FieldTitle="" UserDefined="False" Validation="None" />
        <Filter Operator="And" Category="Category" Property="OST_Columns" Condition="Included" Value="True" Unit="None" UnitClass="None" FieldTitle="" UserDefined="False" Validation="None" />
        <Filter Operator="And" Category="Category" Property="OST_CurtainWallPanels" Condition="Included" Value="True" Unit="None" UnitClass="None" FieldTitle="" UserDefined="False" Validation="None" />
        <Filter Operator="And" Category="Category" Property="OST_CurtaSystem" Condition="Included" Value="True" Unit="None" UnitClass="None" FieldTitle="" UserDefined="False" Validation="None" />
        <Filter Operator="And" Category="Category" Property="OST_CurtainWallMullions" Condition="Included" Value="True" Unit="None" UnitClass="None" FieldTitle="" UserDefined="False" Validation="None" />
        <Filter Operator="And" Category="Category" Property="OST_ElectricalEquipment" Condition="Included" Value="True" Unit="None" UnitClass="None" FieldTitle="" UserDefined="False" Validation="None" />
        <Filter Operator="And" Category="Category" Property="OST_ElectricalFixtures" Condition="Included" Value="True" Unit="None" UnitClass="None" FieldTitle="" UserDefined="False" Validation="None" />
        <Filter Operator="And" Category="Category" Property="OST_Entourage" Condition="Included" Value="True" Unit="None" UnitClass="None" FieldTitle="" UserDefined="False" Validation="None" />
        <Filter Operator="And" Category="Category" Property="OST_Furniture" Condition="Included" Value="True" Unit="None" UnitClass="None" FieldTitle="" UserDefined="False" Validation="None" />
        <Filter Operator="And" Category="Category" Property="OST_FurnitureSystems" Condition="Included" Value="True" Unit="None" UnitClass="None" FieldTitle="" UserDefined="False" Validation="None" />
        <Filter Operator="And" Category="Category" Property="OST_LightingFixtures" Condition="Included" Value="True" Unit="None" UnitClass="None" FieldTitle="" UserDefined="False" Validation="None" />
        <Filter Operator="And" Category="Category" Property="OST_Mass" Condition="Included" Value="True" Unit="None" UnitClass="None" FieldTitle="" UserDefined="False" Validation="None" />
        <Filter Operator="And" Category="Category" Property="OST_MechanicalEquipment" Condition="Included" Value="True" Unit="None" UnitClass="None" FieldTitle="" UserDefined="False" Validation="None" />
        <Filter Operator="And" Category="Category" Property="OST_Parking" Condition="Included" Value="True" Unit="None" UnitClass="None" FieldTitle="" UserDefined="False" Validation="None" />
        <Filter Operator="And" Category="Category" Property="OST_Planting" Condition="Included" Value="True" Unit="None" UnitClass="None" FieldTitle="" UserDefined="False" Validation="None" />
        <Filter Operator="And" Category="Category" Property="OST_PlumbingFixtures" Condition="Included" Value="True" Unit="None" UnitClass="None" FieldTitle="" UserDefined="False" Validation="None" />
        <Filter Operator="And" Category="Category" Property="OST_StairsRailing" Condition="Included" Value="True" Unit="None" UnitClass="None" FieldTitle="" UserDefined="False" Validation="None" />
        <Filter Operator="And" Category="Category" Property="OST_Roads" Condition="Included" Value="True" Unit="None" UnitClass="None" FieldTitle="" UserDefined="False" Validation="None" />
        <Filter Operator="And" Category="Category" Property="OST_Roofs" Condition="Included" Value="True" Unit="None" UnitClass="None" FieldTitle="" UserDefined="False" Validation="None" />
        <Filter Operator="And" Category="Category" Property="OST_SpecialityEquipment" Condition="Included" Value="True" Unit="None" UnitClass="None" FieldTitle="" UserDefined="False" Validation="None" />
        <Filter Operator="And" Category="Category" Property="OST_Windows" Condition="Included" Value="True" Unit="None" UnitClass="None" FieldTitle="" UserDefined="False" Validation="None" />
        <Filter Operator="And" Category="TypeOrInstance" Property="Is Element Type" Condition="Equal" Value="False" Unit="None" UnitClass="None" FieldTitle="" UserDefined="False" Validation="None" />
        <Filter Operator="Exclude" Category="Family" Property="Name" Condition="Contains" Value="oid" Unit="None" UnitClass="None" FieldTitle="" UserDefined="False" Validation="None" />
      </Check>
    </Section>
  </Heading>
</MCSettings>