﻿<?xml version="1.0" encoding="UTF-8" standalone="yes"?>
<MCSettings AllowRequired="False" Name="ST Model Element Checks" Author="" Description="" Image="http://www.biminteroperabilitytools.com/modelchecker/downloads/TN-100.png" LastModified="132330541428273566">
  <Heading ID="58bbeb11-55f1-4b45-84a2-98d1d5f97a53" HeadingText="Family and Type Naming Convention" Description="" IsChecked="True">
    <Section ID="241997cc-71d5-41aa-b960-2516b42aed44" SectionName="Structural Foundation Naming Convention" Title="" IsChecked="True" Description="">
      <Check ID="f5633217-4d0d-473a-94c8-3f744ace823f" CheckName="ST Structural Foundation Family Name" Description="" FailureMessage="ST Structural Foundation Family Name must follow Dar Naming Convention FunctionType_Material_Shape_Detail                                ex:  FN_Pile Cap_2Piles" ResultCondition="FailMatchingElements" CheckType="Custom" IsRequired="False" IsChecked="True">
        <Filter ID="95764eb6-9c92-4dc3-b6c1-61c62a96e533" Operator="And" Category="Category" Property="OST_StructuralFoundation" Condition="Included" Value="True" CaseInsensitive="False" Unit="None" UnitClass="None" FieldTitle="" UserDefined="False" Validation="None" />
        <Filter ID="0a41a5d9-ad0b-421d-8595-505c2faa7b8c" Operator="And" Category="Parameter" Property="ALL_MODEL_FAMILY_NAME" Condition="DoesNotContain" Value="FN_" CaseInsensitive="False" Unit="None" UnitClass="None" FieldTitle="" UserDefined="False" Validation="None" />
        <Filter ID="26deb8c5-3f0b-4057-a5a6-c277ef63bf2f" Operator="And" Category="TypeOrInstance" Property="Is Element Type" Condition="Equal" Value="True" CaseInsensitive="False" Unit="None" UnitClass="None" FieldTitle="" UserDefined="False" Validation="None" />
        <Filter ID="144e157c-9aa2-4eaf-845a-3dd8d086064d" Operator="Exclude" Category="Category" Property="OST_StructuralFoundation" Condition="Included" Value="True" CaseInsensitive="False" Unit="None" UnitClass="None" FieldTitle="" UserDefined="False" Validation="None" />
        <Filter ID="a49b9bae-a954-4ea8-94d4-8e281213eeb0" Operator="And" Category="Parameter" Property="ALL_MODEL_FAMILY_NAME" Condition="Contains" Value="Foundation Slab" CaseInsensitive="False" Unit="None" UnitClass="None" FieldTitle="" UserDefined="False" Validation="None" />
        <Filter ID="39d8680b-1249-42dc-85bb-4850d1ff825d" Operator="And" Category="TypeOrInstance" Property="Is Element Type" Condition="Equal" Value="True" CaseInsensitive="False" Unit="None" UnitClass="None" FieldTitle="" UserDefined="False" Validation="None" />
        <Filter ID="53b962dc-ff72-4aaf-b08c-6d58aa2b2f4d" Operator="Exclude" Category="Category" Property="OST_StructuralFoundation" Condition="Included" Value="True" CaseInsensitive="False" Unit="None" UnitClass="None" FieldTitle="" UserDefined="False" Validation="None" />
        <Filter ID="51b3efa4-dd49-4f51-9156-53a175d0377f" Operator="And" Category="Parameter" Property="ALL_MODEL_FAMILY_NAME" Condition="Equal" Value="Wall Foundation" CaseInsensitive="False" Unit="None" UnitClass="None" FieldTitle="" UserDefined="False" Validation="None" />
        <Filter ID="88e90528-8360-4cdb-8118-21e668d64e35" Operator="And" Category="TypeOrInstance" Property="Is Element Type" Condition="Equal" Value="True" CaseInsensitive="False" Unit="None" UnitClass="None" FieldTitle="" UserDefined="False" Validation="None" />
      </Check>
    </Section>
    <Section ID="5c5b643d-2f1d-4e97-b570-1ae261db64ca" SectionName="Structural Framing Naming Convention" Title="" IsChecked="True" Description="">
      <Check ID="d65d7114-5504-40f6-b750-0541511cfeab" CheckName="ST Beams Family Name" Description="" FailureMessage="ST Beams Family Name must follow Dar Naming Convention FunctionType_Type_Material_Shape        ex:  BM_SS_STL_L" ResultCondition="FailMatchingElements" CheckType="Custom" IsRequired="False" IsChecked="True">
        <Filter ID="300f911f-eb54-4c91-afc0-e31ff68050d3" Operator="And" Category="Category" Property="OST_StructuralFraming" Condition="Included" Value="True" CaseInsensitive="False" Unit="None" UnitClass="None" FieldTitle="" UserDefined="False" Validation="None" />
        <Filter ID="39d4721a-3e1a-4511-bf55-015577d09fbb" Operator="And" Category="Parameter" Property="ALL_MODEL_FAMILY_NAME" Condition="DoesNotContain" Value="BM_S" CaseInsensitive="False" Unit="None" UnitClass="None" FieldTitle="" UserDefined="False" Validation="None" />
        <Filter ID="0b1d4088-2b3f-4de6-990e-cd0ede8cd117" Operator="And" Category="TypeOrInstance" Property="Is Element Type" Condition="Equal" Value="True" CaseInsensitive="False" Unit="None" UnitClass="None" FieldTitle="" UserDefined="False" Validation="None" />
      </Check>
    </Section>
    <Section ID="23e31413-7449-4bc7-be3f-1b9c9b3eb419" SectionName="Floors Naming Convention" Title="" IsChecked="True" Description="">
      <Check ID="8a0534f2-825b-413a-ab48-f6993d121ab2" CheckName="ST Floor Family Name" Description="" FailureMessage="ST Floor Type Name must follow Dar Naming Convention FunctionType_Detail_Originator ex:  Solid Slab_200mm_Dar" ResultCondition="FailMatchingElements" CheckType="Custom" IsRequired="False" IsChecked="True">
        <Filter ID="6661efe9-fc49-4d75-acf1-20df541b35e4" Operator="And" Category="Category" Property="OST_Floors" Condition="Included" Value="True" CaseInsensitive="False" Unit="None" UnitClass="None" FieldTitle="" UserDefined="False" Validation="None" />
        <Filter ID="301ddaf2-4cfb-45bc-baf1-7a9ea7bf39dc" Operator="And" Category="Parameter" Property="ALL_MODEL_TYPE_NAME" Condition="DoesNotContain" Value="FL_" CaseInsensitive="False" Unit="None" UnitClass="None" FieldTitle="" UserDefined="False" Validation="None" />
        <Filter ID="5796f458-c922-48a3-8bb6-ec385755be8a" Operator="And" Category="TypeOrInstance" Property="Is Element Type" Condition="Equal" Value="True" CaseInsensitive="False" Unit="None" UnitClass="None" FieldTitle="" UserDefined="False" Validation="None" />
        <Filter ID="b831dff8-c53b-407c-b156-193278e08bc6" Operator="Exclude" Category="Category" Property="OST_Floors" Condition="Included" Value="True" CaseInsensitive="False" Unit="None" UnitClass="None" FieldTitle="" UserDefined="False" Validation="None" />
      </Check>
    </Section>
    <Section ID="21e2f93c-c015-412e-9efb-d4e604754bdb" SectionName="Structural Columns Naming Convention" Title="" IsChecked="True" Description="">
      <Check ID="48f956f3-5a65-451c-bc3a-07cf256464c0" CheckName="ST Columns Family Name" Description="" FailureMessage="ST Columns Family Name must follow Dar Naming Convention FunctionType_Type_Material_Shape                  ex:  COL_SC_CON_Rectangular" ResultCondition="FailMatchingElements" CheckType="Custom" IsRequired="False" IsChecked="True">
        <Filter ID="c6dbc08a-0756-4978-9a7e-002b26546755" Operator="And" Category="Category" Property="OST_StructuralColumns" Condition="Included" Value="True" CaseInsensitive="False" Unit="None" UnitClass="None" FieldTitle="" UserDefined="False" Validation="None" />
        <Filter ID="fc5bb69b-b040-4b5d-8c36-e345898d5690" Operator="And" Category="Parameter" Property="ALL_MODEL_FAMILY_NAME" Condition="DoesNotContain" Value="COL_S" CaseInsensitive="False" Unit="None" UnitClass="None" FieldTitle="" UserDefined="False" Validation="None" />
        <Filter ID="21eb1eed-58e9-46bd-a1d1-6f545b08add6" Operator="And" Category="TypeOrInstance" Property="Is Element Type" Condition="Equal" Value="True" CaseInsensitive="False" Unit="None" UnitClass="None" FieldTitle="" UserDefined="False" Validation="None" />
      </Check>
    </Section>
    <Section ID="4e4d880d-ba3f-4e36-9d32-a1de07d51764" SectionName="Structural Foundation Naming Convention" Title="" IsChecked="True" Description="">
      <Check ID="83b59065-d910-4fd9-80cb-ae2722aca612" CheckName="ST Foundation Slab Type Name" Description="" FailureMessage="ST Slab Foundation Type Name must follow Dar Naming Convention FunctionType_Material_Shape_Detail                              ex:  FN_CON_Raft_150mm" ResultCondition="FailMatchingElements" CheckType="Custom" IsRequired="False" IsChecked="True">
        <Filter ID="99be90ea-c9f5-4191-990a-ade1f9159ccb" Operator="And" Category="Category" Property="OST_StructuralFoundation" Condition="Included" Value="True" CaseInsensitive="False" Unit="None" UnitClass="None" FieldTitle="" UserDefined="False" Validation="None" />
        <Filter ID="1f3b23fd-9744-4153-8afa-2787900d8451" Operator="And" Category="Parameter" Property="ALL_MODEL_FAMILY_NAME" Condition="Contains" Value="Foundation Slab" CaseInsensitive="False" Unit="None" UnitClass="None" FieldTitle="" UserDefined="False" Validation="None" />
        <Filter ID="48974a5c-905f-435b-9a54-b2ef4297470c" Operator="And" Category="Parameter" Property="ALL_MODEL_TYPE_NAME" Condition="DoesNotContain" Value="FN_" CaseInsensitive="False" Unit="None" UnitClass="None" FieldTitle="" UserDefined="False" Validation="None" />
        <Filter ID="c6c894ee-e3c5-4941-b49b-ec5cc6904337" Operator="And" Category="TypeOrInstance" Property="Is Element Type" Condition="Equal" Value="True" CaseInsensitive="False" Unit="None" UnitClass="None" FieldTitle="" UserDefined="False" Validation="None" />
        <Filter ID="79ac58c1-182d-4739-a753-560e454da81c" Operator="Or" Category="Category" Property="OST_StructuralFoundation" Condition="Included" Value="True" CaseInsensitive="False" Unit="None" UnitClass="None" FieldTitle="" UserDefined="False" Validation="None" />
        <Filter ID="8b9913f5-7c9e-458a-9c6a-825398ee84fa" Operator="And" Category="Parameter" Property="ALL_MODEL_FAMILY_NAME" Condition="Contains" Value="Wall Foundation" CaseInsensitive="False" Unit="None" UnitClass="None" FieldTitle="" UserDefined="False" Validation="None" />
        <Filter ID="f753405c-c8e8-4986-89f2-12946688bdf9" Operator="And" Category="Parameter" Property="ALL_MODEL_TYPE_NAME" Condition="DoesNotContain" Value="FN_" CaseInsensitive="False" Unit="None" UnitClass="None" FieldTitle="" UserDefined="False" Validation="None" />
        <Filter ID="31de12c1-67a5-48ec-b9cb-327a20d3b058" Operator="And" Category="TypeOrInstance" Property="Is Element Type" Condition="Equal" Value="True" CaseInsensitive="False" Unit="None" UnitClass="None" FieldTitle="" UserDefined="False" Validation="None" />
      </Check>
    </Section>
    <Section ID="32c8362c-1716-40ad-b1e4-1dd5cb7d7a2a" SectionName="Walls Naming Convention" Title="" IsChecked="True" Description="">
      <Check ID="37cc5ed7-67a5-4638-8e82-fddf37ef63dd" CheckName="ST Walls Family Name" Description="" FailureMessage="ST Walls Type Name must follow Dar Naming Convention FunctionType_Material_Thickness_Originator ex:  Wall_CONC_300_Dar" ResultCondition="FailMatchingElements" CheckType="Custom" IsRequired="False" IsChecked="True">
        <Filter ID="f948e5be-97ff-4423-a5b2-c5eb0ba91189" Operator="And" Category="Category" Property="OST_Walls" Condition="Included" Value="True" CaseInsensitive="False" Unit="None" UnitClass="None" FieldTitle="" UserDefined="False" Validation="None" />
        <Filter ID="2970c060-9227-4eb8-92af-eba264128161" Operator="And" Category="Parameter" Property="ALL_MODEL_TYPE_NAME" Condition="DoesNotContain" Value="WS_" CaseInsensitive="False" Unit="None" UnitClass="None" FieldTitle="" UserDefined="False" Validation="None" />
        <Filter ID="3d2b0fb6-b23c-4a14-a13c-d5dacccb279b" Operator="And" Category="TypeOrInstance" Property="Is Element Type" Condition="Equal" Value="True" CaseInsensitive="False" Unit="None" UnitClass="None" FieldTitle="" UserDefined="False" Validation="None" />
      </Check>
    </Section>
  </Heading>
  <Heading ID="3e4fbeb7-502d-4976-a34f-2b5b963c164d" HeadingText="ELEMENTS CONSTRAINTS" Description="" IsChecked="True">
    <Section ID="4e6d024b-210c-4adc-b67e-8b2320c7aa54" SectionName="ELEMENTS CONSTRAINTS" Title="" IsChecked="True" Description="">
      <Check ID="f4d65306-f94a-4dbb-b472-d8f4361ff150" CheckName="Beams Reference Level" Description="Beams should be on a CL Reference Level" FailureMessage="Beams should be on a CL Reference Level" ResultCondition="FailMatchingElements" CheckType="Custom" IsRequired="False" IsChecked="True">
        <Filter ID="8da7ede2-6fb1-4162-80b3-69d002fa6d3f" Operator="And" Category="Category" Property="OST_StructuralFraming" Condition="Included" Value="True" CaseInsensitive="False" Unit="None" UnitClass="None" FieldTitle="" UserDefined="False" Validation="None" />
        <Filter ID="f02cef50-09b9-4f62-a4d0-4d9ea2fc7455" Operator="And" Category="TypeOrInstance" Property="Is Element Type" Condition="Equal" Value="False" CaseInsensitive="False" Unit="None" UnitClass="None" FieldTitle="" UserDefined="False" Validation="None" />
        <Filter ID="fce841db-68ae-412a-a6e0-6602a4f62dae" Operator="Exclude" Category="Level" Property="Name" Condition="Contains" Value="CL" CaseInsensitive="False" Unit="None" UnitClass="None" FieldTitle="" UserDefined="False" Validation="None" />
        <Filter ID="85e787f3-37d6-494a-b34f-8765cad1a696" Operator="And" Category="TypeOrInstance" Property="Is Element Type" Condition="Equal" Value="False" CaseInsensitive="False" Unit="None" UnitClass="None" FieldTitle="" UserDefined="False" Validation="None" />
      </Check>
      <Check ID="07512e40-3d50-4695-86c9-f8f458314c10" CheckName="FLoor Reference Level" Description="Structural Foundations should be on a CL Reference Level" FailureMessage="Structural Foundations should be on a CL or Foundation Reference Level" ResultCondition="FailMatchingElements" CheckType="Custom" IsRequired="False" IsChecked="True">
        <Filter ID="a893312f-eb44-466d-ac74-e805636a13ec" Operator="And" Category="Category" Property="OST_Floors" Condition="Included" Value="True" CaseInsensitive="False" Unit="None" UnitClass="None" FieldTitle="" UserDefined="False" Validation="None" />
        <Filter ID="9adb0746-ea82-4be0-8813-37de1cf4ed85" Operator="And" Category="TypeOrInstance" Property="Is Element Type" Condition="Equal" Value="False" CaseInsensitive="False" Unit="None" UnitClass="None" FieldTitle="" UserDefined="False" Validation="None" />
        <Filter ID="a463bdee-ccb6-4a24-9637-d875fd7feab7" Operator="Exclude" Category="Level" Property="Name" Condition="Contains" Value="CL" CaseInsensitive="False" Unit="None" UnitClass="None" FieldTitle="" UserDefined="False" Validation="None" />
        <Filter ID="6b8ea232-908d-4404-aebc-db24f8a1b9d0" Operator="And" Category="TypeOrInstance" Property="Is Element Type" Condition="Equal" Value="False" CaseInsensitive="False" Unit="None" UnitClass="None" FieldTitle="" UserDefined="False" Validation="None" />
      </Check>
      <Check ID="0124a24c-3814-45cc-a15c-613cdb5d0260" CheckName="Walls Base Constraint" Description="Structural Foundations should be on a CL Reference Level" FailureMessage="Walls  Base Constraint should be assigned as CL levels - Please check aslo top constraints in you model for all walls" ResultCondition="FailMatchingElements" CheckType="Custom" IsRequired="False" IsChecked="True">
        <Filter ID="c4d258c2-d231-459c-8aa9-387f7ae1557b" Operator="And" Category="Category" Property="OST_Walls" Condition="Included" Value="True" CaseInsensitive="False" Unit="None" UnitClass="None" FieldTitle="" UserDefined="False" Validation="None" />
        <Filter ID="6473b55a-0cf8-4892-8b22-c4ddadcdad04" Operator="And" Category="TypeOrInstance" Property="Is Element Type" Condition="Equal" Value="False" CaseInsensitive="False" Unit="None" UnitClass="None" FieldTitle="" UserDefined="False" Validation="None" />
        <Filter ID="86ed2b5c-dd52-410f-879c-aa4b0d6dc8eb" Operator="Exclude" Category="Level" Property="Name" Condition="Contains" Value="CL" CaseInsensitive="False" Unit="None" UnitClass="None" FieldTitle="" UserDefined="False" Validation="None" />
        <Filter ID="33110b5a-6bce-45be-b2e3-f31a309af8d1" Operator="And" Category="TypeOrInstance" Property="Is Element Type" Condition="Equal" Value="False" CaseInsensitive="False" Unit="None" UnitClass="None" FieldTitle="" UserDefined="False" Validation="None" />
      </Check>
      <Check ID="80db02f8-01aa-4998-b2d3-eaaaf0ecf164" CheckName="Columns Base Constraint" Description="Structural Columnd should be on a CL or Foundation Reference Level" FailureMessage="Columns  Base Constraint should be assigned as CL levels - Please check aslo top constraints in you model for all ST Columns" ResultCondition="FailMatchingElements" CheckType="Custom" IsRequired="False" IsChecked="True">
        <Filter ID="f227741c-19c0-49c1-b045-232bf9b8d7ed" Operator="And" Category="Category" Property="OST_StructuralColumns" Condition="Included" Value="True" CaseInsensitive="False" Unit="None" UnitClass="None" FieldTitle="" UserDefined="False" Validation="None" />
        <Filter ID="40c52f2d-6ed7-4027-a954-88cccbde9836" Operator="And" Category="TypeOrInstance" Property="Is Element Type" Condition="Equal" Value="False" CaseInsensitive="False" Unit="None" UnitClass="None" FieldTitle="" UserDefined="False" Validation="None" />
        <Filter ID="49c157bc-4372-4833-a97f-50280ad718a2" Operator="Exclude" Category="Level" Property="Name" Condition="Contains" Value="CL" CaseInsensitive="False" Unit="None" UnitClass="None" FieldTitle="" UserDefined="False" Validation="None" />
        <Filter ID="b37961d2-ea1d-408d-a287-1bcce7cdd0fe" Operator="And" Category="TypeOrInstance" Property="Is Element Type" Condition="Equal" Value="False" CaseInsensitive="False" Unit="None" UnitClass="None" FieldTitle="" UserDefined="False" Validation="None" />
      </Check>
      <Check ID="60676bb9-0ad2-4b66-9201-57534da8cc51" CheckName="Structural Foundations Level" Description="Structural Foundations should be on a CL Reference Level" FailureMessage="Structural Foundations should be on a CL or Foundation Reference Level" ResultCondition="FailMatchingElements" CheckType="Custom" IsRequired="False" IsChecked="True">
        <Filter ID="8c71e0f2-9698-40a8-9048-768aecfb019d" Operator="And" Category="Category" Property="OST_StructuralFoundation" Condition="Included" Value="True" CaseInsensitive="False" Unit="None" UnitClass="None" FieldTitle="" UserDefined="False" Validation="None" />
        <Filter ID="16a65d47-19fb-46c7-8e5f-95d85687490b" Operator="And" Category="TypeOrInstance" Property="Is Element Type" Condition="Equal" Value="False" CaseInsensitive="False" Unit="None" UnitClass="None" FieldTitle="" UserDefined="False" Validation="None" />
        <Filter ID="116c3b86-b67f-415c-add3-46eecb1b8544" Operator="Exclude" Category="Level" Property="Name" Condition="Contains" Value="CL" CaseInsensitive="False" Unit="None" UnitClass="None" FieldTitle="" UserDefined="False" Validation="None" />
        <Filter ID="54116784-f05a-4de5-b201-84f442695139" Operator="And" Category="TypeOrInstance" Property="Is Element Type" Condition="Equal" Value="False" CaseInsensitive="False" Unit="None" UnitClass="None" FieldTitle="" UserDefined="False" Validation="None" />
      </Check>
    </Section>
    <Section ID="79cf00e9-952f-4453-9941-4400be933f33" SectionName="Levels" Title="" IsChecked="True" Description="">
      <Check ID="fd19666e-cdf8-486b-bfab-db326987b749" CheckName="Unneeded Level" Description="" FailureMessage="This level is neither CL nor Foundation , please adjust the name or delete the level if FFL but first make sure there are no ST elements attached to it. " ResultCondition="FailMatchingElements" CheckType="Custom" IsRequired="False" IsChecked="True">
        <Filter ID="1ca3778c-c0a7-4b85-a893-dff1e5e5cc5e" Operator="And" Category="Category" Property="OST_Levels" Condition="Included" Value="True" CaseInsensitive="False" Unit="None" UnitClass="None" FieldTitle="" UserDefined="False" Validation="None" />
        <Filter ID="5192195d-fb82-453c-984d-c5e5883a18f4" Operator="And" Category="TypeOrInstance" Property="Is Element Type" Condition="Equal" Value="False" CaseInsensitive="False" Unit="None" UnitClass="None" FieldTitle="" UserDefined="False" Validation="None" />
        <Filter ID="70c01fa6-e97c-474a-af03-69d3556df435" Operator="And" Category="Parameter" Property="DATUM_TEXT" Condition="DoesNotContain" Value="CL" CaseInsensitive="False" Unit="None" UnitClass="None" FieldTitle="" UserDefined="False" Validation="None" />
        <Filter ID="1183f72b-3a3c-4262-b4cd-21666ed6b2bb" Operator="And" Category="Parameter" Property="DATUM_TEXT" Condition="DoesNotContain" Value="Foundation" CaseInsensitive="False" Unit="None" UnitClass="None" FieldTitle="" UserDefined="False" Validation="None" />
      </Check>
      <Check ID="2e5e22c0-d71f-4ad0-8e6c-6b6a898e1139" CheckName="Foundation Level" Description="" FailureMessage="Adjust Foundation level naming convention to { Foundation @ elevation } ex: Foundation @ -12.5 m " ResultCondition="FailMatchingElements" CheckType="Custom" IsRequired="False" IsChecked="False">
        <Filter ID="6fd5ab9c-247b-444f-9f50-b3e34865aa0e" Operator="And" Category="Category" Property="OST_Levels" Condition="Included" Value="True" CaseInsensitive="False" Unit="None" UnitClass="None" FieldTitle="" UserDefined="False" Validation="None" />
        <Filter ID="2a703fc6-e30f-472f-aa33-01d76c94ee8b" Operator="And" Category="Parameter" Property="Name" Condition="Contains" Value="ound" CaseInsensitive="False" Unit="None" UnitClass="None" FieldTitle="" UserDefined="False" Validation="None" />
        <Filter ID="bc074d60-e7a2-492e-9040-5c8868ccf78c" Operator="Exclude" Category="Category" Property="OST_Levels" Condition="Included" Value="True" CaseInsensitive="False" Unit="None" UnitClass="None" FieldTitle="" UserDefined="False" Validation="None" />
        <Filter ID="6306748d-00e5-473c-8adc-a09bdbb9777f" Operator="And" Category="Parameter" Property="Name" Condition="Contains" Value="Foundation @ " CaseInsensitive="False" Unit="None" UnitClass="None" FieldTitle="" UserDefined="False" Validation="None" />
      </Check>
    </Section>
  </Heading>
  <Heading ID="ff0b0087-ef38-4bf6-bb94-8964936f7141" HeadingText="DUPLICATED ELEMENTS" Description="" IsChecked="True" />
  <Heading ID="d924b14a-9ba4-4559-bf82-95f59b94e395" HeadingText="WORKSETS ARE DEFINED CORRECLTY" Description="" IsChecked="True">
    <Section ID="d5c83426-c380-4136-8734-781d64741dce" SectionName="Levels and Grids" Title="" IsChecked="True" Description="">
      <Check ID="d35ff1ac-93e3-439d-9eaf-81e41aab30f9" CheckName="Levels" Description="Levels should be on &quot;Shared Levels and Grids&quot; Workset. Use Ideate Software (Explorer) to place elements on the Correct Workset" FailureMessage="Elements Should be on &quot;Shared Levels and Grids&quot; Workset. Use Ideate Software (Explorer) to place elements on the Correct Workset" ResultCondition="FailMatchingElements" CheckType="Custom" IsRequired="False" IsChecked="True">
        <Filter ID="e13dfe0b-8a39-4e34-b9f6-28bc0abae274" Operator="And" Category="Category" Property="OST_Levels" Condition="Included" Value="True" CaseInsensitive="False" Unit="None" UnitClass="None" FieldTitle="" UserDefined="False" Validation="None" />
        <Filter ID="a9fe706c-3bfc-43f2-87f8-a32c7eb1add4" Operator="And" Category="Workset" Property="Name" Condition="NotEqual" Value="Shared Levels and Grids" CaseInsensitive="False" Unit="None" UnitClass="None" FieldTitle="" UserDefined="False" Validation="None" />
        <Filter ID="7804b290-08f5-4fc4-a945-b2206a520d16" Operator="And" Category="TypeOrInstance" Property="Is Element Type" Condition="Equal" Value="False" CaseInsensitive="False" Unit="None" UnitClass="None" FieldTitle="" UserDefined="False" Validation="None" />
      </Check>
      <Check ID="3f151f47-3ce9-4e40-b007-aba9272f3473" CheckName="Grids" Description="Grids should be on &quot;Shared Levels and Grids&quot; Workset. Use Ideate Software (Explorer) to place elements on the Correct Workset" FailureMessage="Elements Should be on &quot;Shared Levels and Grids&quot; Workset. Use Ideate Software (Explorer) to place elements on the Correct Workset" ResultCondition="FailMatchingElements" CheckType="Custom" IsRequired="False" IsChecked="True">
        <Filter ID="4155620b-7f46-4f92-8f95-a95fd71f886d" Operator="And" Category="Category" Property="OST_Grids" Condition="Included" Value="True" CaseInsensitive="False" Unit="None" UnitClass="None" FieldTitle="" UserDefined="False" Validation="None" />
        <Filter ID="3ffe75c4-7618-4a30-b603-ed84f28a80a9" Operator="And" Category="Workset" Property="Name" Condition="NotEqual" Value="Shared Levels and Grids" CaseInsensitive="False" Unit="None" UnitClass="None" FieldTitle="" UserDefined="False" Validation="None" />
        <Filter ID="66943729-9a44-489a-ac95-824a8f045432" Operator="And" Category="TypeOrInstance" Property="Is Element Type" Condition="Equal" Value="False" CaseInsensitive="False" Unit="None" UnitClass="None" FieldTitle="" UserDefined="False" Validation="None" />
      </Check>
    </Section>
    <Section ID="f0e487a1-9c35-452c-a13a-1aa38e0c76cc" SectionName="Scope Boxes" Title="" IsChecked="True" Description="">
      <Check ID="45a60a7d-66c3-4853-960e-e65bf9da73dc" CheckName="Scope Boxes" Description="Scope Boxes Should be on &quot;Scope Boxes&quot; Workset. Use Ideate Software (Explorer) to place elements on the Correct Workset" FailureMessage="Elements Should be on &quot;Scope Boxes&quot; Workset. Use Ideate Software (Explorer) to place elements on the Correct Workset" ResultCondition="FailMatchingElements" CheckType="Custom" IsRequired="False" IsChecked="True">
        <Filter ID="485d068c-4fd1-4297-a77b-61d40a7600a4" Operator="And" Category="Category" Property="OST_VolumeOfInterest" Condition="Included" Value="True" CaseInsensitive="False" Unit="None" UnitClass="None" FieldTitle="" UserDefined="False" Validation="None" />
        <Filter ID="a9d4735f-ab19-497c-bdb9-25155aa5a218" Operator="And" Category="Workset" Property="Name" Condition="NotEqual" Value="Scope Boxes" CaseInsensitive="False" Unit="None" UnitClass="None" FieldTitle="" UserDefined="False" Validation="None" />
        <Filter ID="8f406380-32ed-4ce4-b5b7-c8e901f4c110" Operator="And" Category="TypeOrInstance" Property="Is Element Type" Condition="Equal" Value="False" CaseInsensitive="False" Unit="None" UnitClass="None" FieldTitle="" UserDefined="False" Validation="None" />
      </Check>
    </Section>
    <Section ID="3b5dbdb1-00b3-4d0a-809d-87aac09d95ce" SectionName="Links" Title="" IsChecked="True" Description="">
      <Check ID="92c7fe49-48e1-4f52-953c-60cd45f792c1" CheckName="URS Links" Description="URS Links Should be on &quot;Z_Link_URS&quot; Workset. Use Ideate Software (Explorer) to place elements on the Correct Workset" FailureMessage="Elements Should be on &quot;Z_Link_URS&quot; Workset. Use Ideate Software (Explorer) to place elements on the Correct Workset" ResultCondition="FailMatchingElements" CheckType="Custom" IsRequired="False" IsChecked="True">
        <Filter ID="b66499d5-b91d-44de-b83e-fc3c07b7d8cf" Operator="And" Category="Category" Property="OST_RvtLinks" Condition="Included" Value="True" CaseInsensitive="False" Unit="None" UnitClass="None" FieldTitle="" UserDefined="False" Validation="None" />
        <Filter ID="2cc432cc-24fe-4ab2-8fda-9aefd85a43c9" Operator="And" Category="Parameter" Property="Type" Condition="Contains" Value="_URS_" CaseInsensitive="False" Unit="None" UnitClass="None" FieldTitle="" UserDefined="False" Validation="None" />
        <Filter ID="0107d521-e841-4ff0-9ec2-7f128f748d5a" Operator="And" Category="Workset" Property="Name" Condition="NotEqual" Value="Z_Link_URS" CaseInsensitive="False" Unit="None" UnitClass="None" FieldTitle="" UserDefined="False" Validation="None" />
        <Filter ID="21e8ead2-ff2f-42d3-95ef-1277b879faef" Operator="And" Category="TypeOrInstance" Property="Is Element Type" Condition="Equal" Value="False" CaseInsensitive="False" Unit="None" UnitClass="None" FieldTitle="" UserDefined="False" Validation="None" />
      </Check>
      <Check ID="62501956-83f0-42fc-80db-f82bf0262967" CheckName="AR Links" Description="AR Links Should be on &quot;Z_Link_AR&quot; Workset. Use Ideate Software (Explorer) to place elements on the Correct Workset" FailureMessage="Elements Should be on &quot;Z_Link_AR&quot; Workset. Use Ideate Software (Explorer) to place elements on the Correct Workset" ResultCondition="FailMatchingElements" CheckType="Custom" IsRequired="False" IsChecked="True">
        <Filter ID="9f933bc2-e0d4-4f9a-ad02-a7ee267859d6" Operator="And" Category="Category" Property="OST_RvtLinks" Condition="Included" Value="True" CaseInsensitive="False" Unit="None" UnitClass="None" FieldTitle="" UserDefined="False" Validation="None" />
        <Filter ID="d99b8edf-56c3-46fe-8314-c74034b2b022" Operator="And" Category="Parameter" Property="Type" Condition="Contains" Value="_AR_" CaseInsensitive="False" Unit="None" UnitClass="None" FieldTitle="" UserDefined="False" Validation="None" />
        <Filter ID="c9bbb9db-e4b4-496f-9408-97c0881f2cf5" Operator="And" Category="Workset" Property="Name" Condition="NotEqual" Value="Z_Link_ARX" CaseInsensitive="False" Unit="None" UnitClass="None" FieldTitle="" UserDefined="False" Validation="None" />
        <Filter ID="fda7e639-4a6a-4d7f-b810-7080c580c620" Operator="And" Category="TypeOrInstance" Property="Is Element Type" Condition="Equal" Value="False" CaseInsensitive="False" Unit="None" UnitClass="None" FieldTitle="" UserDefined="False" Validation="None" />
      </Check>
      <Check ID="6fc798c1-ee11-4498-be70-692ece48aeb4" CheckName="AI Links" Description="AI Links Should be on &quot;Z_Link_AI&quot; Workset. Use Ideate Software (Explorer) to place elements on the Correct Workset" FailureMessage="Elements Should be on &quot;Z_Link_AI&quot; Workset. Use Ideate Software (Explorer) to place elements on the Correct Workset" ResultCondition="FailMatchingElements" CheckType="Custom" IsRequired="False" IsChecked="True">
        <Filter ID="a913db30-bc33-4d03-8526-7972f498e28f" Operator="And" Category="Category" Property="OST_RvtLinks" Condition="Included" Value="True" CaseInsensitive="False" Unit="None" UnitClass="None" FieldTitle="" UserDefined="False" Validation="None" />
        <Filter ID="2eeaf632-20da-4c28-99fb-191b82cb4c19" Operator="And" Category="Parameter" Property="Type" Condition="Contains" Value="_AI_" CaseInsensitive="False" Unit="None" UnitClass="None" FieldTitle="" UserDefined="False" Validation="None" />
        <Filter ID="22f050ee-41dd-4ee3-8d42-1aeee9436a86" Operator="And" Category="Workset" Property="Name" Condition="NotEqual" Value="Z_Link_AIX" CaseInsensitive="False" Unit="None" UnitClass="None" FieldTitle="" UserDefined="False" Validation="None" />
        <Filter ID="e3169480-0ab2-4aa2-9389-c83328779644" Operator="And" Category="TypeOrInstance" Property="Is Element Type" Condition="Equal" Value="False" CaseInsensitive="False" Unit="None" UnitClass="None" FieldTitle="" UserDefined="False" Validation="None" />
      </Check>
      <Check ID="b069eaa1-69b8-4298-a285-f8f667e5c4a2" CheckName="EL Links" Description="EL Links should be on &quot;Z_Link_EL&quot; Workset. Use Ideate Software (Explorer) to place elements on the Correct Workset" FailureMessage="Elements Should be on &quot;Z_Link_EL&quot; Workset. Use Ideate Software (Explorer) to place elements on the Correct Workset" ResultCondition="FailMatchingElements" CheckType="Custom" IsRequired="False" IsChecked="True">
        <Filter ID="4db47474-3be0-4f38-838c-2bf6ca983e62" Operator="And" Category="Category" Property="OST_RvtLinks" Condition="Included" Value="True" CaseInsensitive="False" Unit="None" UnitClass="None" FieldTitle="" UserDefined="False" Validation="None" />
        <Filter ID="7a010ff2-f25e-4e75-b633-c9acc282b4ac" Operator="And" Category="Parameter" Property="Type" Condition="Contains" Value="_EL_" CaseInsensitive="False" Unit="None" UnitClass="None" FieldTitle="" UserDefined="False" Validation="None" />
        <Filter ID="8dbdc97f-d4bd-4e6f-a19e-b507646f1652" Operator="And" Category="Workset" Property="Name" Condition="NotEqual" Value="Z_Link_ELX" CaseInsensitive="False" Unit="None" UnitClass="None" FieldTitle="" UserDefined="False" Validation="None" />
        <Filter ID="aa7e4946-5d9b-47f1-a298-f4b328799b05" Operator="And" Category="TypeOrInstance" Property="Is Element Type" Condition="Equal" Value="False" CaseInsensitive="False" Unit="None" UnitClass="None" FieldTitle="" UserDefined="False" Validation="None" />
      </Check>
      <Check ID="27eb2c7e-347e-474f-928a-bcc143d03931" CheckName="LC Links" Description="LC Links should be on &quot;Z_Link_LC&quot; Workset. Use Ideate Software (Explorer) to place elements on the Correct Workset" FailureMessage="Elements Should be on &quot;Z_Link_LC&quot; Workset. Use Ideate Software (Explorer) to place elements on the Correct Workset" ResultCondition="FailMatchingElements" CheckType="Custom" IsRequired="False" IsChecked="True">
        <Filter ID="1a0392e2-dee1-4868-8bd9-4b041ee49e93" Operator="And" Category="Category" Property="OST_RvtLinks" Condition="Included" Value="True" CaseInsensitive="False" Unit="None" UnitClass="None" FieldTitle="" UserDefined="False" Validation="None" />
        <Filter ID="42fb7397-ba99-474e-b02b-1fc7c4215686" Operator="And" Category="Parameter" Property="Type" Condition="Contains" Value="_LC_" CaseInsensitive="False" Unit="None" UnitClass="None" FieldTitle="" UserDefined="False" Validation="None" />
        <Filter ID="7fbdc492-ab5f-43ba-a1c8-99d948c700a5" Operator="And" Category="Workset" Property="Name" Condition="NotEqual" Value="Z_Link_LCX" CaseInsensitive="False" Unit="None" UnitClass="None" FieldTitle="" UserDefined="False" Validation="None" />
        <Filter ID="791df562-0ec0-44ea-83ad-b791bafd0fea" Operator="And" Category="TypeOrInstance" Property="Is Element Type" Condition="Equal" Value="False" CaseInsensitive="False" Unit="None" UnitClass="None" FieldTitle="" UserDefined="False" Validation="None" />
      </Check>
      <Check ID="8b057a22-a825-428c-a5af-2aedfce9e413" CheckName="MH Links" Description="MH Links should be on &quot;Z_Link_MH&quot; Workset. Use Ideate Software (Explorer) to place elements on the Correct Workset" FailureMessage="Elements Should be on &quot;Z_Link_MH&quot; Workset. Use Ideate Software (Explorer) to place elements on the Correct Workset" ResultCondition="FailMatchingElements" CheckType="Custom" IsRequired="False" IsChecked="True">
        <Filter ID="4efa9f7f-f92d-4e08-8813-cc9b4ec69364" Operator="And" Category="Category" Property="OST_RvtLinks" Condition="Included" Value="True" CaseInsensitive="False" Unit="None" UnitClass="None" FieldTitle="" UserDefined="False" Validation="None" />
        <Filter ID="75cfe581-f80f-425f-b4a9-0f5abcfbc844" Operator="And" Category="Parameter" Property="Type" Condition="Contains" Value="_MH_" CaseInsensitive="False" Unit="None" UnitClass="None" FieldTitle="" UserDefined="False" Validation="None" />
        <Filter ID="a66e9c20-8302-4a0a-a4d9-0d0b129f685b" Operator="And" Category="Workset" Property="Name" Condition="NotEqual" Value="Z_Link_MHX" CaseInsensitive="False" Unit="None" UnitClass="None" FieldTitle="" UserDefined="False" Validation="None" />
        <Filter ID="f877238c-3ec0-4a6e-98c5-f600aa78af36" Operator="And" Category="TypeOrInstance" Property="Is Element Type" Condition="Equal" Value="False" CaseInsensitive="False" Unit="None" UnitClass="None" FieldTitle="" UserDefined="False" Validation="None" />
      </Check>
      <Check ID="8a0355bc-df74-42bd-a176-da1ac89e3bf9" CheckName="MF Links" Description="MF Links should be on &quot;Z_Link_MF&quot; Workset. Use Ideate Software (Explorer) to place elements on the Correct Workset" FailureMessage="Elements Should be on &quot;Z_Link_MF&quot; Workset. Use Ideate Software (Explorer) to place elements on the Correct Workset" ResultCondition="FailMatchingElements" CheckType="Custom" IsRequired="False" IsChecked="True">
        <Filter ID="418dbc30-4f96-4d63-ba14-3761464aaf50" Operator="And" Category="Category" Property="OST_RvtLinks" Condition="Included" Value="True" CaseInsensitive="False" Unit="None" UnitClass="None" FieldTitle="" UserDefined="False" Validation="None" />
        <Filter ID="3b04b554-72f3-4bba-a38b-32f3120f0b0c" Operator="And" Category="Parameter" Property="Type" Condition="Contains" Value="_MF_" CaseInsensitive="False" Unit="None" UnitClass="None" FieldTitle="" UserDefined="False" Validation="None" />
        <Filter ID="075ed2cd-1249-426d-918f-c511aaac034e" Operator="And" Category="Workset" Property="Name" Condition="NotEqual" Value="Z_Link_MFX" CaseInsensitive="False" Unit="None" UnitClass="None" FieldTitle="" UserDefined="False" Validation="None" />
        <Filter ID="3821eaeb-f89b-4238-98c2-5af67ccf6dd9" Operator="And" Category="TypeOrInstance" Property="Is Element Type" Condition="Equal" Value="False" CaseInsensitive="False" Unit="None" UnitClass="None" FieldTitle="" UserDefined="False" Validation="None" />
      </Check>
      <Check ID="5e560172-6d02-464a-bcd9-fc99ea7fe21d" CheckName="MP Links" Description="MP Links should be on &quot;Z_Link_MP&quot; Workset. Use Ideate Software (Explorer) to place elements on the Correct Workset" FailureMessage="Elements Should be on &quot;Z_Link_MP&quot; Workset. Use Ideate Software (Explorer) to place elements on the Correct Workset" ResultCondition="FailMatchingElements" CheckType="Custom" IsRequired="False" IsChecked="True">
        <Filter ID="0a9d4e0e-0272-4ada-b6f5-e8330637a213" Operator="And" Category="Category" Property="OST_RvtLinks" Condition="Included" Value="True" CaseInsensitive="False" Unit="None" UnitClass="None" FieldTitle="" UserDefined="False" Validation="None" />
        <Filter ID="60f29a9d-8391-4255-935d-5aa42b882c86" Operator="And" Category="Parameter" Property="Type" Condition="Contains" Value="_MP_" CaseInsensitive="False" Unit="None" UnitClass="None" FieldTitle="" UserDefined="False" Validation="None" />
        <Filter ID="11ebee7b-c55f-4c2e-869f-131fb29cc18e" Operator="And" Category="Workset" Property="Name" Condition="NotEqual" Value="Z_Link_MPX" CaseInsensitive="False" Unit="None" UnitClass="None" FieldTitle="" UserDefined="False" Validation="None" />
        <Filter ID="23b84ba5-1177-44a6-b796-c7215ec7761f" Operator="And" Category="TypeOrInstance" Property="Is Element Type" Condition="Equal" Value="False" CaseInsensitive="False" Unit="None" UnitClass="None" FieldTitle="" UserDefined="False" Validation="None" />
      </Check>
      <Check ID="525f3304-ff4a-4d48-b6b9-0a0e47cc65c4" CheckName="SC Links" Description="Elements Should be on &quot;Z_Link_SC&quot; Workset. Use Ideate Software (Explorer) to place elements on the Correct Workset" FailureMessage="SC Links should be on &quot;Z_Link_SC&quot; Workset. Use Ideate Software (Explorer) to place elements on the Correct Workset" ResultCondition="FailMatchingElements" CheckType="Custom" IsRequired="False" IsChecked="True">
        <Filter ID="7ef45e6d-e5a5-4109-a25b-fdba39de7426" Operator="And" Category="Category" Property="OST_RvtLinks" Condition="Included" Value="True" CaseInsensitive="False" Unit="None" UnitClass="None" FieldTitle="" UserDefined="False" Validation="None" />
        <Filter ID="28979867-2c00-4ab5-8d11-414f72844fc6" Operator="And" Category="Parameter" Property="Type" Condition="Contains" Value="_SC_" CaseInsensitive="False" Unit="None" UnitClass="None" FieldTitle="" UserDefined="False" Validation="None" />
        <Filter ID="c506f082-da30-43ff-9b1d-fadc5118b98e" Operator="And" Category="Workset" Property="Name" Condition="NotEqual" Value="Z_Link_SCX" CaseInsensitive="False" Unit="None" UnitClass="None" FieldTitle="" UserDefined="False" Validation="None" />
        <Filter ID="2df53c8c-ee8e-4664-a881-b04f1f070200" Operator="And" Category="TypeOrInstance" Property="Is Element Type" Condition="Equal" Value="False" CaseInsensitive="False" Unit="None" UnitClass="None" FieldTitle="" UserDefined="False" Validation="None" />
      </Check>
      <Check ID="e661a441-2bd3-4bfe-83ec-6645bf18c980" CheckName="SS Links" Description="SS Links should be on &quot;Z_Link_SS&quot; Workset. Use Ideate Software (Explorer) to place elements on the Correct Workset" FailureMessage="Elements Should be on &quot;Z_Link_SS&quot; Workset. Use Ideate Software (Explorer) to place elements on the Correct Workset" ResultCondition="FailMatchingElements" CheckType="Custom" IsRequired="False" IsChecked="True">
        <Filter ID="416dd8d2-c460-48cf-90eb-3ed7de8e89c0" Operator="And" Category="Category" Property="OST_RvtLinks" Condition="Included" Value="True" CaseInsensitive="False" Unit="None" UnitClass="None" FieldTitle="" UserDefined="False" Validation="None" />
        <Filter ID="accd0b4a-5c09-4143-a583-28fce13b1c9a" Operator="And" Category="Parameter" Property="Type" Condition="Contains" Value="_SS_" CaseInsensitive="False" Unit="None" UnitClass="None" FieldTitle="" UserDefined="False" Validation="None" />
        <Filter ID="3a5bf003-fea8-48fe-b717-2249074ac69b" Operator="And" Category="Workset" Property="Name" Condition="NotEqual" Value="Z_Link_SSX" CaseInsensitive="False" Unit="None" UnitClass="None" FieldTitle="" UserDefined="False" Validation="None" />
        <Filter ID="504f62f0-81ee-4c53-a260-ec116f2d2b04" Operator="And" Category="TypeOrInstance" Property="Is Element Type" Condition="Equal" Value="False" CaseInsensitive="False" Unit="None" UnitClass="None" FieldTitle="" UserDefined="False" Validation="None" />
      </Check>
    </Section>
    <Section ID="a09f9b1d-f061-4953-952e-fc01ec7cbefc" SectionName="Structural Elements workset" Title="" IsChecked="True" Description="">
      <Check ID="b2e6db28-acdf-4250-a8e2-d37c927d24d8" CheckName="ST Elements workset" Description="" FailureMessage="Structural Element should belong to Sub, Super, or enabling workset" ResultCondition="FailMatchingElements" CheckType="Custom" IsRequired="False" IsChecked="True">
        <Filter ID="3a2a5cb0-030a-41c1-a1e1-05042b59510b" Operator="And" Category="Category" Property="OST_Floors" Condition="Included" Value="True" CaseInsensitive="False" Unit="None" UnitClass="None" FieldTitle="" UserDefined="False" Validation="None" />
        <Filter ID="c94d65af-4219-4fbd-94ea-b4dff7e0a7e5" Operator="And" Category="Category" Property="OST_GenericModel" Condition="Included" Value="True" CaseInsensitive="False" Unit="None" UnitClass="None" FieldTitle="" UserDefined="False" Validation="None" />
        <Filter ID="a9ee8675-eeae-4558-aabf-06e89ef1606e" Operator="And" Category="Category" Property="OST_Ramps" Condition="Included" Value="True" CaseInsensitive="False" Unit="None" UnitClass="None" FieldTitle="" UserDefined="False" Validation="None" />
        <Filter ID="fb8f608a-c72a-4a15-9d57-5eb979c9af25" Operator="And" Category="Category" Property="OST_Stairs" Condition="Included" Value="True" CaseInsensitive="False" Unit="None" UnitClass="None" FieldTitle="" UserDefined="False" Validation="None" />
        <Filter ID="f336f75b-300d-4727-aa7c-9930f7feaba7" Operator="And" Category="Category" Property="OST_StructuralColumns" Condition="Included" Value="True" CaseInsensitive="False" Unit="None" UnitClass="None" FieldTitle="" UserDefined="False" Validation="None" />
        <Filter ID="5ad5a19b-9194-4080-a3c9-736afa9d6bcb" Operator="And" Category="Category" Property="OST_StructuralFoundation" Condition="Included" Value="True" CaseInsensitive="False" Unit="None" UnitClass="None" FieldTitle="" UserDefined="False" Validation="None" />
        <Filter ID="18743746-ecec-4051-a352-9704e2a6a48d" Operator="And" Category="Category" Property="OST_StructuralFraming" Condition="Included" Value="True" CaseInsensitive="False" Unit="None" UnitClass="None" FieldTitle="" UserDefined="False" Validation="None" />
        <Filter ID="54ab04a0-1648-41d5-9f69-25512a7d0974" Operator="And" Category="Category" Property="OST_Walls" Condition="Included" Value="True" CaseInsensitive="False" Unit="None" UnitClass="None" FieldTitle="" UserDefined="False" Validation="None" />
        <Filter ID="d6d1f6d4-6998-4da1-b09e-2afb88f434ff" Operator="And" Category="TypeOrInstance" Property="Is Element Type" Condition="Equal" Value="False" CaseInsensitive="False" Unit="None" UnitClass="None" FieldTitle="" UserDefined="False" Validation="None" />
        <Filter ID="85300781-8904-4069-be4a-dbad95b48840" Operator="And" Category="Workset" Property="Name" Condition="DoesNotContain" Value="SCX_Concrete" CaseInsensitive="False" Unit="None" UnitClass="None" FieldTitle="" UserDefined="False" Validation="None" />
        <Filter ID="0dfb7d89-b281-4556-9b7d-564189b7608e" Operator="And" Category="TypeOrInstance" Property="Is Element Type" Condition="Equal" Value="False" CaseInsensitive="False" Unit="None" UnitClass="None" FieldTitle="" UserDefined="False" Validation="None" />
        <Filter ID="b9d591b7-4afa-4b44-b9bc-3537d150b284" Operator="And" Category="Workset" Property="Name" Condition="DoesNotContain" Value="SCX_Enabling" CaseInsensitive="False" Unit="None" UnitClass="None" FieldTitle="" UserDefined="False" Validation="None" />
        <Filter ID="9058c4b4-a5dc-4524-b986-3c1e0dbd3a35" Operator="And" Category="TypeOrInstance" Property="Is Element Type" Condition="Equal" Value="False" CaseInsensitive="False" Unit="None" UnitClass="None" FieldTitle="" UserDefined="False" Validation="None" />
        <Filter ID="775d2aa4-6246-4889-825a-3b5a2654d0cc" Operator="And" Category="Workset" Property="Name" Condition="DoesNotContain" Value="SSX_Steel" CaseInsensitive="False" Unit="None" UnitClass="None" FieldTitle="" UserDefined="False" Validation="None" />
        <Filter ID="17e7f93f-bfa9-403f-a0f2-e1828c65ef14" Operator="And" Category="Workset" Property="Name" Condition="DoesNotContain" Value="SCX_Bridge" CaseInsensitive="False" Unit="None" UnitClass="None" FieldTitle="" UserDefined="False" Validation="None" />
        <Filter ID="62334801-88e5-4ea3-9fd3-0bec3b1bcb3c" Operator="And" Category="Workset" Property="Name" Condition="DoesNotContain" Value="SCX_3D Clouds" CaseInsensitive="False" Unit="None" UnitClass="None" FieldTitle="" UserDefined="False" Validation="None" />
        <Filter ID="3d8019a8-1d9f-4afb-8732-05e4f94ecaf8" Operator="And" Category="Workset" Property="Name" Condition="DoesNotContain" Value="SSX_3D Clouds" CaseInsensitive="False" Unit="None" UnitClass="None" FieldTitle="" UserDefined="False" Validation="None" />
      </Check>
    </Section>
  </Heading>
  <Heading ID="a0e38df4-bd7d-4f9d-9e40-79eee8fe1aec" HeadingText="Unrelated Elements" Description="" IsChecked="True">
    <Section ID="2e3ac3b2-3865-4434-a3db-9ffe804c151d" SectionName="ST Models Unneeded Elements" Title="" IsChecked="True" Description="">
      <Check ID="2f68b587-75db-49b3-81e7-d77a73e05c80" CheckName="Elements to be removed" Description="" FailureMessage="This Element should not be in a ST model - Incase the element is needed to make openings in ST elements , please put it in a closed workset and do not delete it after you publish" ResultCondition="FailMatchingElements" CheckType="Custom" IsRequired="False" IsChecked="True">
        <Filter ID="e72475e3-c666-4ce3-94be-b8a50df4eeaa" Operator="And" Category="Category" Property="OST_Casework" Condition="Included" Value="True" CaseInsensitive="False" Unit="None" UnitClass="None" FieldTitle="" UserDefined="False" Validation="None" />
        <Filter ID="725f2547-bd23-4da2-bb79-3d338d151204" Operator="And" Category="Category" Property="OST_Ceilings" Condition="Included" Value="True" CaseInsensitive="False" Unit="None" UnitClass="None" FieldTitle="" UserDefined="False" Validation="None" />
        <Filter ID="520a2d13-73d4-41af-9e50-20faafa3be3c" Operator="And" Category="Category" Property="OST_Columns" Condition="Included" Value="True" CaseInsensitive="False" Unit="None" UnitClass="None" FieldTitle="" UserDefined="False" Validation="None" />
        <Filter ID="606bbe2e-1f59-4efc-9a73-2a2e309adb42" Operator="And" Category="Category" Property="OST_CurtainWallPanels" Condition="Included" Value="True" CaseInsensitive="False" Unit="None" UnitClass="None" FieldTitle="" UserDefined="False" Validation="None" />
        <Filter ID="3b165d80-7fb8-48cd-a164-d4c99415fff6" Operator="And" Category="Category" Property="OST_CurtaSystem" Condition="Included" Value="True" CaseInsensitive="False" Unit="None" UnitClass="None" FieldTitle="" UserDefined="False" Validation="None" />
        <Filter ID="86ca2b78-9737-4645-833a-0615774700cb" Operator="And" Category="Category" Property="OST_CurtainWallMullions" Condition="Included" Value="True" CaseInsensitive="False" Unit="None" UnitClass="None" FieldTitle="" UserDefined="False" Validation="None" />
        <Filter ID="4b0045de-5c54-4fe3-b36f-3504288046ea" Operator="And" Category="Category" Property="OST_ElectricalEquipment" Condition="Included" Value="True" CaseInsensitive="False" Unit="None" UnitClass="None" FieldTitle="" UserDefined="False" Validation="None" />
        <Filter ID="c850fe68-ff0d-453d-b573-535610d03eca" Operator="And" Category="Category" Property="OST_ElectricalFixtures" Condition="Included" Value="True" CaseInsensitive="False" Unit="None" UnitClass="None" FieldTitle="" UserDefined="False" Validation="None" />
        <Filter ID="ead4927a-0c9b-404a-b7bf-34d0702cab2c" Operator="And" Category="Category" Property="OST_Entourage" Condition="Included" Value="True" CaseInsensitive="False" Unit="None" UnitClass="None" FieldTitle="" UserDefined="False" Validation="None" />
        <Filter ID="97f5b774-d18b-4a37-887a-e62af429d14b" Operator="And" Category="Category" Property="OST_Furniture" Condition="Included" Value="True" CaseInsensitive="False" Unit="None" UnitClass="None" FieldTitle="" UserDefined="False" Validation="None" />
        <Filter ID="5687c99f-22d3-48b8-9797-5a307c7ea5c9" Operator="And" Category="Category" Property="OST_FurnitureSystems" Condition="Included" Value="True" CaseInsensitive="False" Unit="None" UnitClass="None" FieldTitle="" UserDefined="False" Validation="None" />
        <Filter ID="711b2a57-605b-424a-9f79-26b7910fb425" Operator="And" Category="Category" Property="OST_LightingFixtures" Condition="Included" Value="True" CaseInsensitive="False" Unit="None" UnitClass="None" FieldTitle="" UserDefined="False" Validation="None" />
        <Filter ID="60c5dd04-5bdc-4e1f-aef6-fe4f7b4bc6fc" Operator="And" Category="Category" Property="OST_Mass" Condition="Included" Value="True" CaseInsensitive="False" Unit="None" UnitClass="None" FieldTitle="" UserDefined="False" Validation="None" />
        <Filter ID="59fdb915-64d6-45e9-b09b-17f1f985ce19" Operator="And" Category="Category" Property="OST_MechanicalEquipment" Condition="Included" Value="True" CaseInsensitive="False" Unit="None" UnitClass="None" FieldTitle="" UserDefined="False" Validation="None" />
        <Filter ID="782cde03-b5fb-4b97-a2e6-798fad9dbc8d" Operator="And" Category="Category" Property="OST_Parking" Condition="Included" Value="True" CaseInsensitive="False" Unit="None" UnitClass="None" FieldTitle="" UserDefined="False" Validation="None" />
        <Filter ID="29e5a69d-c78b-48da-a0a7-0c3c03d59f4f" Operator="And" Category="Category" Property="OST_Planting" Condition="Included" Value="True" CaseInsensitive="False" Unit="None" UnitClass="None" FieldTitle="" UserDefined="False" Validation="None" />
        <Filter ID="0919f19d-5d12-4a14-99bc-51c6e8ebad09" Operator="And" Category="Category" Property="OST_PlumbingFixtures" Condition="Included" Value="True" CaseInsensitive="False" Unit="None" UnitClass="None" FieldTitle="" UserDefined="False" Validation="None" />
        <Filter ID="a4200155-ad80-4849-83e0-7f4b03afefa7" Operator="And" Category="Category" Property="OST_StairsRailing" Condition="Included" Value="True" CaseInsensitive="False" Unit="None" UnitClass="None" FieldTitle="" UserDefined="False" Validation="None" />
        <Filter ID="99b5bede-e592-4b3e-b839-88c9c3cb0e85" Operator="And" Category="Category" Property="OST_Roads" Condition="Included" Value="True" CaseInsensitive="False" Unit="None" UnitClass="None" FieldTitle="" UserDefined="False" Validation="None" />
        <Filter ID="1b50ce81-fd64-48ad-bbb4-8a93932fa9f1" Operator="And" Category="Category" Property="OST_Roofs" Condition="Included" Value="True" CaseInsensitive="False" Unit="None" UnitClass="None" FieldTitle="" UserDefined="False" Validation="None" />
        <Filter ID="2d2ba8e4-6fb9-40ab-a3c1-c9bc1e943da0" Operator="And" Category="Category" Property="OST_SpecialityEquipment" Condition="Included" Value="True" CaseInsensitive="False" Unit="None" UnitClass="None" FieldTitle="" UserDefined="False" Validation="None" />
        <Filter ID="b9a1c8e2-dc58-43d0-8fcc-16d4d53fe12f" Operator="And" Category="Category" Property="OST_Windows" Condition="Included" Value="True" CaseInsensitive="False" Unit="None" UnitClass="None" FieldTitle="" UserDefined="False" Validation="None" />
        <Filter ID="7c294255-f40e-4458-b6ac-c56629d6e8be" Operator="And" Category="TypeOrInstance" Property="Is Element Type" Condition="Equal" Value="False" CaseInsensitive="False" Unit="None" UnitClass="None" FieldTitle="" UserDefined="False" Validation="None" />
        <Filter ID="1219213c-7c09-4e86-a863-6c9ca8a25d40" Operator="Exclude" Category="Family" Property="Name" Condition="Contains" Value="oid" CaseInsensitive="False" Unit="None" UnitClass="None" FieldTitle="" UserDefined="False" Validation="None" />
        <Filter ID="f7a4c741-61a7-4e67-808c-e2e366bfe80c" Operator="Exclude" Category="Category" Property="OST_Mass" Condition="Included" Value="True" CaseInsensitive="False" Unit="None" UnitClass="None" FieldTitle="" UserDefined="False" Validation="None" />
      </Check>
    </Section>
  </Heading>
  <Heading ID="cc71d0eb-07af-4b9d-89b0-dc572006cd7d" HeadingText="&lt;--Unused--&gt;" Description="Checks that have been created but not placed in the structure yet." IsChecked="True">
    <Section ID="b4d3accd-3bd2-451a-9896-a62172829699" SectionName="&lt;--Unused--&gt;" Title="Checks that have not been placed" IsChecked="True" Description="">
      <Check ID="1c1b26f8-bd88-405c-8a0f-f5ddb80aeca5" CheckName="ST Stairs Type Name" Description="" FailureMessage="ST Stair Type Name must follow Dar Naming Convention FunctionType_Material_Description_Originator ex:  Stair_Conc_1800mm_Dar" ResultCondition="FailMatchingElements" CheckType="Custom" IsRequired="False" IsChecked="True">
        <Filter ID="7dddf25c-1c77-4906-bd79-34ea22fe86b5" Operator="And" Category="Category" Property="OST_Stairs" Condition="Included" Value="True" CaseInsensitive="False" Unit="None" UnitClass="None" FieldTitle="" UserDefined="False" Validation="None" />
        <Filter ID="0867cf8b-4726-48e4-9ef8-02e40e3eb52b" Operator="And" Category="Parameter" Property="ALL_MODEL_FAMILY_NAME" Condition="Contains" Value="Cast-In-Place" CaseInsensitive="False" Unit="None" UnitClass="None" FieldTitle="" UserDefined="False" Validation="None" />
        <Filter ID="699514f1-2ad3-4d93-be59-386519acf094" Operator="And" Category="Parameter" Property="ALL_MODEL_TYPE_NAME" Condition="DoesNotContain" Value="Stair_" CaseInsensitive="False" Unit="None" UnitClass="None" FieldTitle="" UserDefined="False" Validation="None" />
        <Filter ID="c5ef38e7-5b51-4324-a234-8be014fcf03d" Operator="And" Category="TypeOrInstance" Property="Is Element Type" Condition="Equal" Value="True" CaseInsensitive="False" Unit="None" UnitClass="None" FieldTitle="" UserDefined="False" Validation="None" />
      </Check>
      <Check ID="597856a7-b441-4fa2-aa34-3dc2971b06c0" CheckName="Duplicated Elements" Description="Check for any ST elements that are duplicates, meaning identical elements at the same location and base level. " FailureMessage="Duplicated Elements" ResultCondition="FailMatchingElements" CheckType="Custom" IsRequired="False" IsChecked="True">
        <Filter ID="1f03c5b1-868b-43e5-aaf9-09cfb72ed0ee" Operator="And" Category="Category" Property="Structural Columns" Condition="Included" Value="True" CaseInsensitive="False" Unit="None" UnitClass="None" FieldTitle="" UserDefined="False" Validation="None" />
        <Filter ID="b1106053-65c5-4277-b961-468fadb9c3a7" Operator="And" Category="Category" Property="Structural Foundations" Condition="Included" Value="True" CaseInsensitive="False" Unit="None" UnitClass="None" FieldTitle="" UserDefined="False" Validation="None" />
        <Filter ID="da1a38f8-d248-4235-9ec2-c62a5c5eaa9e" Operator="And" Category="Category" Property="Floors" Condition="Included" Value="True" CaseInsensitive="False" Unit="None" UnitClass="None" FieldTitle="" UserDefined="False" Validation="None" />
        <Filter ID="e60e3378-2541-4b5a-aef2-5236ef290e7c" Operator="And" Category="Category" Property="Structural Framing" Condition="Included" Value="True" CaseInsensitive="False" Unit="None" UnitClass="None" FieldTitle="" UserDefined="False" Validation="None" />
        <Filter ID="c14d0516-bb2e-4440-af0a-a723c8f04a02" Operator="And" Category="Category" Property="Walls" Condition="Included" Value="True" CaseInsensitive="False" Unit="None" UnitClass="None" FieldTitle="" UserDefined="False" Validation="None" />
        <Filter ID="f2765fce-a02a-45a4-85b4-75bad2fcbf98" Operator="And" Category="Category" Property="Ramps" Condition="Included" Value="True" CaseInsensitive="False" Unit="None" UnitClass="None" FieldTitle="" UserDefined="False" Validation="None" />
        <Filter ID="36ad0c5e-ea0e-4423-a6cf-aa5d6c480802" Operator="And" Category="Category" Property="Generic Models" Condition="Included" Value="True" CaseInsensitive="False" Unit="None" UnitClass="None" FieldTitle="" UserDefined="False" Validation="None" />
        <Filter ID="07dd1131-9325-476a-b3b5-2cc4e1731c39" Operator="And" Category="Redundant" Property="Location" Condition="Equal" Value="True" CaseInsensitive="False" Unit="None" UnitClass="None" FieldTitle="" UserDefined="False" Validation="None" />
        <Filter ID="d0a8bb71-b22e-4ffc-927a-e9bf7c2eb1f4" Operator="And" Category="TypeOrInstance" Property="Is Element Type" Condition="Equal" Value="False" CaseInsensitive="False" Unit="None" UnitClass="None" FieldTitle="" UserDefined="False" Validation="None" />
      </Check>
    </Section>
  </Heading>
</MCSettings>