﻿<?xml version="1.0" encoding="UTF-8" standalone="yes"?>
<MCSettings AllowRequired="False" Name="MODEL GENERAL CHECKS" Icon="http://www.biminteroperabilitytools.com/modelchecker/downloads/TN_32icon.jpg" Image="http://www.biminteroperabilitytools.com/modelchecker/downloads/TN-100.png" SampleModel="">
  <Heading HeadingText="ALL TRADES GENERAL MODEL INFORMATION" Description="" />
  <Heading HeadingText="ALL TRADES---GENERAL---FILE CHARACTERISTICS" Description="While not required, this collection of checks are based on Revit best practices.">
    <Section SectionName="FILE CHARACTERISTICS" Title="" IsChecked="True" Description="">
      <Check CheckName="File Size Should Not Exceed 200mb" IsModelCheck="True" Description="Reports the file size of a Revit model in MB (megabytes)." ShowList="True" FailureMessage="File size should not exceed 200mb" FailureCondition="ReportElements" CheckType="FileSize" IsRequired="False" IsChecked="True" IsInitialized="True" />
      <Check CheckName="Unused Elements" IsModelCheck="True" Description="Reports the number of elements that can be purged from a Revit model." ShowList="False" FailureMessage="Check if project Information is filled" FailureCondition="ReportElements" CheckType="UnusedElements" IsRequired="False" IsChecked="False" IsInitialized="True" />
      <Check CheckName="Warnings" IsModelCheck="True" Description="Reports and lists all warnings in a Revit model." ShowList="False" FailureMessage="Check if project Information is filled" FailureCondition="ReportElements" CheckType="WarningCount" IsRequired="False" IsChecked="False" IsInitialized="True" />
      <Check CheckName="Project Information" IsModelCheck="True" Description="Lists all parameters and values attached to Project Information for a project except those associated with Revit Extensions (starting with 'Extensions')." ShowList="True" FailureMessage="Check if project Information is filled" FailureCondition="ReportElements" CheckType="ProjectInformation" IsRequired="False" IsChecked="True" IsInitialized="True" />
      <Check CheckName="Design Options" IsModelCheck="True" Description="Lists all Design Options in a Revit model." ShowList="False" FailureMessage="Check if project Information is filled" FailureCondition="ReportElements" CheckType="DesignOptions" IsRequired="False" IsChecked="False" IsInitialized="True" />
      <Check CheckName="Filters" IsModelCheck="True" Description="Lists all rule-based Filters in a Revit model." ShowList="False" FailureMessage="Check if project Information is filled" FailureCondition="ReportElements" CheckType="Custom" IsRequired="False" IsChecked="False" IsInitialized="True">
        <Filter Operator="And" Category="APIType" Property="Full Class Name" Condition="Equal" Value="Autodesk.Revit.DB.ParameterFilterElement" Unit="None" UnitClass="None" FieldTitle="" UserDefined="False" Validation="None" />
      </Check>
      <Check CheckName="Areas / Spaces Schemes" IsModelCheck="True" Description="Reports the number of Area Schemes in a Revit model." ShowList="False" FailureMessage="Check if project Information is filled" FailureCondition="ReportElements" CheckType="AreaSpaceSchemes" IsRequired="False" IsChecked="False" IsInitialized="True" />
      <Check CheckName="Areas / Spaces Computation" IsModelCheck="True" Description="Reports if a Revit model is set to report areas and volumes or areas only." ShowList="False" FailureMessage="Check if project Information is filled" FailureCondition="ReportElements" CheckType="VolumeComputations" IsRequired="False" IsChecked="False" IsInitialized="True" />
      <Check CheckName="Object Styles" IsModelCheck="True" Description="Lists all non built-in categories and sub-categories in a Revit model." ShowList="False" FailureMessage="Check if project Information is filled" FailureCondition="ReportElements" CheckType="ObjectStyles" IsRequired="False" IsChecked="False" IsInitialized="True" />
      <Check CheckName="Line Styles" IsModelCheck="True" Description="Lists all Line Styles in a Revit model." ShowList="False" FailureMessage="Check if project Information is filled" FailureCondition="ReportElements" CheckType="LineStyles" IsRequired="False" IsChecked="False" IsInitialized="True" />
    </Section>
  </Heading>
  <Heading HeadingText="ALL TRADES---GENERAL---LINKS INFORMATION " Description="">
    <Section SectionName="LINKS" Title="" IsChecked="True" Description="">
      <Section SectionName="URS File is Linked" Title="" IsChecked="True" Description="">
        <Check CheckName="URS is linked" IsModelCheck="False" Description="URS Files are linked" ShowList="True" FailureMessage="URS File is NOT Linked" FailureCondition="NoElements" CheckType="Custom" IsRequired="False" IsChecked="True" IsInitialized="True">
          <Filter Operator="And" Category="Category" Property="OST_RvtLinks" Condition="Included" Value="True" Unit="None" UnitClass="None" FieldTitle="" UserDefined="False" Validation="None" />
          <Filter Operator="And" Category="Type" Property="Name" Condition="Contains" Value="_URS" Unit="None" UnitClass="None" FieldTitle="" UserDefined="False" Validation="None" />
          <Filter Operator="And" Category="TypeOrInstance" Property="Is Element Type" Condition="Equal" Value="True" Unit="None" UnitClass="None" FieldTitle="" UserDefined="False" Validation="None" />
        </Check>
      </Section>
      <Section SectionName="CAD/Import Links are Removed" Title="" IsChecked="False" Description="">
        <Check CheckName="CAD Links/Import " IsModelCheck="False" Description="Check if CAD Links/Imports are still needed" ShowList="True" FailureMessage="Model Contains Unnneded CAD Links/Imports" FailureCondition="ReportElements" CheckType="Custom" IsRequired="False" IsChecked="True" IsInitialized="True">
          <Filter Operator="And" Category="Category" Property="Name" Condition="Contains" Value=".dwg" Unit="None" UnitClass="None" FieldTitle="" UserDefined="False" Validation="None" />
          <Filter Operator="And" Category="TypeOrInstance" Property="Is Element Type" Condition="Equal" Value="False" Unit="None" UnitClass="None" FieldTitle="" UserDefined="False" Validation="None" />
        </Check>
      </Section>
      <Section SectionName="Revit Links are of Type &quot;Overlay&quot;" Title="" IsChecked="True" Description="">
        <Check CheckName="Revit Links are  of Type &quot;Overlay&quot;" IsModelCheck="False" Description="Check if REVIT Links are of Type &quot;Overlay&quot;" ShowList="True" FailureMessage="Revit Link should be of Type &quot;Overlay&quot;" FailureCondition="ReportElements" CheckType="Custom" IsRequired="False" IsChecked="True" IsInitialized="True">
          <Filter Operator="And" Category="Category" Property="OST_RvtLinks" Condition="Included" Value="True" Unit="None" UnitClass="None" FieldTitle="" UserDefined="False" Validation="None" />
          <Filter Operator="And" Category="TypeOrInstance" Property="Is Element Type" Condition="Equal" Value="True" Unit="None" UnitClass="None" FieldTitle="" UserDefined="False" Validation="None" />
          <Filter Operator="And" Category="Parameter" Property="RVT_LINK_REFERENCE_TYPE" Condition="Equal" Value="3" Unit="None" UnitClass="None" FieldTitle="" UserDefined="False" Validation="None" />
        </Check>
      </Section>
      <Section SectionName="Trades Revit Files are Linked" Title="" IsChecked="False" Description="">
        <Check CheckName="Trades Revit Files are Linked" IsModelCheck="True" Description="Check if REVIT Links are still needed" ShowList="True" FailureMessage="Trades Revit Files are Linked" FailureCondition="NoElements" CheckType="Custom" IsRequired="False" IsChecked="True" IsInitialized="True">
          <Filter Operator="And" Category="Category" Property="OST_RvtLinks" Condition="Included" Value="True" Unit="None" UnitClass="None" FieldTitle="" UserDefined="False" Validation="None" />
          <Filter Operator="And" Category="TypeOrInstance" Property="Is Element Type" Condition="Equal" Value="False" Unit="None" UnitClass="None" FieldTitle="" UserDefined="False" Validation="None" />
        </Check>
      </Section>
      <Section SectionName="Revit Links are &quot;Room Bounding&quot;" Title="" IsChecked="False" Description="">
        <Check CheckName="Revit Links_Room Bounding" IsModelCheck="False" Description="Check if REVIT Links are Room Bounidng" ShowList="True" FailureMessage="Revit Link is not &quot;Room Bounding&quot;" FailureCondition="ReportElements" CheckType="Custom" IsRequired="False" IsChecked="False" IsInitialized="True">
          <Filter Operator="And" Category="Category" Property="OST_RvtLinks" Condition="Included" Value="True" Unit="None" UnitClass="None" FieldTitle="" UserDefined="False" Validation="None" />
          <Filter Operator="And" Category="Parameter" Property="WALL_ATTR_ROOM_BOUNDING" Condition="Equal" Value="0" Unit="None" UnitClass="None" FieldTitle="" UserDefined="False" Validation="None" />
          <Filter Operator="And" Category="TypeOrInstance" Property="Is Element Type" Condition="Equal" Value="True" Unit="None" UnitClass="None" FieldTitle="" UserDefined="False" Validation="None" />
          <Filter Operator="And" Category="Type" Property="Name" Condition="Contains" Value="_AR_" Unit="None" UnitClass="None" FieldTitle="" UserDefined="False" Validation="None" />
        </Check>
      </Section>
    </Section>
  </Heading>
  <Heading HeadingText="ALL TRADES---GENERAL---MODELING PRACTICES" Description="">
    <Section SectionName="MODELING PRACTICES" Title="" IsChecked="True" Description="">
      <Section SectionName="Model Lines are NOT Used" Title="" IsChecked="True" Description="">
        <Check CheckName="Model Lines " IsModelCheck="False" Description="Checks for Model Lines in the model and linked models." ShowList="True" FailureMessage="There are Model Lines in the model and linked models." FailureCondition="ReportElements" CheckType="Custom" IsRequired="False" IsChecked="True" IsInitialized="True">
          <Filter Operator="And" Category="Category" Property="OST_Lines" Condition="Included" Value="True" Unit="None" UnitClass="None" FieldTitle="" UserDefined="False" Validation="None" />
          <Filter Operator="And" Category="Parameter" Property="CURVE_IS_DETAIL" Condition="Equal" Value="0" Unit="None" UnitClass="None" FieldTitle="" UserDefined="False" Validation="None" />
        </Check>
      </Section>
      <Section SectionName="Generic Model are NOT Used" Title="" IsChecked="True" Description="">
        <Check CheckName="Generic Models (Generic Model Should not be Used in the Model)" IsModelCheck="False" Description="Checks for generic model families in the model and linked models." ShowList="False" FailureMessage="There are generic model families in the model and linked models." FailureCondition="ReportElements" CheckType="Custom" IsRequired="False" IsChecked="True" IsInitialized="True">
          <Filter Operator="And" Category="Category" Property="OST_GenericModel" Condition="Included" Value="True" Unit="None" UnitClass="None" FieldTitle="" UserDefined="False" Validation="None" />
          <Filter Operator="And" Category="TypeOrInstance" Property="Is Element Type" Condition="Equal" Value="False" Unit="None" UnitClass="None" FieldTitle="" UserDefined="False" Validation="None" />
        </Check>
      </Section>
      <Section SectionName="Unneeded Mass Elements are Deleted" Title="" IsChecked="True" Description="">
        <Check CheckName="Mass Elements (Delete Unneeded Mass Elements)" IsModelCheck="False" Description="Checks for mass elements in the model and linked models." ShowList="True" FailureMessage="There are mass elements in the model and linked models." FailureCondition="ReportElements" CheckType="Custom" IsRequired="False" IsChecked="True" IsInitialized="True">
          <Filter Operator="And" Category="Category" Property="OST_Mass" Condition="Included" Value="True" Unit="None" UnitClass="None" FieldTitle="" UserDefined="False" Validation="None" />
          <Filter Operator="And" Category="Category" Property="OST_MassExteriorWall" Condition="Included" Value="True" Unit="None" UnitClass="None" FieldTitle="" UserDefined="False" Validation="None" />
          <Filter Operator="And" Category="Category" Property="OST_MassFloor" Condition="Included" Value="True" Unit="None" UnitClass="None" FieldTitle="" UserDefined="False" Validation="None" />
          <Filter Operator="And" Category="Category" Property="OST_MassGlazingAll" Condition="Included" Value="True" Unit="None" UnitClass="None" FieldTitle="" UserDefined="False" Validation="None" />
          <Filter Operator="And" Category="Category" Property="OST_MassInteriorWall" Condition="Included" Value="True" Unit="None" UnitClass="None" FieldTitle="" UserDefined="False" Validation="None" />
          <Filter Operator="And" Category="Category" Property="OST_MassOpening" Condition="Included" Value="True" Unit="None" UnitClass="None" FieldTitle="" UserDefined="False" Validation="None" />
          <Filter Operator="And" Category="Category" Property="OST_MassRoof" Condition="Included" Value="True" Unit="None" UnitClass="None" FieldTitle="" UserDefined="False" Validation="None" />
          <Filter Operator="And" Category="Category" Property="OST_MassSkylights" Condition="Included" Value="True" Unit="None" UnitClass="None" FieldTitle="" UserDefined="False" Validation="None" />
          <Filter Operator="And" Category="Category" Property="OST_MassZone" Condition="Included" Value="True" Unit="None" UnitClass="None" FieldTitle="" UserDefined="False" Validation="None" />
          <Filter Operator="And" Category="TypeOrInstance" Property="Is Element Type" Condition="Equal" Value="False" Unit="None" UnitClass="None" FieldTitle="" UserDefined="False" Validation="None" />
        </Check>
      </Section>
      <Section SectionName="Groups are Un-grouped" Title="" IsChecked="True" Description="">
        <Check CheckName="Groups (Delete unneeded Groups)" IsModelCheck="False" Description="Checks for any groups in the model and linked models." ShowList="True" FailureMessage="There are groups in the model and . All groups shall be ungrouped for final submittals." FailureCondition="ReportElements" CheckType="Custom" IsRequired="False" IsChecked="True" IsInitialized="True">
          <Filter Operator="And" Category="Category" Property="OST_IOSModelGroups" Condition="Included" Value="True" Unit="None" UnitClass="None" FieldTitle="" UserDefined="False" Validation="None" />
          <Filter Operator="And" Category="Category" Property="OST_IOSDetailGroups" Condition="Included" Value="True" Unit="None" UnitClass="None" FieldTitle="" UserDefined="False" Validation="None" />
          <Filter Operator="And" Category="TypeOrInstance" Property="Is Element Type" Condition="Equal" Value="False" Unit="None" UnitClass="None" FieldTitle="" UserDefined="False" Validation="None" />
        </Check>
      </Section>
      <Section SectionName="Unneeded In-Place Families are Deleted" Title="" IsChecked="True" Description="">
        <Check CheckName="In-Place Families (Delete Unneeded In-Place Families)" IsModelCheck="False" Description="Checks for in-place families in the model and linked models." ShowList="False" FailureMessage="There are in-place families in the model and linked models." FailureCondition="ReportElements" CheckType="Custom" IsRequired="False" IsChecked="True" IsInitialized="True">
          <Filter Operator="And" Category="APIType" Property="Full Class Name" Condition="Equal" Value="Autodesk.Revit.DB.FamilyInstance" Unit="None" UnitClass="None" FieldTitle="" UserDefined="False" Validation="None" />
          <Filter Operator="And" Category="Family" Property="Is In-Place" Condition="Equal" Value="True" Unit="None" UnitClass="None" FieldTitle="" UserDefined="False" Validation="None" />
          <Filter Operator="And" Category="TypeOrInstance" Property="Is Element Type" Condition="Equal" Value="False" Unit="None" UnitClass="None" FieldTitle="" UserDefined="False" Validation="None" />
        </Check>
      </Section>
    </Section>
  </Heading>
  <Heading HeadingText="ALL TRADES---GENERAL---ELEMENTS CONSTRAINTS" Description="">
    <Section SectionName="ELEMENTS CONSTRAINTS" Title="" IsChecked="True" Description="">
      <Section SectionName="Walls Top and Base Constraints are on CL" Title="" IsChecked="False" Description="">
        <Check CheckName="Wall Base Constraint" IsModelCheck="False" Description="" ShowList="False" FailureMessage="Wall Base Constraint should be on CL" FailureCondition="ReportElements" CheckType="Custom" IsRequired="False" IsChecked="True" IsInitialized="True">
          <Filter Operator="And" Category="Category" Property="OST_Walls" Condition="Included" Value="True" Unit="None" UnitClass="None" FieldTitle="" UserDefined="False" Validation="None" />
          <Filter Operator="And" Category="Type" Property="Name" Condition="Contains" Value="WA_" Unit="None" UnitClass="None" FieldTitle="" UserDefined="False" Validation="None" />
          <Filter Operator="And" Category="Parameter" Property="Base Constraint" Condition="DoesNotContain" Value="CL" Unit="None" UnitClass="None" FieldTitle="" UserDefined="False" Validation="None" />
          <Filter Operator="And" Category="TypeOrInstance" Property="Is Element Type" Condition="Equal" Value="False" Unit="None" UnitClass="None" FieldTitle="" UserDefined="False" Validation="None" />
        </Check>
        <Check CheckName="Wall Top Constraint" IsModelCheck="False" Description="" ShowList="False" FailureMessage="Wall Top Constraint should be on CL" FailureCondition="ReportElements" CheckType="Custom" IsRequired="False" IsChecked="True" IsInitialized="True">
          <Filter Operator="And" Category="Category" Property="OST_Walls" Condition="Included" Value="True" Unit="None" UnitClass="None" FieldTitle="" UserDefined="False" Validation="None" />
          <Filter Operator="And" Category="Type" Property="Name" Condition="Contains" Value="WA_" Unit="None" UnitClass="None" FieldTitle="" UserDefined="False" Validation="None" />
          <Filter Operator="And" Category="Parameter" Property="Top Constraint" Condition="DoesNotContain" Value="CL" Unit="None" UnitClass="None" FieldTitle="" UserDefined="False" Validation="None" />
          <Filter Operator="And" Category="TypeOrInstance" Property="Is Element Type" Condition="Equal" Value="False" Unit="None" UnitClass="None" FieldTitle="" UserDefined="False" Validation="None" />
        </Check>
      </Section>
      <Section SectionName="Shaft Opening Top and Base Constraints are on CL" Title="" IsChecked="False" Description="">
        <Check CheckName="Saft Opening Base Constraint" IsModelCheck="False" Description="" ShowList="False" FailureMessage="Shaft Opening Base Constraint should be on CL" FailureCondition="ReportElements" CheckType="Custom" IsRequired="False" IsChecked="True" IsInitialized="True">
          <Filter Operator="And" Category="Category" Property="OST_ShaftOpening" Condition="Included" Value="True" Unit="None" UnitClass="None" FieldTitle="" UserDefined="False" Validation="None" />
          <Filter Operator="And" Category="Parameter" Property="Base Constraint" Condition="DoesNotContain" Value="CL" Unit="None" UnitClass="None" FieldTitle="" UserDefined="False" Validation="None" />
          <Filter Operator="And" Category="TypeOrInstance" Property="Is Element Type" Condition="Equal" Value="False" Unit="None" UnitClass="None" FieldTitle="" UserDefined="False" Validation="None" />
        </Check>
        <Check CheckName="Saft Opening Top Constraint" IsModelCheck="False" Description="" ShowList="False" FailureMessage="Shaft Opening Top Constraint should be on CL" FailureCondition="ReportElements" CheckType="Custom" IsRequired="False" IsChecked="True" IsInitialized="True">
          <Filter Operator="And" Category="Category" Property="OST_ShaftOpening" Condition="Included" Value="True" Unit="None" UnitClass="None" FieldTitle="" UserDefined="False" Validation="None" />
          <Filter Operator="And" Category="Parameter" Property="Top Constraint" Condition="DoesNotContain" Value="CL" Unit="None" UnitClass="None" FieldTitle="" UserDefined="False" Validation="None" />
          <Filter Operator="And" Category="TypeOrInstance" Property="Is Element Type" Condition="Equal" Value="False" Unit="None" UnitClass="None" FieldTitle="" UserDefined="False" Validation="None" />
        </Check>
      </Section>
      <Section SectionName="Columns Top and Base Constraints are on CL" Title="" IsChecked="False" Description="">
        <Check CheckName="Column Base Constraint" IsModelCheck="False" Description="" ShowList="False" FailureMessage="Columns Base Constraints should be on CL" FailureCondition="ReportElements" CheckType="Custom" IsRequired="False" IsChecked="True" IsInitialized="True">
          <Filter Operator="And" Category="Category" Property="OST_StructuralColumns" Condition="Included" Value="True" Unit="None" UnitClass="None" FieldTitle="" UserDefined="False" Validation="None" />
          <Filter Operator="And" Category="Parameter" Property="FAMILY_BASE_LEVEL_PARAM" Condition="DoesNotContain" Value="CL" Unit="None" UnitClass="None" FieldTitle="" UserDefined="False" Validation="None" />
          <Filter Operator="And" Category="TypeOrInstance" Property="Is Element Type" Condition="Equal" Value="False" Unit="None" UnitClass="None" FieldTitle="" UserDefined="False" Validation="None" />
        </Check>
        <Check CheckName="Column Top Constraint" IsModelCheck="False" Description="" ShowList="False" FailureMessage="Columns Top Constraints should be on CL" FailureCondition="ReportElements" CheckType="Custom" IsRequired="False" IsChecked="True" IsInitialized="True">
          <Filter Operator="And" Category="Category" Property="OST_StructuralColumns" Condition="Included" Value="True" Unit="None" UnitClass="None" FieldTitle="" UserDefined="False" Validation="None" />
          <Filter Operator="And" Category="Parameter" Property="FAMILY_TOP_LEVEL_PARAM" Condition="DoesNotContain" Value="CL" Unit="None" UnitClass="None" FieldTitle="" UserDefined="False" Validation="None" />
          <Filter Operator="And" Category="TypeOrInstance" Property="Is Element Type" Condition="Equal" Value="False" Unit="None" UnitClass="None" FieldTitle="" UserDefined="False" Validation="None" />
        </Check>
      </Section>
      <Section SectionName="Concrete Stairs Top and Base Constraints are on CL" Title="" IsChecked="False" Description="">
        <Check CheckName="Concrete Stairs Base Constraint" IsModelCheck="False" Description="" ShowList="False" FailureMessage="Concrete Stairs Base Constraints should be on CL" FailureCondition="ReportElements" CheckType="Custom" IsRequired="False" IsChecked="True" IsInitialized="True">
          <Filter Operator="And" Category="Category" Property="OST_Stairs" Condition="Included" Value="True" Unit="None" UnitClass="None" FieldTitle="" UserDefined="False" Validation="None" />
          <Filter Operator="And" Category="Type" Property="Name" Condition="Contains" Value="Concrete" Unit="None" UnitClass="None" FieldTitle="" UserDefined="False" Validation="None" />
          <Filter Operator="And" Category="Parameter" Property="Base Level" Condition="DoesNotContain" Value="CL" Unit="None" UnitClass="None" FieldTitle="" UserDefined="False" Validation="None" />
          <Filter Operator="And" Category="TypeOrInstance" Property="Is Element Type" Condition="Equal" Value="False" Unit="None" UnitClass="None" FieldTitle="" UserDefined="False" Validation="None" />
        </Check>
        <Check CheckName="Concrete Stairs Top Constraint" IsModelCheck="False" Description="" ShowList="False" FailureMessage="Concrete Stairs Top Constraints should be on CL" FailureCondition="ReportElements" CheckType="Custom" IsRequired="False" IsChecked="True" IsInitialized="True">
          <Filter Operator="And" Category="Category" Property="OST_Stairs" Condition="Included" Value="True" Unit="None" UnitClass="None" FieldTitle="" UserDefined="False" Validation="None" />
          <Filter Operator="And" Category="Type" Property="Name" Condition="Contains" Value="Concrete" Unit="None" UnitClass="None" FieldTitle="" UserDefined="False" Validation="None" />
          <Filter Operator="And" Category="Parameter" Property="Top Level" Condition="DoesNotContain" Value="CL" Unit="None" UnitClass="None" FieldTitle="" UserDefined="False" Validation="None" />
          <Filter Operator="And" Category="TypeOrInstance" Property="Is Element Type" Condition="Equal" Value="False" Unit="None" UnitClass="None" FieldTitle="" UserDefined="False" Validation="None" />
        </Check>
      </Section>
    </Section>
  </Heading>
  <Heading HeadingText="ALL TRADES---GENERAL---DUPLICATED ELEMENTS" Description="">
    <Section SectionName="DUPLICATED ELEMENTS" Title="" IsChecked="True" Description="">
      <Section SectionName="No Duplicate Walls in the Model" Title="" IsChecked="False" Description="">
        <Check CheckName="Duplicate Walls" IsModelCheck="False" Description="Check for any elements that are duplicates, meaning identical elements at the same location and base level.  This does not include Walls or In-Place Families." ShowList="True" FailureMessage="Walls are Duplicated" FailureCondition="ReportElements" CheckType="Custom" IsRequired="False" IsChecked="True" IsInitialized="True">
          <Filter Operator="And" Category="Category" Property="OST_Walls" Condition="Included" Value="True" Unit="None" UnitClass="None" FieldTitle="" UserDefined="False" Validation="None" />
          <Filter Operator="And" Category="Redundant" Property="Location" Condition="Equal" Value="True" Unit="None" UnitClass="None" FieldTitle="" UserDefined="False" Validation="None" />
          <Filter Operator="And" Category="TypeOrInstance" Property="Is Element Type" Condition="Equal" Value="False" Unit="None" UnitClass="None" FieldTitle="" UserDefined="False" Validation="None" />
        </Check>
      </Section>
      <Section SectionName="No Duplicate Columns in the Model" Title="" IsChecked="False" Description="">
        <Check CheckName="Duplicate Columns" IsModelCheck="False" Description="Check for any elements that are duplicates, meaning identical elements at the same location and base level.  This does not include Walls or In-Place Families." ShowList="True" FailureMessage="Columns are Duplicated" FailureCondition="ReportElements" CheckType="Custom" IsRequired="False" IsChecked="True" IsInitialized="True">
          <Filter Operator="And" Category="Category" Property="OST_StructuralColumns" Condition="Included" Value="True" Unit="None" UnitClass="None" FieldTitle="" UserDefined="False" Validation="None" />
          <Filter Operator="And" Category="Redundant" Property="Location" Condition="Equal" Value="True" Unit="None" UnitClass="None" FieldTitle="" UserDefined="False" Validation="None" />
          <Filter Operator="And" Category="TypeOrInstance" Property="Is Element Type" Condition="Equal" Value="False" Unit="None" UnitClass="None" FieldTitle="" UserDefined="False" Validation="None" />
        </Check>
      </Section>
      <Section SectionName="No Duplicate Piles in the Model" Title="" IsChecked="True" Description="">
        <Check CheckName="Duplicate Piles" IsModelCheck="False" Description="Check for any elements that are duplicates, meaning identical elements at the same location and base level.  This does not include Walls or In-Place Families." ShowList="True" FailureMessage="Piles are Duplicated" FailureCondition="ReportElements" CheckType="Custom" IsRequired="False" IsChecked="True" IsInitialized="True">
          <Filter Operator="And" Category="Category" Property="OST_StructuralFoundation" Condition="Included" Value="True" Unit="None" UnitClass="None" FieldTitle="" UserDefined="False" Validation="None" />
          <Filter Operator="And" Category="Redundant" Property="Location" Condition="Equal" Value="True" Unit="None" UnitClass="None" FieldTitle="" UserDefined="False" Validation="None" />
          <Filter Operator="And" Category="TypeOrInstance" Property="Is Element Type" Condition="Equal" Value="False" Unit="None" UnitClass="None" FieldTitle="" UserDefined="False" Validation="None" />
          <Filter Operator="And" Category="Family" Property="Name" Condition="Contains" Value="Pile" Unit="None" UnitClass="None" FieldTitle="" UserDefined="False" Validation="None" />
        </Check>
      </Section>
    </Section>
  </Heading>
  <Heading HeadingText="STRUCTURAL TRADE---SPECIFIC---WORKSETS" Description="">
    <Section SectionName="WORKSET PLACEMENTS" Title="" IsChecked="True" Description="">
      <Check CheckName="Piles" IsModelCheck="False" Description="" ShowList="False" FailureMessage="Elements Should be on &quot;ST_Enabling&quot; Workset. Use Ideate Software (Explorer) to place elements on the Correct Workset" FailureCondition="ReportElements" CheckType="Custom" IsRequired="False" IsChecked="True" IsInitialized="True">
        <Filter Operator="And" Category="Category" Property="OST_StructuralFoundation" Condition="Included" Value="True" Unit="None" UnitClass="None" FieldTitle="" UserDefined="False" Validation="None" />
        <Filter Operator="And" Category="Family" Property="Name" Condition="Contains" Value="Pile" Unit="None" UnitClass="None" FieldTitle="" UserDefined="False" Validation="None" />
        <Filter Operator="And" Category="Workset" Property="Name" Condition="NotEqual" Value="ST_Enabling" Unit="None" UnitClass="None" FieldTitle="" UserDefined="False" Validation="None" />
        <Filter Operator="And" Category="TypeOrInstance" Property="Is Element Type" Condition="Equal" Value="False" Unit="None" UnitClass="None" FieldTitle="" UserDefined="False" Validation="None" />
      </Check>
      <Check CheckName="Grids" IsModelCheck="False" Description="" ShowList="False" FailureMessage="Grids Should be on &quot;Shared Levels and Grids&quot; Workset. Use Ideate Software (Explorer) to place elements on the Correct Workset" FailureCondition="ReportElements" CheckType="Custom" IsRequired="False" IsChecked="True" IsInitialized="True">
        <Filter Operator="And" Category="Category" Property="OST_Grids" Condition="Included" Value="True" Unit="None" UnitClass="None" FieldTitle="" UserDefined="False" Validation="None" />
        <Filter Operator="And" Category="Workset" Property="Name" Condition="NotEqual" Value="Shared Levels and Grids" Unit="None" UnitClass="None" FieldTitle="" UserDefined="False" Validation="None" />
        <Filter Operator="And" Category="TypeOrInstance" Property="Is Element Type" Condition="Equal" Value="False" Unit="None" UnitClass="None" FieldTitle="" UserDefined="False" Validation="None" />
      </Check>
      <Check CheckName="Levels" IsModelCheck="False" Description="" ShowList="False" FailureMessage="Levels Should be on &quot;Shared Levels and Grids&quot; Workset. Use Ideate Software (Explorer) to place elements on the Correct Workset" FailureCondition="ReportElements" CheckType="Custom" IsRequired="False" IsChecked="True" IsInitialized="True">
        <Filter Operator="And" Category="Category" Property="OST_Levels" Condition="Included" Value="True" Unit="None" UnitClass="None" FieldTitle="" UserDefined="False" Validation="None" />
        <Filter Operator="And" Category="Workset" Property="Name" Condition="NotEqual" Value="Shared Levels and Grids" Unit="None" UnitClass="None" FieldTitle="" UserDefined="False" Validation="None" />
        <Filter Operator="And" Category="TypeOrInstance" Property="Is Element Type" Condition="Equal" Value="False" Unit="None" UnitClass="None" FieldTitle="" UserDefined="False" Validation="None" />
      </Check>
      <Check CheckName="URS Links" IsModelCheck="False" Description="" ShowList="False" FailureMessage="Elements Should be on &quot;ST_Enabling&quot; Workset. Use Ideate Software (Explorer) to place elements on the Correct Workset" FailureCondition="ReportElements" CheckType="Custom" IsRequired="False" IsChecked="True" IsInitialized="True">
        <Filter Operator="And" Category="Category" Property="OST_RvtLinks" Condition="Included" Value="True" Unit="None" UnitClass="None" FieldTitle="" UserDefined="False" Validation="None" />
        <Filter Operator="And" Category="Type" Property="Name" Condition="Contains" Value="_URS" Unit="None" UnitClass="None" FieldTitle="" UserDefined="False" Validation="None" />
        <Filter Operator="And" Category="Workset" Property="Name" Condition="NotEqual" Value="Z_Link_URS" Unit="None" UnitClass="None" FieldTitle="" UserDefined="False" Validation="None" />
        <Filter Operator="And" Category="TypeOrInstance" Property="Is Element Type" Condition="Equal" Value="False" Unit="None" UnitClass="None" FieldTitle="" UserDefined="False" Validation="None" />
      </Check>
    </Section>
    <Section SectionName="Worksets (Only  Worksets &quot;Shared Levels and Grids&quot;,  &quot;ST_Enabling&quot;, &quot;Z_Link_URS&quot; should be placed in the Model)" Title="" IsChecked="False" Description="">
      <Check CheckName="Worksets" IsModelCheck="True" Description="Lists all user worksets for a Revit model or reports '*Not Workshared*' if worksharing is not enabled." ShowList="True" FailureMessage="" FailureCondition="ReportElements" CheckType="Worksets" IsRequired="False" IsChecked="True" IsInitialized="True" />
    </Section>
  </Heading>
  <Heading HeadingText="STRUCTURAL TRADE---SPECIFIC---ASSEMBLY AND KEYNOTE CODES" Description="">
    <Section SectionName="Structural Foundation" Title="" IsChecked="True" Description="">
      <Check CheckName="NOT a Project Standard" IsModelCheck="False" Description="Checks for types if it is not a Project Standard." ShowList="True" FailureMessage="Type does not match Project Standards !" FailureCondition="ReportElements" CheckType="Custom" IsRequired="False" IsChecked="True" IsInitialized="True">
        <Filter Operator="And" Category="Category" Property="OST_StructuralFoundation" Condition="Included" Value="True" Unit="None" UnitClass="None" FieldTitle="" UserDefined="False" Validation="None" />
        <Filter Operator="And" Category="TypeOrInstance" Property="Is Element Type" Condition="Equal" Value="True" Unit="None" UnitClass="None" FieldTitle="" UserDefined="False" Validation="None" />
        <Filter Operator="And" Category="Parameter" Property="ALL_MODEL_FAMILY_NAME" Condition="DoesNotContain" Value="FND_CONC_Floor Pit_Dar" Unit="None" UnitClass="None" FieldTitle="" UserDefined="False" Validation="None" />
        <Filter Operator="And" Category="Parameter" Property="ALL_MODEL_FAMILY_NAME" Condition="DoesNotContain" Value="FND_CONC_Rectangular_Dar" Unit="None" UnitClass="None" FieldTitle="" UserDefined="False" Validation="None" />
        <Filter Operator="And" Category="Parameter" Property="ALL_MODEL_TYPE_NAME" Condition="DoesNotContain" Value="FND_CONC_Slab" Unit="None" UnitClass="None" FieldTitle="" UserDefined="False" Validation="None" />
        <Filter Operator="And" Category="Parameter" Property="ALL_MODEL_FAMILY_NAME" Condition="DoesNotContain" Value="FND_CONC_Pile_Dar" Unit="None" UnitClass="None" FieldTitle="" UserDefined="False" Validation="None" />
        <Filter Operator="Exclude" Category="Category" Property="OST_StructuralFoundation" Condition="Included" Value="True" Unit="None" UnitClass="None" FieldTitle="" UserDefined="False" Validation="None" />
        <Filter Operator="And" Category="Parameter" Property="ALL_MODEL_FAMILY_NAME" Condition="Contains" Value="Wall Foundation" Unit="None" UnitClass="None" FieldTitle="" UserDefined="False" Validation="None" />
      </Check>
      <Check CheckName="FND_CONC_Rectangular_Dar-Assembly" IsModelCheck="False" Description="Checks for types with Empty or Wrong &quot;Assembly Code&quot; values" ShowList="True" FailureMessage="Type has Empty or Wrong &quot;Assembly Code&quot; value ! Modify Assembly Code value to become A1020600" FailureCondition="ReportElements" CheckType="Custom" IsRequired="False" IsChecked="True" IsInitialized="True">
        <Filter Operator="And" Category="Category" Property="OST_StructuralFoundation" Condition="Included" Value="True" Unit="None" UnitClass="None" FieldTitle="" UserDefined="False" Validation="None" />
        <Filter Operator="And" Category="Parameter" Property="ALL_MODEL_TYPE_NAME" Condition="Equal" Value="FND_CONC_Rectangular_Dar" Unit="None" UnitClass="None" FieldTitle="" UserDefined="False" Validation="None" />
        <Filter Operator="And" Category="Parameter" Property="Assembly Code" Condition="NotEqual" Value="A1020600" Unit="None" UnitClass="None" FieldTitle="" UserDefined="False" Validation="None" />
        <Filter Operator="And" Category="TypeOrInstance" Property="Is Element Type" Condition="Equal" Value="True" Unit="None" UnitClass="None" FieldTitle="" UserDefined="False" Validation="None" />
      </Check>
      <Check CheckName="FND_CONC_Rectangular_Dar-Keynote" IsModelCheck="False" Description="" ShowList="True" FailureMessage="Type has Empty or Wrong &quot;Keynote&quot; value ! Modify Keynote value to become 03 30 00" FailureCondition="ReportElements" CheckType="Custom" IsRequired="False" IsChecked="True" IsInitialized="True">
        <Filter Operator="And" Category="Category" Property="OST_StructuralFoundation" Condition="Included" Value="True" Unit="None" UnitClass="None" FieldTitle="" UserDefined="False" Validation="None" />
        <Filter Operator="And" Category="Parameter" Property="ALL_MODEL_FAMILY_NAME" Condition="Contains" Value="FND_CONC_Rectangular_Dar" Unit="None" UnitClass="None" FieldTitle="" UserDefined="False" Validation="None" />
        <Filter Operator="And" Category="Parameter" Property="Keynote" Condition="NotEqual" Value="03 30 00" Unit="None" UnitClass="None" FieldTitle="" UserDefined="False" Validation="None" />
        <Filter Operator="And" Category="TypeOrInstance" Property="Is Element Type" Condition="Equal" Value="True" Unit="None" UnitClass="None" FieldTitle="" UserDefined="False" Validation="None" />
      </Check>
      <Check CheckName="FND_CONC_Floor Pit_Dar-Assembly" IsModelCheck="False" Description="Checks for types with Empty or Wrong &quot;Assembly Code&quot; values" ShowList="True" FailureMessage="Type has Empty or Wrong &quot;Assembly Code&quot; value ! Modify Assembly Code value to become A1030500" FailureCondition="ReportElements" CheckType="Custom" IsRequired="False" IsChecked="True" IsInitialized="True">
        <Filter Operator="And" Category="Category" Property="OST_StructuralFoundation" Condition="Included" Value="True" Unit="None" UnitClass="None" FieldTitle="" UserDefined="False" Validation="None" />
        <Filter Operator="And" Category="Parameter" Property="ALL_MODEL_FAMILY_NAME" Condition="Contains" Value="FND_CONC_Floor Pit_Dar" Unit="None" UnitClass="None" FieldTitle="" UserDefined="False" Validation="None" />
        <Filter Operator="And" Category="Parameter" Property="Assembly Code" Condition="NotEqual" Value="A1030500" Unit="None" UnitClass="None" FieldTitle="" UserDefined="False" Validation="None" />
        <Filter Operator="And" Category="TypeOrInstance" Property="Is Element Type" Condition="Equal" Value="True" Unit="None" UnitClass="None" FieldTitle="" UserDefined="False" Validation="None" />
      </Check>
      <Check CheckName="FND_CONC_Floor Pit_Dar-Keynote" IsModelCheck="False" Description="" ShowList="True" FailureMessage="Type has Empty or Wrong &quot;Keynote&quot; value ! Modify Keynote value to become 03 30 00" FailureCondition="ReportElements" CheckType="Custom" IsRequired="False" IsChecked="True" IsInitialized="True">
        <Filter Operator="And" Category="Category" Property="OST_StructuralFoundation" Condition="Included" Value="True" Unit="None" UnitClass="None" FieldTitle="" UserDefined="False" Validation="None" />
        <Filter Operator="And" Category="Parameter" Property="ALL_MODEL_FAMILY_NAME" Condition="Contains" Value="FND_CONC_Floor Pit_Dar" Unit="None" UnitClass="None" FieldTitle="" UserDefined="False" Validation="None" />
        <Filter Operator="And" Category="Parameter" Property="Keynote" Condition="NotEqual" Value="03 30 00" Unit="None" UnitClass="None" FieldTitle="" UserDefined="False" Validation="None" />
        <Filter Operator="And" Category="TypeOrInstance" Property="Is Element Type" Condition="Equal" Value="True" Unit="None" UnitClass="None" FieldTitle="" UserDefined="False" Validation="None" />
      </Check>
      <Check CheckName="FND_CONC_Slab-Assembly" IsModelCheck="False" Description="Checks for types with Empty or Wrong &quot;Assembly Code&quot; values" ShowList="True" FailureMessage="Type has Empty or Wrong &quot;Assembly Code&quot; value ! Modify Assembly Code value to become A1020600" FailureCondition="ReportElements" CheckType="Custom" IsRequired="False" IsChecked="True" IsInitialized="True">
        <Filter Operator="And" Category="Category" Property="OST_StructuralFoundation" Condition="Included" Value="True" Unit="None" UnitClass="None" FieldTitle="" UserDefined="False" Validation="None" />
        <Filter Operator="And" Category="Parameter" Property="ALL_MODEL_TYPE_NAME" Condition="Contains" Value="FND_CONC_Slab" Unit="None" UnitClass="None" FieldTitle="" UserDefined="False" Validation="None" />
        <Filter Operator="And" Category="Parameter" Property="Assembly Code" Condition="NotEqual" Value="A1020600" Unit="None" UnitClass="None" FieldTitle="" UserDefined="False" Validation="None" />
        <Filter Operator="And" Category="TypeOrInstance" Property="Is Element Type" Condition="Equal" Value="True" Unit="None" UnitClass="None" FieldTitle="" UserDefined="False" Validation="None" />
      </Check>
      <Check CheckName="FND_CONC_Slab-Keynote" IsModelCheck="False" Description="" ShowList="False" FailureMessage="Type has Empty or Wrong &quot;Keynote&quot; value ! Modify Keynote value to become 03 30 00" FailureCondition="ReportElements" CheckType="Custom" IsRequired="False" IsChecked="True" IsInitialized="True">
        <Filter Operator="And" Category="Category" Property="OST_StructuralFoundation" Condition="Included" Value="True" Unit="None" UnitClass="None" FieldTitle="" UserDefined="False" Validation="None" />
        <Filter Operator="And" Category="Parameter" Property="ALL_MODEL_TYPE_NAME" Condition="Contains" Value="FND_CONC_Slab" Unit="None" UnitClass="None" FieldTitle="" UserDefined="False" Validation="None" />
        <Filter Operator="And" Category="Parameter" Property="Keynote" Condition="NotEqual" Value="03 30 00" Unit="None" UnitClass="None" FieldTitle="" UserDefined="False" Validation="None" />
        <Filter Operator="And" Category="TypeOrInstance" Property="Is Element Type" Condition="Equal" Value="True" Unit="None" UnitClass="None" FieldTitle="" UserDefined="False" Validation="None" />
      </Check>
      <Check CheckName="FND_CONC_Pile_Dar-Assembly" IsModelCheck="False" Description="Checks for types with Empty or Wrong &quot;Assembly Code&quot; values" ShowList="False" FailureMessage="Type has Empty or Wrong &quot;Assembly Code&quot; value ! Modify Assembly Code value to become A1020110" FailureCondition="ReportElements" CheckType="Custom" IsRequired="False" IsChecked="True" IsInitialized="True">
        <Filter Operator="And" Category="Category" Property="OST_StructuralFoundation" Condition="Included" Value="True" Unit="None" UnitClass="None" FieldTitle="" UserDefined="False" Validation="None" />
        <Filter Operator="And" Category="Parameter" Property="ALL_MODEL_FAMILY_NAME" Condition="Contains" Value="FND_CONC_Pile_Dar" Unit="None" UnitClass="None" FieldTitle="" UserDefined="False" Validation="None" />
        <Filter Operator="And" Category="Parameter" Property="Assembly Code" Condition="NotEqual" Value="A1020110" Unit="None" UnitClass="None" FieldTitle="" UserDefined="False" Validation="None" />
        <Filter Operator="And" Category="TypeOrInstance" Property="Is Element Type" Condition="Equal" Value="True" Unit="None" UnitClass="None" FieldTitle="" UserDefined="False" Validation="None" />
      </Check>
      <Check CheckName="FND_CONC_Pile_Dar-keynote" IsModelCheck="False" Description="" ShowList="False" FailureMessage="Type has Empty or Wrong &quot;Keynote&quot; value ! Modify Keynote value to become 03 30 00" FailureCondition="ReportElements" CheckType="Custom" IsRequired="False" IsChecked="True" IsInitialized="True">
        <Filter Operator="And" Category="Category" Property="OST_StructuralFoundation" Condition="Included" Value="True" Unit="None" UnitClass="None" FieldTitle="" UserDefined="False" Validation="None" />
        <Filter Operator="And" Category="Parameter" Property="ALL_MODEL_FAMILY_NAME" Condition="Contains" Value="FND_CONC_Pile_Dar" Unit="None" UnitClass="None" FieldTitle="" UserDefined="False" Validation="None" />
        <Filter Operator="And" Category="Parameter" Property="Keynote" Condition="NotEqual" Value="03 30 00" Unit="None" UnitClass="None" FieldTitle="" UserDefined="False" Validation="None" />
        <Filter Operator="And" Category="TypeOrInstance" Property="Is Element Type" Condition="Equal" Value="True" Unit="None" UnitClass="None" FieldTitle="" UserDefined="False" Validation="None" />
      </Check>
    </Section>
  </Heading>
  <Heading HeadingText="STRUCTURAL TRADE---SPECIFIC---iLOD" Description="">
    <Section SectionName="Pile &quot;Depth&quot; is NOT Greater than 22000mm" Title="" IsChecked="True" Description="">
      <Check CheckName="&quot;Depth&quot; Parameter is Defined" IsModelCheck="False" Description="" ShowList="True" FailureMessage="&quot;Depth&quot; Paremeter is not Defined" FailureCondition="ReportElements" CheckType="Custom" IsRequired="False" IsChecked="True" IsInitialized="True">
        <Filter Operator="And" Category="Category" Property="OST_StructuralFoundation" Condition="Included" Value="True" Unit="None" UnitClass="None" FieldTitle="" UserDefined="False" Validation="None" />
        <Filter Operator="And" Category="TypeOrInstance" Property="Is Element Type" Condition="Equal" Value="False" Unit="None" UnitClass="None" FieldTitle="" UserDefined="False" Validation="None" />
        <Filter Operator="And" Category="Parameter" Property="Depth" Condition="Defined" Value="False" Unit="None" UnitClass="None" FieldTitle="" UserDefined="False" Validation="None" />
      </Check>
      <Check CheckName="Pile &quot;Depth&quot; is NOT Greater than 22000mm" IsModelCheck="False" Description="" ShowList="True" FailureMessage="Pile &quot;Depth&quot; is Greater than 22000mm" FailureCondition="ReportElements" CheckType="Custom" IsRequired="False" IsChecked="True" IsInitialized="True">
        <Filter Operator="And" Category="Category" Property="OST_StructuralFoundation" Condition="Included" Value="True" Unit="None" UnitClass="None" FieldTitle="" UserDefined="False" Validation="None" />
        <Filter Operator="And" Category="TypeOrInstance" Property="Is Element Type" Condition="Equal" Value="False" Unit="None" UnitClass="None" FieldTitle="" UserDefined="False" Validation="None" />
        <Filter Operator="And" Category="Parameter" Property="Depth" Condition="GreaterThan" Value="72.1784776902887" Unit="Millimeters" UnitClass="Length" FieldTitle="" UserDefined="False" Validation="None" />
      </Check>
    </Section>
    <Section SectionName="Pile &quot;Diameter&quot; is NOT Greater than 1200mm" Title="" IsChecked="True" Description="">
      <Check CheckName="&quot;Diameter&quot; Parameter is Defined" IsModelCheck="False" Description="" ShowList="True" FailureMessage="&quot;Diameter&quot; Paremeter is NOT Defined" FailureCondition="ReportElements" CheckType="Custom" IsRequired="False" IsChecked="True" IsInitialized="True">
        <Filter Operator="And" Category="Category" Property="OST_StructuralFoundation" Condition="Included" Value="True" Unit="None" UnitClass="None" FieldTitle="" UserDefined="False" Validation="None" />
        <Filter Operator="And" Category="TypeOrInstance" Property="Is Element Type" Condition="Equal" Value="False" Unit="None" UnitClass="None" FieldTitle="" UserDefined="False" Validation="None" />
        <Filter Operator="And" Category="Parameter" Property="Diameter" Condition="Defined" Value="False" Unit="None" UnitClass="None" FieldTitle="" UserDefined="False" Validation="None" />
      </Check>
      <Check CheckName="Pile &quot;Diameter&quot; is NOT Greater than 1200mm" IsModelCheck="False" Description="" ShowList="True" FailureMessage="Pile &quot;Diameter&quot; is Greater than 1200mm" FailureCondition="ReportElements" CheckType="Custom" IsRequired="False" IsChecked="True" IsInitialized="True">
        <Filter Operator="And" Category="Category" Property="OST_StructuralFoundation" Condition="Included" Value="True" Unit="None" UnitClass="None" FieldTitle="" UserDefined="False" Validation="None" />
        <Filter Operator="And" Category="TypeOrInstance" Property="Is Element Type" Condition="Equal" Value="False" Unit="None" UnitClass="None" FieldTitle="" UserDefined="False" Validation="None" />
        <Filter Operator="And" Category="Parameter" Property="Diameter" Condition="GreaterThan" Value="3.93700787401575" Unit="Millimeters" UnitClass="Length" FieldTitle="" UserDefined="False" Validation="None" />
      </Check>
    </Section>
    <Section SectionName="&quot;Reinforcement Steel Strenght&quot; is Filled" Title="" IsChecked="True" Description="">
      <Check CheckName="&quot;Reinforcement Steel Strenght&quot; Parameter has Value" IsModelCheck="False" Description="" ShowList="True" FailureMessage="&quot;Reinforcement Steel Strenght&quot; Parameter has NO Value" FailureCondition="ReportElements" CheckType="Custom" IsRequired="False" IsChecked="True" IsInitialized="True">
        <Filter Operator="And" Category="Category" Property="OST_StructuralFoundation" Condition="Included" Value="True" Unit="None" UnitClass="None" FieldTitle="" UserDefined="False" Validation="None" />
        <Filter Operator="And" Category="TypeOrInstance" Property="Is Element Type" Condition="Equal" Value="False" Unit="None" UnitClass="None" FieldTitle="" UserDefined="False" Validation="None" />
        <Filter Operator="And" Category="Parameter" Property="Reinforcement Steel strength" Condition="HasValue" Value="False" Unit="None" UnitClass="None" FieldTitle="" UserDefined="False" Validation="None" />
      </Check>
    </Section>
    <Section SectionName="&quot;STR Material&quot; Parameter has Value" Title="" IsChecked="True" Description="">
      <Check CheckName="&quot;STR Material&quot; Parameter has Value" IsModelCheck="False" Description="" ShowList="True" FailureMessage="&quot;Reinforcement Steel Strenght&quot; Parameter has NO Value" FailureCondition="ReportElements" CheckType="Custom" IsRequired="False" IsChecked="True" IsInitialized="True">
        <Filter Operator="And" Category="Category" Property="OST_StructuralFoundation" Condition="Included" Value="True" Unit="None" UnitClass="None" FieldTitle="" UserDefined="False" Validation="None" />
        <Filter Operator="And" Category="TypeOrInstance" Property="Is Element Type" Condition="Equal" Value="False" Unit="None" UnitClass="None" FieldTitle="" UserDefined="False" Validation="None" />
        <Filter Operator="And" Category="Parameter" Property="STR Material" Condition="HasValue" Value="False" Unit="None" UnitClass="None" FieldTitle="" UserDefined="False" Validation="None" />
      </Check>
    </Section>
    <Section SectionName="&quot;Level&quot; Parameter should NOT be on FFL" Title="" IsChecked="True" Description="">
      <Check CheckName="&quot;Level&quot; Parameter should NOT be on FFL" IsModelCheck="False" Description="" ShowList="True" FailureMessage="Piles &quot;Level&quot; Parameter should NOT be on FFL" FailureCondition="ReportElements" CheckType="Custom" IsRequired="False" IsChecked="True" IsInitialized="True">
        <Filter Operator="And" Category="Category" Property="OST_StructuralFoundation" Condition="Included" Value="True" Unit="None" UnitClass="None" FieldTitle="" UserDefined="False" Validation="None" />
        <Filter Operator="And" Category="TypeOrInstance" Property="Is Element Type" Condition="Equal" Value="False" Unit="None" UnitClass="None" FieldTitle="" UserDefined="False" Validation="None" />
        <Filter Operator="And" Category="Parameter" Property="FAMILY_LEVEL_PARAM" Condition="Contains" Value="FFL" Unit="None" UnitClass="None" FieldTitle="" UserDefined="False" Validation="None" />
      </Check>
    </Section>
  </Heading>
</MCSettings>