﻿<?xml version="1.0" encoding="UTF-8" standalone="yes"?>
<MCSettings AllowRequired="False" Name="MODEL GENERAL CHECKS" Author="" Description="" Image="http://www.biminteroperabilitytools.com/modelchecker/downloads/TN-100.png" LastModified="132376515491687113">
  <Heading ID="4fdcb673-e889-4a2f-bbfb-06208868c5cd" HeadingText="MODEL INTEGRITY CHECKS" Description="" IsChecked="True" />
  <Heading ID="414ca4cb-589e-40cd-bc70-708e1fc6c226" HeadingText="GENERAL---FILE CHARACTERISTICS" Description="While not required, this collection of checks are based on Revit best practices." IsChecked="True">
    <Section ID="3ecb0614-6076-4101-8da5-e86080356a4e" SectionName="FILE CHARACTERISTICS" Title="" IsChecked="True" Description="">
      <Check ID="36f215ee-4810-4830-b897-5d6a0a988cd5" CheckName="File Size Should Not Exceed 200mb" Description="Reports the file size of a Revit model in MB (megabytes)." FailureMessage="File size should not exceed 200mb" ResultCondition="CountAndList" CheckType="FileSize" IsRequired="False" IsChecked="True" />
      <Check ID="0ec4e345-c8e5-4daf-9af9-8ae791ebd601" CheckName="Project Information" Description="Lists all parameters and values attached to Project Information for a project except those associated with Revit Extensions (starting with 'Extensions')." FailureMessage="Check if project Information is filled" ResultCondition="CountAndList" CheckType="ProjectInformation" IsRequired="False" IsChecked="True" />
      <Check ID="94e8be12-38d8-465d-8be6-4de928ffacb6" CheckName="Unused Elements" Description="Reports the number of elements that can be purged from a Revit model." FailureMessage="Check if project Information is filled" ResultCondition="CountOnly" CheckType="UnusedElements" IsRequired="False" IsChecked="True" />
      <Check ID="77a6b25e-1f9f-46ae-8fe7-0404f3de2bdb" CheckName="Warnings" Description="Reports all warnings in a Revit model." FailureMessage="Check if project Information is filled" ResultCondition="CountOnly" CheckType="WarningCount" IsRequired="False" IsChecked="True">
        <PrebuiltOptions ShowList="False" />
      </Check>
    </Section>
  </Heading>
  <Heading ID="f13827d5-f53a-4b6c-8803-0ab707cd2815" HeadingText="GENERAL---LINKS INFORMATION " Description="" IsChecked="True">
    <Section ID="208b7597-6966-4891-a53a-523436a9ce61" SectionName="LINKS" Title="" IsChecked="True" Description="">
      <Section ID="61c540fc-b538-45e6-aa2a-b8c4f34fdb59" SectionName="URS File is Linked" Title="" IsChecked="True" Description="">
        <Check ID="676958b6-402a-4e50-9319-85e862c4c3e7" CheckName="URS is linked" Description="URS Files are linked" FailureMessage="URS File is NOT Linked" ResultCondition="FailNoElements" CheckType="Custom" IsRequired="False" IsChecked="True">
          <Filter ID="4fa36e10-33d4-4152-9975-dda9bdfcc8be" Operator="And" Category="Category" Property="OST_RvtLinks" Condition="Included" Value="True" CaseInsensitive="False" Unit="None" UnitClass="None" FieldTitle="" UserDefined="False" Validation="None" />
          <Filter ID="909210f2-3c36-47f7-aa78-7aaa4ba6f84b" Operator="And" Category="Type" Property="Name" Condition="Contains" Value="-URS-" CaseInsensitive="False" Unit="None" UnitClass="None" FieldTitle="" UserDefined="False" Validation="None" />
          <Filter ID="30992b37-d354-4df3-af01-061dcaa95513" Operator="And" Category="TypeOrInstance" Property="Is Element Type" Condition="Equal" Value="True" CaseInsensitive="False" Unit="None" UnitClass="None" FieldTitle="" UserDefined="False" Validation="None" />
        </Check>
      </Section>
      <Section ID="22eb8bfb-d2bf-4076-9095-40f251292749" SectionName="CAD/Import Links are Removed" Title="" IsChecked="True" Description="">
        <Check ID="79e98041-4b56-4c80-98c1-e66ca2304868" CheckName="CAD Links/Import" Description="Check if CAD Links/Imports are still needed" FailureMessage="Model Contains Unnneded CAD Links/Imports" ResultCondition="FailMatchingElements" CheckType="Custom" IsRequired="False" IsChecked="True">
          <Filter ID="5b844410-1ab4-47e9-ae0b-b9d639d48aca" Operator="And" Category="Family" Property="Name" Condition="Contains" Value="Import Symbol" CaseInsensitive="False" Unit="None" UnitClass="None" FieldTitle="" UserDefined="False" Validation="None" />
          <Filter ID="cffe9788-ad1e-4158-8b94-60b374c0244a" Operator="And" Category="Parameter" Property="ELEM_TYPE_PARAM" Condition="Contains" Value=".dwg" CaseInsensitive="False" Unit="None" UnitClass="None" FieldTitle="" UserDefined="False" Validation="None" />
          <Filter ID="9dabb080-5eed-45bc-9e84-ebd385f4ca8a" Operator="And" Category="TypeOrInstance" Property="Is Element Type" Condition="Equal" Value="False" CaseInsensitive="False" Unit="None" UnitClass="None" FieldTitle="" UserDefined="False" Validation="None" />
        </Check>
      </Section>
      <Section ID="150ec583-887d-4b71-9f99-20e0468f09fa" SectionName="Revit Links are of Type &quot;Overlay&quot;" Title="" IsChecked="True" Description="">
        <Check ID="ad264499-9330-4676-b204-b5ec807e63b9" CheckName="Revit Links are e of Type &quot;Overlay&quot;" Description="Check if REVIT Links are of Type &quot;Overlay&quot;" FailureMessage="Revit Link should be of Type &quot;Overlay&quot;" ResultCondition="FailMatchingElements" CheckType="Custom" IsRequired="False" IsChecked="True">
          <Filter ID="c21043d7-f44e-4153-9b79-970cd496a077" Operator="And" Category="Category" Property="OST_RvtLinks" Condition="Included" Value="True" CaseInsensitive="False" Unit="None" UnitClass="None" FieldTitle="" UserDefined="False" Validation="None" />
          <Filter ID="d7858f8e-4e96-42e5-a807-b756f085eee4" Operator="And" Category="TypeOrInstance" Property="Is Element Type" Condition="Equal" Value="True" CaseInsensitive="False" Unit="None" UnitClass="None" FieldTitle="" UserDefined="False" Validation="None" />
          <Filter ID="ad8247f4-0f64-472d-b3a7-1d54067f3204" Operator="And" Category="Parameter" Property="RVT_LINK_REFERENCE_TYPE" Condition="Equal" Value="3" CaseInsensitive="False" Unit="None" UnitClass="None" FieldTitle="" UserDefined="False" Validation="None" />
        </Check>
      </Section>
      <Section ID="8cb2582d-76a5-4cec-89a5-8c72669c06d3" SectionName="Revit Links are &quot;Room Bounding&quot;" Title="" IsChecked="True" Description="">
        <Check ID="3132e902-2ac4-4f35-a679-d209726423d2" CheckName="Revit Links_Room Bounding" Description="Check if REVIT Links are Room Bounidng" FailureMessage="Revit Link is not &quot;Room Bounding&quot;" ResultCondition="FailMatchingElements" CheckType="Custom" IsRequired="False" IsChecked="False">
          <Filter ID="60663362-baef-42ca-b2be-b19285bb5a3f" Operator="And" Category="Category" Property="OST_RvtLinks" Condition="Included" Value="True" CaseInsensitive="False" Unit="None" UnitClass="None" FieldTitle="" UserDefined="False" Validation="None" />
          <Filter ID="f4c929f4-b947-4cf5-86f2-2dc81ebf0216" Operator="And" Category="Parameter" Property="WALL_ATTR_ROOM_BOUNDING" Condition="Equal" Value="0" CaseInsensitive="False" Unit="None" UnitClass="None" FieldTitle="" UserDefined="False" Validation="None" />
          <Filter ID="b6cfae4b-1b18-4cbc-910d-6b740e180f4f" Operator="And" Category="TypeOrInstance" Property="Is Element Type" Condition="Equal" Value="True" CaseInsensitive="False" Unit="None" UnitClass="None" FieldTitle="" UserDefined="False" Validation="None" />
          <Filter ID="dbddb67d-15e6-4e73-84c5-59ea913ac6e3" Operator="And" Category="Type" Property="Name" Condition="Contains" Value="_AR_" CaseInsensitive="False" Unit="None" UnitClass="None" FieldTitle="" UserDefined="False" Validation="None" />
        </Check>
      </Section>
      <Section ID="5f4a8141-8361-46b0-9761-5e7fe98c3b61" SectionName="Trades Revit Files are Linked" Title="" IsChecked="True" Description="">
        <Check ID="f143798e-4793-41c4-9eaf-829123ea497a" CheckName="Trades Revit Files are Linked" Description="Check if REVIT Links are still needed" FailureMessage="Trades Revit Files are Linked" ResultCondition="CountAndList" CheckType="Custom" IsRequired="False" IsChecked="True">
          <Filter ID="4723e40c-d1ad-4cf5-9a29-24ee22cd0297" Operator="And" Category="Category" Property="OST_RvtLinks" Condition="Included" Value="True" CaseInsensitive="False" Unit="None" UnitClass="None" FieldTitle="" UserDefined="False" Validation="None" />
          <Filter ID="9c05a930-4efd-4382-b1fa-703e1af68acb" Operator="And" Category="TypeOrInstance" Property="Is Element Type" Condition="Equal" Value="False" CaseInsensitive="False" Unit="None" UnitClass="None" FieldTitle="" UserDefined="False" Validation="None" />
        </Check>
      </Section>
      <Section ID="64cc8b00-1052-4eb3-92a5-38328cb30947" SectionName="Revit Links are Pinned" Title="" IsChecked="True" Description="">
        <Check ID="ec8fc8f3-72be-4c16-a586-addb9cd11f33" CheckName="Revit Links " Description="Check if REVIT Links are still needed" FailureMessage="Trades Revit Files are pinned" ResultCondition="FailMatchingElements" CheckType="Custom" IsRequired="False" IsChecked="True">
          <Filter ID="58e3d656-fe5d-4c4d-aeb9-66d6e4e903fe" Operator="And" Category="Category" Property="OST_RvtLinks" Condition="Included" Value="True" CaseInsensitive="False" Unit="None" UnitClass="None" FieldTitle="" UserDefined="False" Validation="None" />
          <Filter ID="7f0e310f-ba1d-43dc-8fe1-c442440e527f" Operator="And" Category="TypeOrInstance" Property="Is Element Type" Condition="Equal" Value="False" CaseInsensitive="False" Unit="None" UnitClass="None" FieldTitle="" UserDefined="False" Validation="None" />
          <Filter ID="01d77399-24b3-4cf4-9cff-0ec3db554f1f" Operator="And" Category="Parameter" Property="Pinned" Condition="Equal" Value="False" CaseInsensitive="False" Unit="None" UnitClass="None" FieldTitle="" UserDefined="False" Validation="None" />
        </Check>
      </Section>
    </Section>
  </Heading>
  <Heading ID="cf33b79a-4f4e-473d-9ffa-c3b77c58098e" HeadingText="GENERAL---MODELING PRACTICES" Description="" IsChecked="True">
    <Section ID="c786da6a-92b2-4b9f-a05f-d54382cd69c7" SectionName="MODELING PRACTICES" Title="" IsChecked="False" Description="">
      <Section ID="089f6562-3de7-48e2-b1eb-5afb7940db53" SectionName="Model Lines" Title="" IsChecked="True" Description="">
        <Check ID="4ca98d31-c3c3-404b-add3-14b97939010a" CheckName="Model Lines Should not be Used in the Model" Description="Checks for Model Lines in the model and linked models." FailureMessage="There are used in the Model Lines in the model" ResultCondition="FailMatchingElements" CheckType="Custom" IsRequired="False" IsChecked="True">
          <Filter ID="69ad9658-48d3-4d35-90aa-4facaf4fc222" Operator="And" Category="Category" Property="OST_Lines" Condition="Included" Value="True" CaseInsensitive="False" Unit="None" UnitClass="None" FieldTitle="" UserDefined="False" Validation="None" />
          <Filter ID="3e393fb4-4e6e-4e63-b4cb-7d8d12c82af7" Operator="And" Category="Parameter" Property="CURVE_IS_DETAIL" Condition="Equal" Value="0" CaseInsensitive="False" Unit="None" UnitClass="None" FieldTitle="" UserDefined="False" Validation="None" />
        </Check>
      </Section>
      <Section ID="15bcc445-81c3-4dd6-8165-7a2e9d87269c" SectionName="Generic Model" Title="" IsChecked="True" Description="">
        <Check ID="d183a1d7-b5d5-4284-adb2-dd8f30018e15" CheckName="Generic Model Should not be Used in the Model" Description="Checks for generic model families in the model and linked models." FailureMessage="There are generic model families in the model" ResultCondition="FailMatchingElements" CheckType="Custom" IsRequired="False" IsChecked="True">
          <Filter ID="3874c8f6-e02d-4037-b842-288d004ec693" Operator="And" Category="Category" Property="OST_GenericModel" Condition="Included" Value="True" CaseInsensitive="False" Unit="None" UnitClass="None" FieldTitle="" UserDefined="False" Validation="None" />
          <Filter ID="53932150-ef4d-4791-9ee5-420921eb52d2" Operator="And" Category="TypeOrInstance" Property="Is Element Type" Condition="Equal" Value="True" CaseInsensitive="False" Unit="None" UnitClass="None" FieldTitle="" UserDefined="False" Validation="None" />
          <Filter ID="fcbc32d6-5252-4375-bd60-e692bc87b88d" Operator="Exclude" Category="Category" Property="OST_GenericModel" Condition="Included" Value="True" CaseInsensitive="False" Unit="None" UnitClass="None" FieldTitle="" UserDefined="False" Validation="None" />
          <Filter ID="2ec32852-3642-427e-8737-616d99b956d3" Operator="And" Category="Parameter" Property="ALL_MODEL_FAMILY_NAME" Condition="Contains" Value="GNR MODL_3D_Escalator" CaseInsensitive="False" Unit="None" UnitClass="None" FieldTitle="" UserDefined="False" Validation="None" />
          <Filter ID="76118ff3-94ae-4f94-bfba-7a275210b1a4" Operator="Exclude" Category="Category" Property="OST_GenericModel" Condition="Included" Value="True" CaseInsensitive="False" Unit="None" UnitClass="None" FieldTitle="" UserDefined="False" Validation="None" />
          <Filter ID="8f73576e-e35e-49f2-840b-491a7ff6ba45" Operator="And" Category="Parameter" Property="ALL_MODEL_FAMILY_NAME" Condition="Contains" Value="GNR MODL_3D_Travelator" CaseInsensitive="False" Unit="None" UnitClass="None" FieldTitle="" UserDefined="False" Validation="None" />
          <Filter ID="f4d9e34e-743e-48a2-b761-744baa024415" Operator="Exclude" Category="Category" Property="OST_GenericModel" Condition="Included" Value="True" CaseInsensitive="False" Unit="None" UnitClass="None" FieldTitle="" UserDefined="False" Validation="None" />
          <Filter ID="d02e2f05-60a5-456b-a519-ccc4cd095868" Operator="And" Category="Parameter" Property="ALL_MODEL_TYPE_NAME" Condition="Contains" Value="600mm" CaseInsensitive="False" Unit="None" UnitClass="None" FieldTitle="" UserDefined="False" Validation="None" />
          <Filter ID="3557fbcc-2d1a-45fd-b8ee-1319d5ed91e6" Operator="Exclude" Category="Category" Property="OST_GenericModel" Condition="Included" Value="True" CaseInsensitive="False" Unit="None" UnitClass="None" FieldTitle="" UserDefined="False" Validation="None" />
          <Filter ID="37aedab6-159f-4b0d-9bf9-a0bdfc13392a" Operator="And" Category="Parameter" Property="ALL_MODEL_FAMILY_NAME" Condition="Contains" Value="GNR MODL_3D_1 Sink" CaseInsensitive="False" Unit="None" UnitClass="None" FieldTitle="" UserDefined="False" Validation="None" />
          <Filter ID="3b5e7959-ba15-49f4-8947-5be12b808578" Operator="Exclude" Category="Category" Property="OST_GenericModel" Condition="Included" Value="True" CaseInsensitive="False" Unit="None" UnitClass="None" FieldTitle="" UserDefined="False" Validation="None" />
          <Filter ID="6a1017bb-b135-47ca-b492-247f2418eab4" Operator="And" Category="Parameter" Property="ALL_MODEL_FAMILY_NAME" Condition="Contains" Value="GNR MODL_3D_2 Sinks" CaseInsensitive="False" Unit="None" UnitClass="None" FieldTitle="" UserDefined="False" Validation="None" />
          <Filter ID="94b5286c-5b36-4b5a-aa89-936735a56a3c" Operator="Exclude" Category="Category" Property="OST_GenericModel" Condition="Included" Value="True" CaseInsensitive="False" Unit="None" UnitClass="None" FieldTitle="" UserDefined="False" Validation="None" />
          <Filter ID="21eb54e4-f22e-4739-959d-bd6569a9ae51" Operator="And" Category="Parameter" Property="ALL_MODEL_FAMILY_NAME" Condition="Contains" Value="GNR MODL_3D_3 Sinks" CaseInsensitive="False" Unit="None" UnitClass="None" FieldTitle="" UserDefined="False" Validation="None" />
          <Filter ID="b56d8398-c7ff-4306-96a9-bc112e2c32f1" Operator="Exclude" Category="Category" Property="OST_GenericModel" Condition="Included" Value="True" CaseInsensitive="False" Unit="None" UnitClass="None" FieldTitle="" UserDefined="False" Validation="None" />
          <Filter ID="8dbe1c3b-bed6-49b7-b7d2-cb69f1df3d0f" Operator="And" Category="Parameter" Property="ALL_MODEL_FAMILY_NAME" Condition="Contains" Value="GNR MODL_3D_Ablution Room" CaseInsensitive="False" Unit="None" UnitClass="None" FieldTitle="" UserDefined="False" Validation="None" />
          <Filter ID="78238f4f-b28f-4ded-979e-cb77167fe67b" Operator="Exclude" Category="Category" Property="OST_GenericModel" Condition="Included" Value="True" CaseInsensitive="False" Unit="None" UnitClass="None" FieldTitle="" UserDefined="False" Validation="None" />
          <Filter ID="53e0a02d-278a-4e14-af71-4515cbbfd515" Operator="And" Category="Parameter" Property="ALL_MODEL_FAMILY_NAME" Condition="Contains" Value="GNR MODL_3D_Family Room" CaseInsensitive="False" Unit="None" UnitClass="None" FieldTitle="" UserDefined="False" Validation="None" />
          <Filter ID="87b9308d-2f23-4fde-b642-6ec3a2eb668c" Operator="Exclude" Category="Category" Property="OST_GenericModel" Condition="Included" Value="True" CaseInsensitive="False" Unit="None" UnitClass="None" FieldTitle="" UserDefined="False" Validation="None" />
          <Filter ID="a9505a4a-59d0-4952-8f36-c7377c633d2c" Operator="And" Category="Parameter" Property="ALL_MODEL_FAMILY_NAME" Condition="Contains" Value="GNR MODL_3D_Low Level Basin" CaseInsensitive="False" Unit="None" UnitClass="None" FieldTitle="" UserDefined="False" Validation="None" />
          <Filter ID="63fb620c-13ec-4194-98b9-104c251afe95" Operator="Exclude" Category="Category" Property="OST_GenericModel" Condition="Included" Value="True" CaseInsensitive="False" Unit="None" UnitClass="None" FieldTitle="" UserDefined="False" Validation="None" />
          <Filter ID="ac6e8c00-3b61-4fd1-abbc-2b521463a9dc" Operator="And" Category="Parameter" Property="ALL_MODEL_FAMILY_NAME" Condition="Contains" Value="GNR MODL_3D_Nursery Room" CaseInsensitive="False" Unit="None" UnitClass="None" FieldTitle="" UserDefined="False" Validation="None" />
          <Filter ID="1c4417ef-390b-40dd-b666-c18dabadf7ff" Operator="Exclude" Category="Category" Property="OST_GenericModel" Condition="Included" Value="True" CaseInsensitive="False" Unit="None" UnitClass="None" FieldTitle="" UserDefined="False" Validation="None" />
          <Filter ID="7d8651e1-31ff-408b-99ae-9a88e8ca9c41" Operator="And" Category="Parameter" Property="ALL_MODEL_FAMILY_NAME" Condition="Contains" Value="GNR MODL_3D_Nursery Sink Wash Station" CaseInsensitive="False" Unit="None" UnitClass="None" FieldTitle="" UserDefined="False" Validation="None" />
          <Filter ID="a88a8971-0187-48c3-8038-36a037fafbee" Operator="Exclude" Category="Category" Property="OST_GenericModel" Condition="Included" Value="True" CaseInsensitive="False" Unit="None" UnitClass="None" FieldTitle="" UserDefined="False" Validation="None" />
          <Filter ID="1b870b5d-f1a7-4ba6-aeca-7e8fc13e000d" Operator="And" Category="Parameter" Property="ALL_MODEL_FAMILY_NAME" Condition="Contains" Value="GNR MODL_3D_PRM Toilet" CaseInsensitive="False" Unit="None" UnitClass="None" FieldTitle="" UserDefined="False" Validation="None" />
          <Filter ID="440d3122-6bb4-4e2a-b406-a5fcdfef03a2" Operator="Exclude" Category="Category" Property="OST_GenericModel" Condition="Included" Value="True" CaseInsensitive="False" Unit="None" UnitClass="None" FieldTitle="" UserDefined="False" Validation="None" />
          <Filter ID="b1d431b2-f4c1-4485-aa8b-b853ab70d219" Operator="And" Category="Parameter" Property="ALL_MODEL_FAMILY_NAME" Condition="Contains" Value="GNR MODL_3D_Sink_Wash_Station" CaseInsensitive="False" Unit="None" UnitClass="None" FieldTitle="" UserDefined="False" Validation="None" />
          <Filter ID="5379a77d-2061-4953-87a5-582cf89c1af2" Operator="Exclude" Category="Category" Property="OST_GenericModel" Condition="Included" Value="True" CaseInsensitive="False" Unit="None" UnitClass="None" FieldTitle="" UserDefined="False" Validation="None" />
          <Filter ID="bc86e6a4-c1ae-431c-9d02-a34373e7e5b8" Operator="And" Category="Parameter" Property="ALL_MODEL_FAMILY_NAME" Condition="Contains" Value="GNR MODL_3D_WC_Ambulatory Toilet" CaseInsensitive="False" Unit="None" UnitClass="None" FieldTitle="" UserDefined="False" Validation="None" />
          <Filter ID="71f3ce1f-d74f-4ee7-9539-d308ce1f0e22" Operator="Exclude" Category="Category" Property="OST_GenericModel" Condition="Included" Value="True" CaseInsensitive="False" Unit="None" UnitClass="None" FieldTitle="" UserDefined="False" Validation="None" />
          <Filter ID="c6d68583-9e43-49b2-ad92-d065296cd12d" Operator="And" Category="Parameter" Property="ALL_MODEL_FAMILY_NAME" Condition="Contains" Value="GNR MODL_3D_WC_Asian Toilet" CaseInsensitive="False" Unit="None" UnitClass="None" FieldTitle="" UserDefined="False" Validation="None" />
          <Filter ID="b1ce60de-2c50-4e44-97f7-b2376a61cdbe" Operator="Exclude" Category="Category" Property="OST_GenericModel" Condition="Included" Value="True" CaseInsensitive="False" Unit="None" UnitClass="None" FieldTitle="" UserDefined="False" Validation="None" />
          <Filter ID="9752fe95-53b1-46b6-8299-31e1942f7866" Operator="And" Category="Parameter" Property="ALL_MODEL_FAMILY_NAME" Condition="Contains" Value="GNR MODL_3D_Western_WC_Toilet" CaseInsensitive="False" Unit="None" UnitClass="None" FieldTitle="" UserDefined="False" Validation="None" />
          <Filter ID="128f3e03-a5b3-4f0b-a9df-320cd6ab9a35" Operator="Exclude" Category="Category" Property="OST_GenericModel" Condition="Included" Value="True" CaseInsensitive="False" Unit="None" UnitClass="None" FieldTitle="" UserDefined="False" Validation="None" />
          <Filter ID="36842448-5dd3-42f3-9a03-e2b6f0b95c46" Operator="And" Category="Parameter" Property="ALL_MODEL_FAMILY_NAME" Condition="Contains" Value="GNR MODL_3D_Baby Changing Room" CaseInsensitive="False" Unit="None" UnitClass="None" FieldTitle="" UserDefined="False" Validation="None" />
        </Check>
      </Section>
      <Section ID="8c153d0a-e8b6-4b83-912f-078d789b03a2" SectionName="Unneeded Mass Elements are Deleted" Title="" IsChecked="True" Description="">
        <Check ID="c446528a-ac8c-45df-93b9-80ee79d317e9" CheckName="Mass Elements (Delete Unneeded Mass Elements)" Description="Checks for mass elements in the model and linked models." FailureMessage="There are mass elements in the model." ResultCondition="FailMatchingElements" CheckType="Custom" IsRequired="False" IsChecked="True">
          <Filter ID="e6761805-915f-48ab-9bb6-01b7ff2c9a71" Operator="And" Category="Category" Property="OST_Mass" Condition="Included" Value="True" CaseInsensitive="False" Unit="None" UnitClass="None" FieldTitle="" UserDefined="False" Validation="None" />
          <Filter ID="c320ab4d-f01f-4e36-8d4e-3ade3deb9233" Operator="And" Category="Category" Property="OST_MassExteriorWall" Condition="Included" Value="True" CaseInsensitive="False" Unit="None" UnitClass="None" FieldTitle="" UserDefined="False" Validation="None" />
          <Filter ID="6b323b3c-1ce4-4e4b-a9ca-b230c0c0b8ea" Operator="And" Category="Category" Property="OST_MassFloor" Condition="Included" Value="True" CaseInsensitive="False" Unit="None" UnitClass="None" FieldTitle="" UserDefined="False" Validation="None" />
          <Filter ID="bd749846-a47d-424a-97df-92f9cd8a5339" Operator="And" Category="Category" Property="OST_MassGlazingAll" Condition="Included" Value="True" CaseInsensitive="False" Unit="None" UnitClass="None" FieldTitle="" UserDefined="False" Validation="None" />
          <Filter ID="b995f41a-c51b-487c-8241-b817640cc39e" Operator="And" Category="Category" Property="OST_MassInteriorWall" Condition="Included" Value="True" CaseInsensitive="False" Unit="None" UnitClass="None" FieldTitle="" UserDefined="False" Validation="None" />
          <Filter ID="faccde92-879d-419d-982d-9deaea5ff226" Operator="And" Category="Category" Property="OST_MassOpening" Condition="Included" Value="True" CaseInsensitive="False" Unit="None" UnitClass="None" FieldTitle="" UserDefined="False" Validation="None" />
          <Filter ID="dd490ffa-a2d9-4d2f-a709-7864ed617f74" Operator="And" Category="Category" Property="OST_MassRoof" Condition="Included" Value="True" CaseInsensitive="False" Unit="None" UnitClass="None" FieldTitle="" UserDefined="False" Validation="None" />
          <Filter ID="47699a5a-de84-4791-bdbe-f2967150ca36" Operator="And" Category="Category" Property="OST_MassSkylights" Condition="Included" Value="True" CaseInsensitive="False" Unit="None" UnitClass="None" FieldTitle="" UserDefined="False" Validation="None" />
          <Filter ID="b100e59e-e843-4787-b9a9-ed0d95c689be" Operator="And" Category="Category" Property="OST_MassZone" Condition="Included" Value="True" CaseInsensitive="False" Unit="None" UnitClass="None" FieldTitle="" UserDefined="False" Validation="None" />
          <Filter ID="440fc731-459e-4d69-9859-1bcfd3c988de" Operator="And" Category="TypeOrInstance" Property="Is Element Type" Condition="Equal" Value="False" CaseInsensitive="False" Unit="None" UnitClass="None" FieldTitle="" UserDefined="False" Validation="None" />
        </Check>
      </Section>
      <Section ID="2569b26a-817a-459b-b6a5-6f5da25606b8" SectionName="Groups are Un-grouped" Title="" IsChecked="True" Description="">
        <Check ID="bdce74ff-4699-4d91-b458-db4531b2dc36" CheckName="Groups (Delete unneeded Groups)" Description="Checks for any groups in the model and linked models." FailureMessage="There are groups in the model . All groups shall be ungrouped for final submittals." ResultCondition="FailMatchingElements" CheckType="Custom" IsRequired="False" IsChecked="True">
          <Filter ID="55d55e18-76f2-48fb-ab3d-af757bcf2c78" Operator="And" Category="Category" Property="OST_IOSModelGroups" Condition="Included" Value="True" CaseInsensitive="False" Unit="None" UnitClass="None" FieldTitle="" UserDefined="False" Validation="None" />
          <Filter ID="16810357-8f3f-49a4-b717-c74c60f737fa" Operator="And" Category="Category" Property="OST_IOSDetailGroups" Condition="Included" Value="True" CaseInsensitive="False" Unit="None" UnitClass="None" FieldTitle="" UserDefined="False" Validation="None" />
          <Filter ID="9c19aade-682f-4fa9-b3ba-0bd468da3571" Operator="And" Category="TypeOrInstance" Property="Is Element Type" Condition="Equal" Value="False" CaseInsensitive="False" Unit="None" UnitClass="None" FieldTitle="" UserDefined="False" Validation="None" />
        </Check>
      </Section>
      <Section ID="32fee992-c535-4215-8ce5-a2702b69c3d1" SectionName="Unneeded In-Place Families are Deleted" Title="" IsChecked="True" Description="">
        <Check ID="e9db5b83-24c5-4a3f-8235-850633ff9ea5" CheckName="In-Place Families (Delete Unneeded In-Place Families)" Description="Checks for in-place families in the model and linked models." FailureMessage="There are in-place families in the model." ResultCondition="FailMatchingElements" CheckType="Custom" IsRequired="False" IsChecked="True">
          <Filter ID="55ec798a-a8dd-4bec-ae85-d4c975e9dbae" Operator="And" Category="APIType" Property="Full Class Name" Condition="Equal" Value="Autodesk.Revit.DB.FamilyInstance" CaseInsensitive="False" Unit="None" UnitClass="None" FieldTitle="" UserDefined="False" Validation="None" />
          <Filter ID="b0c535ae-30c3-47f7-be8f-6ddea51e0f8b" Operator="And" Category="Family" Property="Is In-Place" Condition="Equal" Value="True" CaseInsensitive="False" Unit="None" UnitClass="None" FieldTitle="" UserDefined="False" Validation="None" />
          <Filter ID="910e1e41-9125-4356-b70e-fe41f983afb3" Operator="And" Category="TypeOrInstance" Property="Is Element Type" Condition="Equal" Value="False" CaseInsensitive="False" Unit="None" UnitClass="None" FieldTitle="" UserDefined="False" Validation="None" />
        </Check>
      </Section>
    </Section>
  </Heading>
  <Heading ID="d53b0223-9edb-4d37-82f7-25af8754eb41" HeadingText="&lt;--Unused--&gt;" Description="Checks that have been created but not placed in the structure yet." IsChecked="True">
    <Section ID="54a63dd2-0b26-41fa-885e-c967422225a5" SectionName="&lt;--Unused--&gt;" Title="Checks that have not been placed" IsChecked="True" Description="">
      <Check ID="6c901598-ef5b-463b-bde1-13001d69641b" CheckName="Views" Description="" FailureMessage="&quot;Working&quot; View is placed on a Sheet . Change the Folder of the View from &quot;Working&quot; to &quot;Documentation&quot;" ResultCondition="FailMatchingElements" CheckType="Custom" IsRequired="False" IsChecked="True">
        <Filter ID="c08c0de8-432a-4f9f-9c03-9ecea23b404d" Operator="And" Category="Category" Property="OST_Views" Condition="Included" Value="True" CaseInsensitive="False" Unit="None" UnitClass="None" FieldTitle="" UserDefined="False" Validation="None" />
        <Filter ID="0164a3d9-c867-4bda-b451-2eb84b5f8b68" Operator="And" Category="Parameter" Property="Folder" Condition="Contains" Value="Working" CaseInsensitive="False" Unit="None" UnitClass="None" FieldTitle="" UserDefined="False" Validation="None" />
        <Filter ID="032a0376-6bae-43cd-a53d-801b7fbef5e7" Operator="And" Category="Parameter" Property="VIEWPORT_SHEET_NUMBER" Condition="HasValue" Value="True" CaseInsensitive="False" Unit="None" UnitClass="None" FieldTitle="" UserDefined="False" Validation="None" />
        <Filter ID="efdb744d-c6e0-4be2-89e2-945679e20fe1" Operator="And" Category="TypeOrInstance" Property="Is Element Type" Condition="Equal" Value="False" CaseInsensitive="False" Unit="None" UnitClass="None" FieldTitle="" UserDefined="False" Validation="None" />
      </Check>
      <Check ID="40ee3f67-8f41-4596-96ac-06bb0fcfcddd" CheckName="Views" Description="" FailureMessage="&quot;Documentation&quot; View is NOT placed on a Sheet. Add the View on a Sheet " ResultCondition="FailMatchingElements" CheckType="Custom" IsRequired="False" IsChecked="True">
        <Filter ID="cde2993b-3a40-4aa7-899a-1debb8fd8f6a" Operator="And" Category="Category" Property="OST_Views" Condition="Included" Value="True" CaseInsensitive="False" Unit="None" UnitClass="None" FieldTitle="" UserDefined="False" Validation="None" />
        <Filter ID="8434a6a5-9a96-4d03-b149-db1ddea65299" Operator="And" Category="Parameter" Property="Folder" Condition="Contains" Value="Documentation" CaseInsensitive="False" Unit="None" UnitClass="None" FieldTitle="" UserDefined="False" Validation="None" />
        <Filter ID="2ea97d0e-28d3-4bff-afc7-3e2f8de7afb5" Operator="And" Category="Parameter" Property="VIEWPORT_SHEET_NUMBER" Condition="HasValue" Value="False" CaseInsensitive="False" Unit="None" UnitClass="None" FieldTitle="" UserDefined="False" Validation="None" />
        <Filter ID="09f4e64f-9348-4254-a38b-ae5ea94897a6" Operator="And" Category="TypeOrInstance" Property="Is Element Type" Condition="Equal" Value="False" CaseInsensitive="False" Unit="None" UnitClass="None" FieldTitle="" UserDefined="False" Validation="None" />
      </Check>
      <Check ID="dffc7f6a-8783-40b2-ae89-67f672e6b7a2" CheckName="Floor Plan :&quot;Department&quot; or &quot;Sub-Discipline&quot; is Not Defined in Project Browser" Description="" FailureMessage="The Parameter &quot;Department&quot; OR &quot;Sub-Discipline&quot; in Project Browser should be Defined (Architecture, Interior Architecture, ...)" ResultCondition="FailMatchingElements" CheckType="Custom" IsRequired="False" IsChecked="True">
        <Filter ID="7a2b4cde-9d59-4596-997e-0e199392cb90" Operator="And" Category="Category" Property="OST_Views" Condition="Included" Value="True" CaseInsensitive="False" Unit="None" UnitClass="None" FieldTitle="" UserDefined="False" Validation="None" />
        <Filter ID="2235b7bf-a780-491f-b19b-e0f9a501b6d6" Operator="And" Category="Type" Property="Name" Condition="Contains" Value="Floor Plan" CaseInsensitive="False" Unit="None" UnitClass="None" FieldTitle="" UserDefined="False" Validation="None" />
        <Filter ID="6f384b79-1542-4c48-8f5d-e81ebd9b5896" Operator="And" Category="Parameter" Property="Department" Condition="HasValue" Value="False" CaseInsensitive="False" Unit="None" UnitClass="None" FieldTitle="" UserDefined="False" Validation="None" />
        <Filter ID="c0d77441-5c84-478e-9cc1-c66299949f9f" Operator="And" Category="Parameter" Property="Sub-Discipline" Condition="HasValue" Value="False" CaseInsensitive="False" Unit="None" UnitClass="None" FieldTitle="" UserDefined="False" Validation="None" />
        <Filter ID="bf920267-f64d-47ff-a8ad-20c797e8d8ec" Operator="And" Category="TypeOrInstance" Property="Is Element Type" Condition="Equal" Value="False" CaseInsensitive="False" Unit="None" UnitClass="None" FieldTitle="" UserDefined="False" Validation="None" />
      </Check>
      <Check ID="5e08e9fd-7e37-45c3-815a-164ec2a0617e" CheckName="Ceiling Plan:&quot;Department&quot; or &quot;Sub-Discipline&quot; is Not Defined in Project Browser" Description="" FailureMessage="The Parameter &quot;Department&quot; OR &quot;Sub-Discipline&quot; in Project Browser should be Defined (Architecture, Interior Architecture, ...)" ResultCondition="FailMatchingElements" CheckType="Custom" IsRequired="False" IsChecked="True">
        <Filter ID="94fc3646-f686-4ace-bc7f-bbef8239a76f" Operator="And" Category="Category" Property="OST_Views" Condition="Included" Value="True" CaseInsensitive="False" Unit="None" UnitClass="None" FieldTitle="" UserDefined="False" Validation="None" />
        <Filter ID="13a69643-5a68-46ff-a6cf-0ac9ec551969" Operator="And" Category="Type" Property="Name" Condition="Contains" Value="Ceiling Plan" CaseInsensitive="False" Unit="None" UnitClass="None" FieldTitle="" UserDefined="False" Validation="None" />
        <Filter ID="6e90d9bd-31e1-4a7e-b008-982e7012866d" Operator="And" Category="Parameter" Property="Department" Condition="HasValue" Value="False" CaseInsensitive="False" Unit="None" UnitClass="None" FieldTitle="" UserDefined="False" Validation="None" />
        <Filter ID="85606efb-c7b7-4e94-9454-60b87d65c1e1" Operator="And" Category="Parameter" Property="Sub-Discipline" Condition="HasValue" Value="False" CaseInsensitive="False" Unit="None" UnitClass="None" FieldTitle="" UserDefined="False" Validation="None" />
        <Filter ID="3cd23a0b-801f-482f-bf3b-c29c506004b4" Operator="And" Category="TypeOrInstance" Property="Is Element Type" Condition="Equal" Value="False" CaseInsensitive="False" Unit="None" UnitClass="None" FieldTitle="" UserDefined="False" Validation="None" />
      </Check>
      <Check ID="aaa77b3e-cc09-4174-9393-7ae1c4fa9c27" CheckName="Section: &quot;Department&quot; or &quot;Sub-Discipline&quot; is Not Defined in Project Browser" Description="" FailureMessage="The Parameter &quot;Department&quot; OR &quot;Sub-Discipline&quot; in Project Browser should be Defined (Architecture, Interior Architecture, ...)" ResultCondition="FailMatchingElements" CheckType="Custom" IsRequired="False" IsChecked="True">
        <Filter ID="81640374-698d-4c24-ae1e-0f8a27aa8ac0" Operator="And" Category="Category" Property="OST_Views" Condition="Included" Value="True" CaseInsensitive="False" Unit="None" UnitClass="None" FieldTitle="" UserDefined="False" Validation="None" />
        <Filter ID="bbfcf963-edcd-472c-9ba5-2b00a5b43f5c" Operator="And" Category="Type" Property="Name" Condition="Contains" Value="Section" CaseInsensitive="False" Unit="None" UnitClass="None" FieldTitle="" UserDefined="False" Validation="None" />
        <Filter ID="81dc6a94-a2f4-45aa-9887-06989f96e9e3" Operator="And" Category="Parameter" Property="Department" Condition="HasValue" Value="False" CaseInsensitive="False" Unit="None" UnitClass="None" FieldTitle="" UserDefined="False" Validation="None" />
        <Filter ID="550f4182-a315-4723-b452-43f0fe2f7948" Operator="And" Category="Parameter" Property="Sub-Discipline" Condition="HasValue" Value="False" CaseInsensitive="False" Unit="None" UnitClass="None" FieldTitle="" UserDefined="False" Validation="None" />
        <Filter ID="fd54741d-7c45-4500-8b51-60c3c2746f37" Operator="And" Category="TypeOrInstance" Property="Is Element Type" Condition="Equal" Value="False" CaseInsensitive="False" Unit="None" UnitClass="None" FieldTitle="" UserDefined="False" Validation="None" />
      </Check>
      <Check ID="93c10137-85b8-456d-ae08-31e8b86ddd03" CheckName="Elevation: &quot;Department&quot; or &quot;Sub-Discipline&quot; is Not Defined in Project Browser" Description="" FailureMessage="The Parameter &quot;Department&quot; OR &quot;Sub-Discipline&quot; in Project Browser should be Defined (Architecture, Interior Architecture, ...)" ResultCondition="FailMatchingElements" CheckType="Custom" IsRequired="False" IsChecked="True">
        <Filter ID="8f1102dc-3bb5-41c3-b999-5142e0adb4cd" Operator="And" Category="Category" Property="OST_Views" Condition="Included" Value="True" CaseInsensitive="False" Unit="None" UnitClass="None" FieldTitle="" UserDefined="False" Validation="None" />
        <Filter ID="38084476-ca97-440b-8d1c-9bef4cf10210" Operator="And" Category="Type" Property="Name" Condition="Contains" Value="Elevation" CaseInsensitive="False" Unit="None" UnitClass="None" FieldTitle="" UserDefined="False" Validation="None" />
        <Filter ID="828e9064-ff1f-4d9d-811e-1c858bdc71ef" Operator="And" Category="Parameter" Property="Department" Condition="HasValue" Value="False" CaseInsensitive="False" Unit="None" UnitClass="None" FieldTitle="" UserDefined="False" Validation="None" />
        <Filter ID="be2942ab-52b5-4304-b316-75c6b9911fd9" Operator="And" Category="Parameter" Property="Sub-Discipline" Condition="HasValue" Value="False" CaseInsensitive="False" Unit="None" UnitClass="None" FieldTitle="" UserDefined="False" Validation="None" />
        <Filter ID="109110e3-746c-4190-87dc-c449933c2474" Operator="And" Category="TypeOrInstance" Property="Is Element Type" Condition="Equal" Value="False" CaseInsensitive="False" Unit="None" UnitClass="None" FieldTitle="" UserDefined="False" Validation="None" />
      </Check>
      <Check ID="57db645b-e13e-41e8-b19c-bb64f1e65897" CheckName="Floor Plan :&quot;Folder&quot; is Not Defined in Project Browser" Description="" FailureMessage="The Parameter &quot;Folder&quot; in Project Browser should be Defined (Working, Documentation or Coordination)" ResultCondition="FailMatchingElements" CheckType="Custom" IsRequired="False" IsChecked="True">
        <Filter ID="2ba23a37-3321-409b-99bd-1cc950d61483" Operator="And" Category="Category" Property="OST_Views" Condition="Included" Value="True" CaseInsensitive="False" Unit="None" UnitClass="None" FieldTitle="" UserDefined="False" Validation="None" />
        <Filter ID="713575df-1baa-4d3f-867a-ced0fc67450b" Operator="And" Category="Type" Property="Name" Condition="Contains" Value="Floor Plan" CaseInsensitive="False" Unit="None" UnitClass="None" FieldTitle="" UserDefined="False" Validation="None" />
        <Filter ID="a039bbe9-8c0d-4e4c-b592-b90c46aaf0b3" Operator="And" Category="Parameter" Property="Folder" Condition="HasValue" Value="False" CaseInsensitive="False" Unit="None" UnitClass="None" FieldTitle="" UserDefined="False" Validation="None" />
        <Filter ID="ab19f4f9-3182-450a-bf32-68672b8835aa" Operator="And" Category="TypeOrInstance" Property="Is Element Type" Condition="Equal" Value="False" CaseInsensitive="False" Unit="None" UnitClass="None" FieldTitle="" UserDefined="False" Validation="None" />
      </Check>
      <Check ID="c2c4664e-b2d8-401b-a0ea-cbe32962bdf9" CheckName="Ceiling Plan:&quot;Folder&quot; is Not Defined in Project Browser" Description="" FailureMessage="The Parameter &quot;Folder&quot; in Project Browser should be Defined (Working, Documentation or Coordination)" ResultCondition="FailMatchingElements" CheckType="Custom" IsRequired="False" IsChecked="True">
        <Filter ID="6ebd3949-d822-41f2-81b3-8154501a7381" Operator="And" Category="Category" Property="OST_Views" Condition="Included" Value="True" CaseInsensitive="False" Unit="None" UnitClass="None" FieldTitle="" UserDefined="False" Validation="None" />
        <Filter ID="ace16b3b-8ed9-4eca-8de8-96a399d78478" Operator="And" Category="Type" Property="Name" Condition="Contains" Value="Ceiling Plan" CaseInsensitive="False" Unit="None" UnitClass="None" FieldTitle="" UserDefined="False" Validation="None" />
        <Filter ID="499233b2-67cb-4131-8e48-e312670ea40f" Operator="And" Category="Parameter" Property="Folder" Condition="HasValue" Value="False" CaseInsensitive="False" Unit="None" UnitClass="None" FieldTitle="" UserDefined="False" Validation="None" />
        <Filter ID="cdbe8ce6-7800-4a85-9892-03308d60e89e" Operator="And" Category="TypeOrInstance" Property="Is Element Type" Condition="Equal" Value="False" CaseInsensitive="False" Unit="None" UnitClass="None" FieldTitle="" UserDefined="False" Validation="None" />
      </Check>
      <Check ID="a45e599f-842f-4f6d-a25b-0410fc2fd773" CheckName="Section: &quot;Folder&quot; is Not Defined in Project Browser" Description="" FailureMessage="The Parameter &quot;Folder&quot; in Project Browser should be Defined (Working, Documentation or Coordination)" ResultCondition="FailMatchingElements" CheckType="Custom" IsRequired="False" IsChecked="True">
        <Filter ID="463664b9-b843-41fc-a04d-b7e520bf53b2" Operator="And" Category="Category" Property="OST_Views" Condition="Included" Value="True" CaseInsensitive="False" Unit="None" UnitClass="None" FieldTitle="" UserDefined="False" Validation="None" />
        <Filter ID="144f1e13-fbf9-4c93-b824-b03c9fdf800c" Operator="And" Category="Type" Property="Name" Condition="Contains" Value="Section" CaseInsensitive="False" Unit="None" UnitClass="None" FieldTitle="" UserDefined="False" Validation="None" />
        <Filter ID="3faf1e2f-253c-45b2-a366-5ab2181ac2cf" Operator="And" Category="Parameter" Property="Folder" Condition="HasValue" Value="False" CaseInsensitive="False" Unit="None" UnitClass="None" FieldTitle="" UserDefined="False" Validation="None" />
        <Filter ID="82d0a79f-3165-4b99-a204-7760f502d4de" Operator="And" Category="TypeOrInstance" Property="Is Element Type" Condition="Equal" Value="False" CaseInsensitive="False" Unit="None" UnitClass="None" FieldTitle="" UserDefined="False" Validation="None" />
      </Check>
      <Check ID="1a0e014a-ff37-4e06-9b7a-4eff0a0a53ae" CheckName="Elevation: &quot;Folder&quot; is Not Defined in Project Browser" Description="" FailureMessage="The Parameter &quot;Folder&quot; in Project Browser should be Defined (Working, Documentation or Coordination)" ResultCondition="FailMatchingElements" CheckType="Custom" IsRequired="False" IsChecked="True">
        <Filter ID="72588bca-1596-415a-9642-20992cde5910" Operator="And" Category="Category" Property="OST_Views" Condition="Included" Value="True" CaseInsensitive="False" Unit="None" UnitClass="None" FieldTitle="" UserDefined="False" Validation="None" />
        <Filter ID="3b8bddf4-dec5-40df-b475-47554bd9bce6" Operator="And" Category="Type" Property="Name" Condition="Contains" Value="Elevation" CaseInsensitive="False" Unit="None" UnitClass="None" FieldTitle="" UserDefined="False" Validation="None" />
        <Filter ID="b4bd6356-97ce-4184-91fb-c12f67b9a4de" Operator="And" Category="Parameter" Property="Folder" Condition="HasValue" Value="False" CaseInsensitive="False" Unit="None" UnitClass="None" FieldTitle="" UserDefined="False" Validation="None" />
        <Filter ID="a27a8bb6-b3d0-42ba-b996-f69e87b42ec9" Operator="And" Category="TypeOrInstance" Property="Is Element Type" Condition="Equal" Value="False" CaseInsensitive="False" Unit="None" UnitClass="None" FieldTitle="" UserDefined="False" Validation="None" />
      </Check>
      <Check ID="ccbc5a8a-70bd-4f76-a032-1a8317340f97" CheckName="Floor Plans" Description="" FailureMessage="Floor Plan has NO View Template" ResultCondition="FailMatchingElements" CheckType="Custom" IsRequired="False" IsChecked="True">
        <Filter ID="2f2285c3-1b33-4ceb-a25e-273e74119448" Operator="And" Category="Category" Property="OST_Views" Condition="Included" Value="True" CaseInsensitive="False" Unit="None" UnitClass="None" FieldTitle="" UserDefined="False" Validation="None" />
        <Filter ID="bea555b8-c198-4cbb-99d3-7dbe86e6031a" Operator="And" Category="Parameter" Property="Folder" Condition="Contains" Value="Documentation" CaseInsensitive="False" Unit="None" UnitClass="None" FieldTitle="" UserDefined="False" Validation="None" />
        <Filter ID="bcdd2a7f-e780-4995-ba07-7bfd0b175d96" Operator="And" Category="Type" Property="Name" Condition="Contains" Value="Floor Plan" CaseInsensitive="False" Unit="None" UnitClass="None" FieldTitle="" UserDefined="False" Validation="None" />
        <Filter ID="0d064b73-c06e-43a9-81ba-2ccf268994e1" Operator="And" Category="Parameter" Property="VIEW_TEMPLATE" Condition="HasValue" Value="False" CaseInsensitive="False" Unit="None" UnitClass="None" FieldTitle="" UserDefined="False" Validation="None" />
      </Check>
      <Check ID="552ba3e4-57a9-49a3-b375-61ebe9efbdd6" CheckName="Ceiling Plan" Description="" FailureMessage="Ceiling Plan has NO View Template" ResultCondition="FailMatchingElements" CheckType="Custom" IsRequired="False" IsChecked="True">
        <Filter ID="2ada459e-b0a7-4c1d-b9c8-13113d75e5a8" Operator="And" Category="Category" Property="OST_Views" Condition="Included" Value="True" CaseInsensitive="False" Unit="None" UnitClass="None" FieldTitle="" UserDefined="False" Validation="None" />
        <Filter ID="fbae9f1a-4fba-4fb7-afa4-1b9d9bd44f63" Operator="And" Category="Parameter" Property="Folder" Condition="Contains" Value="Documentation" CaseInsensitive="False" Unit="None" UnitClass="None" FieldTitle="" UserDefined="False" Validation="None" />
        <Filter ID="829da12c-3e51-4a72-ab38-5102e4b836af" Operator="And" Category="Type" Property="Name" Condition="Contains" Value="Ceiling Plan" CaseInsensitive="False" Unit="None" UnitClass="None" FieldTitle="" UserDefined="False" Validation="None" />
        <Filter ID="362c7879-fb73-47f9-a55f-a0ba9bd2169a" Operator="And" Category="Parameter" Property="VIEW_TEMPLATE" Condition="HasValue" Value="False" CaseInsensitive="False" Unit="None" UnitClass="None" FieldTitle="" UserDefined="False" Validation="None" />
      </Check>
      <Check ID="89b0df7e-1def-40c4-bf33-613282db9a1d" CheckName="Sections" Description="" FailureMessage="Section has NO View Template" ResultCondition="FailMatchingElements" CheckType="Custom" IsRequired="False" IsChecked="True">
        <Filter ID="63f96f59-1122-4bbb-a2af-300a1a558964" Operator="And" Category="Category" Property="OST_Views" Condition="Included" Value="True" CaseInsensitive="False" Unit="None" UnitClass="None" FieldTitle="" UserDefined="False" Validation="None" />
        <Filter ID="dbdfe0c4-caa0-41e2-96a0-af7deb327062" Operator="And" Category="Parameter" Property="Folder" Condition="Contains" Value="Documentation" CaseInsensitive="False" Unit="None" UnitClass="None" FieldTitle="" UserDefined="False" Validation="None" />
        <Filter ID="980db156-e418-44ac-9fa1-b3868a20eccd" Operator="And" Category="Type" Property="Name" Condition="Contains" Value="Section" CaseInsensitive="False" Unit="None" UnitClass="None" FieldTitle="" UserDefined="False" Validation="None" />
        <Filter ID="42d22c52-f865-4623-9746-5cb469422407" Operator="And" Category="Parameter" Property="VIEW_TEMPLATE" Condition="HasValue" Value="False" CaseInsensitive="False" Unit="None" UnitClass="None" FieldTitle="" UserDefined="False" Validation="None" />
      </Check>
      <Check ID="d1d9a178-e155-4c08-8756-8c1106e22423" CheckName="Elevation" Description="" FailureMessage="Elevation has NO View Template" ResultCondition="FailMatchingElements" CheckType="Custom" IsRequired="False" IsChecked="True">
        <Filter ID="be34cf68-15eb-4659-8a94-2287d192d53b" Operator="And" Category="Category" Property="OST_Views" Condition="Included" Value="True" CaseInsensitive="False" Unit="None" UnitClass="None" FieldTitle="" UserDefined="False" Validation="None" />
        <Filter ID="193186f0-fee6-4088-8d83-fd6e2285e068" Operator="And" Category="Parameter" Property="Folder" Condition="Contains" Value="Documentation" CaseInsensitive="False" Unit="None" UnitClass="None" FieldTitle="" UserDefined="False" Validation="None" />
        <Filter ID="be2506a5-f269-4706-9c16-fb0af16e070b" Operator="And" Category="Type" Property="Name" Condition="Contains" Value="Elevation" CaseInsensitive="False" Unit="None" UnitClass="None" FieldTitle="" UserDefined="False" Validation="None" />
        <Filter ID="c196e17e-35c4-4a4e-929a-6c89e6865546" Operator="And" Category="Parameter" Property="VIEW_TEMPLATE" Condition="HasValue" Value="False" CaseInsensitive="False" Unit="None" UnitClass="None" FieldTitle="" UserDefined="False" Validation="None" />
      </Check>
    </Section>
  </Heading>
</MCSettings>