﻿<?xml version="1.0" encoding="UTF-8" standalone="yes"?>
<MCSettings AllowRequired="False" Name="MODEL GENERAL CHECKS" Author="" Description="" Image="http://www.biminteroperabilitytools.com/modelchecker/downloads/TN-100.png" LastModified="132459394910155718">
  <Heading ID="c61d03aa-03a2-4948-b31c-a9be0eb9142f" HeadingText="MODEL INTEGRITY CHECKS" Description="" IsChecked="True" />
  <Heading ID="4f60d927-7d28-460d-ad65-d9e3381d5eef" HeadingText="GENERAL---FILE CHARACTERISTICS" Description="While not required, this collection of checks are based on Revit best practices." IsChecked="True">
    <Section ID="529c64b3-98b2-4e2d-8c17-94f1d5a85da5" SectionName="FILE CHARACTERISTICS" Title="" IsChecked="True" Description="">
      <Check ID="367e1374-566a-421c-aa5e-a673a93371b9" CheckName="File Size Should Not Exceed 200mb" Description="Reports the file size of a Revit model in MB (megabytes)." FailureMessage="File size should not exceed 200mb" ResultCondition="CountAndList" CheckType="FileSize" IsRequired="False" IsChecked="True" />
      <Check ID="ca38cb87-f360-472c-b4d4-40e3148071a6" CheckName="Project Information" Description="Lists all parameters and values attached to Project Information for a project except those associated with Revit Extensions (starting with 'Extensions')." FailureMessage="Check if project Information is filled" ResultCondition="CountAndList" CheckType="ProjectInformation" IsRequired="False" IsChecked="True" />
      <Check ID="0b034cf8-2df1-462f-ab62-5ce8297afe11" CheckName="Unused Elements" Description="Reports the number of elements that can be purged from a Revit model." FailureMessage="Check if project Information is filled" ResultCondition="CountOnly" CheckType="UnusedElements" IsRequired="False" IsChecked="True" />
      <Check ID="f1240585-622b-42f3-9108-984ea2d62c5d" CheckName="Warnings" Description="Reports and lists all warnings in a Revit model." FailureMessage="Check if project Information is filled" ResultCondition="CountOnly" CheckType="WarningCount" IsRequired="False" IsChecked="True">
        <PrebuiltOptions ShowList="False" />
      </Check>
    </Section>
  </Heading>
  <Heading ID="516d426b-1f13-4fd3-b058-a09bbf778813" HeadingText="GENERAL---LINKS INFORMATION " Description="" IsChecked="True">
    <Section ID="2b337232-49bc-47e2-b612-edb4d221a693" SectionName="LINKS" Title="" IsChecked="True" Description="">
      <Section ID="33d9b5df-a28f-4c0e-9ca4-975f058b361c" SectionName="URS File is Linked" Title="" IsChecked="True" Description="">
        <Check ID="82a8fddb-3226-4472-890d-a4a48ae881e1" CheckName="URS is linked" Description="URS Files are linked" FailureMessage="URS File is NOT Linked" ResultCondition="FailNoElements" CheckType="Custom" IsRequired="False" IsChecked="True">
          <Filter ID="e0542fa5-96ff-46ce-a45d-2077624570a6" Operator="And" Category="Category" Property="OST_RvtLinks" Condition="Included" Value="True" CaseInsensitive="False" Unit="None" UnitClass="None" FieldTitle="" UserDefined="False" Validation="None" />
          <Filter ID="fbf6f268-becf-49d8-b120-e695f2b5a6c2" Operator="And" Category="Type" Property="Name" Condition="Contains" Value="_URS" CaseInsensitive="False" Unit="None" UnitClass="None" FieldTitle="" UserDefined="False" Validation="None" />
          <Filter ID="604278dd-aab9-47df-8699-2c7edb1bc353" Operator="And" Category="TypeOrInstance" Property="Is Element Type" Condition="Equal" Value="True" CaseInsensitive="False" Unit="None" UnitClass="None" FieldTitle="" UserDefined="False" Validation="None" />
        </Check>
      </Section>
      <Section ID="ae94a80c-450a-4135-800b-143bc8047bdc" SectionName="CAD/Import Links are Removed" Title="" IsChecked="True" Description="">
        <Check ID="40103867-277b-4029-a6ec-33adc9f6f626" CheckName="CAD Links/Import" Description="Check if CAD Links/Imports are still needed" FailureMessage="Model Contains Unnneded CAD Links/Imports" ResultCondition="FailMatchingElements" CheckType="Custom" IsRequired="False" IsChecked="True">
          <Filter ID="9322472b-6e91-46c1-b923-07b6dce92790" Operator="And" Category="Family" Property="Name" Condition="Contains" Value="Import Symbol" CaseInsensitive="False" Unit="None" UnitClass="None" FieldTitle="" UserDefined="False" Validation="None" />
          <Filter ID="7db14961-c538-4111-9107-a835f02a3c05" Operator="And" Category="Parameter" Property="ELEM_TYPE_PARAM" Condition="Contains" Value=".dwg" CaseInsensitive="False" Unit="None" UnitClass="None" FieldTitle="" UserDefined="False" Validation="None" />
          <Filter ID="be5541a3-fd73-46ef-a397-e4440cbfcbad" Operator="And" Category="TypeOrInstance" Property="Is Element Type" Condition="Equal" Value="False" CaseInsensitive="False" Unit="None" UnitClass="None" FieldTitle="" UserDefined="False" Validation="None" />
        </Check>
      </Section>
      <Section ID="4bf3fdbf-129c-400b-924d-77e60b102e90" SectionName="Revit Links are of Type &quot;Overlay&quot;" Title="" IsChecked="True" Description="">
        <Check ID="9b46ab87-f306-4da2-b743-2d0057cb2b18" CheckName="Revit Links are e of Type &quot;Overlay&quot;" Description="Check if REVIT Links are of Type &quot;Overlay&quot;" FailureMessage="Revit Link should be of Type &quot;Overlay&quot;" ResultCondition="FailMatchingElements" CheckType="Custom" IsRequired="False" IsChecked="True">
          <Filter ID="342261eb-78f2-4609-87ed-0ca7673a840b" Operator="And" Category="Category" Property="OST_RvtLinks" Condition="Included" Value="True" CaseInsensitive="False" Unit="None" UnitClass="None" FieldTitle="" UserDefined="False" Validation="None" />
          <Filter ID="d6ce23bd-69ff-47b2-be0c-e953e70e57d4" Operator="And" Category="TypeOrInstance" Property="Is Element Type" Condition="Equal" Value="True" CaseInsensitive="False" Unit="None" UnitClass="None" FieldTitle="" UserDefined="False" Validation="None" />
          <Filter ID="e384fe1b-8571-479e-8fc3-21777a25860a" Operator="And" Category="Parameter" Property="RVT_LINK_REFERENCE_TYPE" Condition="Equal" Value="3" CaseInsensitive="False" Unit="None" UnitClass="None" FieldTitle="" UserDefined="False" Validation="None" />
        </Check>
      </Section>
      <Section ID="e5df310e-e8fd-4bd2-9b02-b26920b7c799" SectionName="Revit Links are &quot;Room Bounding&quot;" Title="" IsChecked="True" Description="">
        <Check ID="233b9a90-feb4-46e0-8e8f-863f7f41fee5" CheckName="Revit Links_Room Bounding" Description="Check if REVIT Links are Room Bounidng" FailureMessage="Revit Link is not &quot;Room Bounding&quot;" ResultCondition="FailMatchingElements" CheckType="Custom" IsRequired="False" IsChecked="False">
          <Filter ID="5d422704-5ddc-4701-86ab-4bd1feedfbbc" Operator="And" Category="Category" Property="OST_RvtLinks" Condition="Included" Value="True" CaseInsensitive="False" Unit="None" UnitClass="None" FieldTitle="" UserDefined="False" Validation="None" />
          <Filter ID="10e6aa81-9c60-4d06-88da-56455816bbcf" Operator="And" Category="Parameter" Property="WALL_ATTR_ROOM_BOUNDING" Condition="Equal" Value="0" CaseInsensitive="False" Unit="None" UnitClass="None" FieldTitle="" UserDefined="False" Validation="None" />
          <Filter ID="2dfa9620-5477-465a-8850-a5f8c5ae5bb6" Operator="And" Category="TypeOrInstance" Property="Is Element Type" Condition="Equal" Value="True" CaseInsensitive="False" Unit="None" UnitClass="None" FieldTitle="" UserDefined="False" Validation="None" />
          <Filter ID="eb882cc4-f1d5-4517-8de9-3d9510f6f8ca" Operator="And" Category="Type" Property="Name" Condition="Contains" Value="_AR_" CaseInsensitive="False" Unit="None" UnitClass="None" FieldTitle="" UserDefined="False" Validation="None" />
        </Check>
      </Section>
      <Section ID="75e4a4fd-9c57-4502-982e-67013b88d930" SectionName="Trades Revit Files are Linked" Title="" IsChecked="True" Description="">
        <Check ID="d6f49849-cf80-47ce-a7f7-b55f4020bd30" CheckName="Trades Revit Files are Linked" Description="Check if REVIT Links are still needed" FailureMessage="Trades Revit Files are Linked" ResultCondition="CountAndList" CheckType="Custom" IsRequired="False" IsChecked="True">
          <Filter ID="2308f9d5-6850-4cbe-9a78-9a20243c9920" Operator="And" Category="Category" Property="OST_RvtLinks" Condition="Included" Value="True" CaseInsensitive="False" Unit="None" UnitClass="None" FieldTitle="" UserDefined="False" Validation="None" />
          <Filter ID="bb026e5b-bd48-4e34-a4d8-a614d4825fbd" Operator="And" Category="TypeOrInstance" Property="Is Element Type" Condition="Equal" Value="False" CaseInsensitive="False" Unit="None" UnitClass="None" FieldTitle="" UserDefined="False" Validation="None" />
        </Check>
      </Section>
      <Section ID="60a6bb2d-8abf-4cea-bfab-673ea34fb809" SectionName="Revit Links are Pinned" Title="" IsChecked="True" Description="">
        <Check ID="dff03dd4-aafa-40ee-8bb1-24ec2e88f1ea" CheckName="Revit Links " Description="Check if REVIT Links are still needed" FailureMessage="Trades Revit Files are pinned" ResultCondition="FailMatchingElements" CheckType="Custom" IsRequired="False" IsChecked="True">
          <Filter ID="3d878e72-260f-4317-a887-1bd4b5e8535a" Operator="And" Category="Category" Property="OST_RvtLinks" Condition="Included" Value="True" CaseInsensitive="False" Unit="None" UnitClass="None" FieldTitle="" UserDefined="False" Validation="None" />
          <Filter ID="be06c711-5e38-4767-919b-245e8330420d" Operator="And" Category="TypeOrInstance" Property="Is Element Type" Condition="Equal" Value="False" CaseInsensitive="False" Unit="None" UnitClass="None" FieldTitle="" UserDefined="False" Validation="None" />
          <Filter ID="25b0c8e6-8b52-4d5d-911f-033955bce4cb" Operator="And" Category="Parameter" Property="Pinned" Condition="Equal" Value="False" CaseInsensitive="False" Unit="None" UnitClass="None" FieldTitle="" UserDefined="False" Validation="None" />
        </Check>
      </Section>
    </Section>
  </Heading>
  <Heading ID="f2ab4995-9567-45dd-8a27-b0e41e8835dd" HeadingText="GENERAL---MODELING PRACTICES" Description="" IsChecked="True">
    <Section ID="563898a6-dc19-4e30-8109-7717b882bd5b" SectionName="MODELING PRACTICES" Title="" IsChecked="False" Description="">
      <Section ID="a890fc87-5fbd-4108-bb36-6150c6112327" SectionName="Model Lines are NOT Used" Title="" IsChecked="True" Description="">
        <Check ID="dbaf1a1a-cb8c-4c8d-8a52-bf9aa707aadc" CheckName="Model Lines " Description="Checks for Model Lines in the model and linked models." FailureMessage="There are Model Lines in the model" ResultCondition="FailMatchingElements" CheckType="Custom" IsRequired="False" IsChecked="True">
          <Filter ID="52eaa5a6-6b6d-4dde-82db-d0ae5b0a2dd4" Operator="And" Category="Category" Property="OST_Lines" Condition="Included" Value="True" CaseInsensitive="False" Unit="None" UnitClass="None" FieldTitle="" UserDefined="False" Validation="None" />
          <Filter ID="bea83d11-8676-459a-8da0-3af4b780575f" Operator="And" Category="Parameter" Property="CURVE_IS_DETAIL" Condition="Equal" Value="0" CaseInsensitive="False" Unit="None" UnitClass="None" FieldTitle="" UserDefined="False" Validation="None" />
        </Check>
      </Section>
      <Section ID="46d79b7d-85a8-41d1-97f6-959e3bf83c54" SectionName="Generic Model are NOT Used" Title="" IsChecked="True" Description="">
        <Check ID="abf5d8e7-58dd-44f8-8589-823277d5b691" CheckName="Generic Model Should not be Used in the Model" Description="Checks for generic model families in the model and linked models." FailureMessage="There are generic model families in the model" ResultCondition="FailMatchingElements" CheckType="Custom" IsRequired="False" IsChecked="True">
          <Filter ID="2ae6a67d-2795-47da-b3b0-539ae9828a52" Operator="And" Category="Category" Property="OST_GenericModel" Condition="Included" Value="True" CaseInsensitive="False" Unit="None" UnitClass="None" FieldTitle="" UserDefined="False" Validation="None" />
          <Filter ID="78ae89f9-a81e-4e04-b933-bef7504d7495" Operator="And" Category="TypeOrInstance" Property="Is Element Type" Condition="Equal" Value="True" CaseInsensitive="False" Unit="None" UnitClass="None" FieldTitle="" UserDefined="False" Validation="None" />
          <Filter ID="b48e7d55-4d1c-401c-b356-f029c24525c8" Operator="Exclude" Category="Category" Property="OST_GenericModel" Condition="Included" Value="True" CaseInsensitive="False" Unit="None" UnitClass="None" FieldTitle="" UserDefined="False" Validation="None" />
          <Filter ID="1284a2e6-9fa2-43f3-a06c-4dd355fe9225" Operator="And" Category="Parameter" Property="ALL_MODEL_FAMILY_NAME" Condition="Contains" Value="GM_Escalator" CaseInsensitive="False" Unit="None" UnitClass="None" FieldTitle="" UserDefined="False" Validation="None" />
          <Filter ID="2bec4366-6a5d-4de4-a3ff-2defe1837aad" Operator="Exclude" Category="Category" Property="OST_GenericModel" Condition="Included" Value="True" CaseInsensitive="False" Unit="None" UnitClass="None" FieldTitle="" UserDefined="False" Validation="None" />
          <Filter ID="6d57eba3-fa76-49b0-af85-9338a79be9f8" Operator="And" Category="Parameter" Property="ALL_MODEL_FAMILY_NAME" Condition="Contains" Value="GM_Travelator" CaseInsensitive="False" Unit="None" UnitClass="None" FieldTitle="" UserDefined="False" Validation="None" />
          <Filter ID="96f0c2b1-3fe4-4ac7-97bc-ab1a805fed34" Operator="Exclude" Category="Category" Property="OST_GenericModel" Condition="Included" Value="True" CaseInsensitive="False" Unit="None" UnitClass="None" FieldTitle="" UserDefined="False" Validation="None" />
          <Filter ID="af221cee-e7cd-4766-b1d1-9f149b103138" Operator="And" Category="Parameter" Property="ALL_MODEL_TYPE_NAME" Condition="Contains" Value="600mm" CaseInsensitive="False" Unit="None" UnitClass="None" FieldTitle="" UserDefined="False" Validation="None" />
          <Filter ID="9c65e421-cd34-4c34-b46f-3a0a75197135" Operator="Exclude" Category="Category" Property="OST_GenericModel" Condition="Included" Value="True" CaseInsensitive="False" Unit="None" UnitClass="None" FieldTitle="" UserDefined="False" Validation="None" />
          <Filter ID="d0f8a808-71d0-48f9-9915-12d6effb1a58" Operator="And" Category="Parameter" Property="ALL_MODEL_FAMILY_NAME" Condition="Contains" Value="GM_Travelator_Sloped" CaseInsensitive="False" Unit="None" UnitClass="None" FieldTitle="" UserDefined="False" Validation="None" />
          <Filter ID="75a0ea8d-b129-4283-884a-cf8acb3a7b68" Operator="Exclude" Category="Category" Property="OST_GenericModel" Condition="Included" Value="True" CaseInsensitive="False" Unit="None" UnitClass="None" FieldTitle="" UserDefined="False" Validation="None" />
          <Filter ID="6ad4b787-59cf-4ccc-af34-b30c618a7365" Operator="And" Category="Parameter" Property="ALL_MODEL_FAMILY_NAME" Condition="Contains" Value="GM_AccessHatch" CaseInsensitive="False" Unit="None" UnitClass="None" FieldTitle="" UserDefined="False" Validation="None" />
        </Check>
      </Section>
      <Section ID="37813990-c916-45ce-ae6f-cf501d0947b3" SectionName="Unneeded Mass Elements are Deleted" Title="" IsChecked="True" Description="">
        <Check ID="3eda3a39-e7e1-42c1-935a-b08ae8e5c445" CheckName="Mass Elements (Delete Unneeded Mass Elements)" Description="Checks for mass elements in the model and linked models." FailureMessage="There are mass elements in the model." ResultCondition="FailMatchingElements" CheckType="Custom" IsRequired="False" IsChecked="True">
          <Filter ID="cf3c6a3c-df8b-491c-a0e8-6cb49cc5bcc8" Operator="And" Category="Category" Property="OST_Mass" Condition="Included" Value="True" CaseInsensitive="False" Unit="None" UnitClass="None" FieldTitle="" UserDefined="False" Validation="None" />
          <Filter ID="eedaeb76-c447-4982-8648-84215c4513be" Operator="And" Category="Category" Property="OST_MassExteriorWall" Condition="Included" Value="True" CaseInsensitive="False" Unit="None" UnitClass="None" FieldTitle="" UserDefined="False" Validation="None" />
          <Filter ID="976d42b2-3bc3-4e7e-ae7d-8c120f505478" Operator="And" Category="Category" Property="OST_MassFloor" Condition="Included" Value="True" CaseInsensitive="False" Unit="None" UnitClass="None" FieldTitle="" UserDefined="False" Validation="None" />
          <Filter ID="792fae3b-a46a-420f-9c49-54f370a83c73" Operator="And" Category="Category" Property="OST_MassGlazingAll" Condition="Included" Value="True" CaseInsensitive="False" Unit="None" UnitClass="None" FieldTitle="" UserDefined="False" Validation="None" />
          <Filter ID="b212d9a3-b924-4fcd-8d6e-e45a1a2b337c" Operator="And" Category="Category" Property="OST_MassInteriorWall" Condition="Included" Value="True" CaseInsensitive="False" Unit="None" UnitClass="None" FieldTitle="" UserDefined="False" Validation="None" />
          <Filter ID="f4d31fa8-0dec-46f6-b2ca-857a9ea81385" Operator="And" Category="Category" Property="OST_MassOpening" Condition="Included" Value="True" CaseInsensitive="False" Unit="None" UnitClass="None" FieldTitle="" UserDefined="False" Validation="None" />
          <Filter ID="d23627ee-e459-4724-81be-1c46ac7888be" Operator="And" Category="Category" Property="OST_MassRoof" Condition="Included" Value="True" CaseInsensitive="False" Unit="None" UnitClass="None" FieldTitle="" UserDefined="False" Validation="None" />
          <Filter ID="65eb5a26-8a46-49d7-88f1-5e63ec90a186" Operator="And" Category="Category" Property="OST_MassSkylights" Condition="Included" Value="True" CaseInsensitive="False" Unit="None" UnitClass="None" FieldTitle="" UserDefined="False" Validation="None" />
          <Filter ID="f60ae356-5368-4642-a83e-8b631bd191e3" Operator="And" Category="Category" Property="OST_MassZone" Condition="Included" Value="True" CaseInsensitive="False" Unit="None" UnitClass="None" FieldTitle="" UserDefined="False" Validation="None" />
          <Filter ID="b33b4c67-d4da-4d10-b0b3-341fff557e0c" Operator="And" Category="TypeOrInstance" Property="Is Element Type" Condition="Equal" Value="False" CaseInsensitive="False" Unit="None" UnitClass="None" FieldTitle="" UserDefined="False" Validation="None" />
        </Check>
      </Section>
      <Section ID="0c4fc1b0-a7b4-40b1-9abf-74a6143ac3c7" SectionName="Groups are Un-grouped" Title="" IsChecked="True" Description="">
        <Check ID="91cbb073-ff5d-47bf-b034-257f394b3412" CheckName="Groups (Delete unneeded Groups)" Description="Checks for any groups in the model and linked models." FailureMessage="There are groups in the model . All groups shall be ungrouped for final submittals." ResultCondition="FailMatchingElements" CheckType="Custom" IsRequired="False" IsChecked="True">
          <Filter ID="7e56b360-6fce-40a9-9590-bca6e65e8e18" Operator="And" Category="Category" Property="OST_IOSModelGroups" Condition="Included" Value="True" CaseInsensitive="False" Unit="None" UnitClass="None" FieldTitle="" UserDefined="False" Validation="None" />
          <Filter ID="89f16a54-f8c6-4be3-a70f-d03d3e26d214" Operator="And" Category="Category" Property="OST_IOSDetailGroups" Condition="Included" Value="True" CaseInsensitive="False" Unit="None" UnitClass="None" FieldTitle="" UserDefined="False" Validation="None" />
          <Filter ID="dc35848a-ddc4-41b8-9a32-063fb4b990d9" Operator="And" Category="TypeOrInstance" Property="Is Element Type" Condition="Equal" Value="False" CaseInsensitive="False" Unit="None" UnitClass="None" FieldTitle="" UserDefined="False" Validation="None" />
        </Check>
      </Section>
      <Section ID="7bee56de-3407-4239-b655-9f88f8a8e6fb" SectionName="Unneeded In-Place Families are Deleted" Title="" IsChecked="True" Description="">
        <Check ID="7390822d-a49b-495f-b451-9a239a495bc6" CheckName="In-Place Families (Delete Unneeded In-Place Families)" Description="Checks for in-place families in the model and linked models." FailureMessage="There are in-place families in the model." ResultCondition="FailMatchingElements" CheckType="Custom" IsRequired="False" IsChecked="True">
          <Filter ID="e32938d9-ec4b-4f73-b283-eeac1e717583" Operator="And" Category="APIType" Property="Full Class Name" Condition="Equal" Value="Autodesk.Revit.DB.FamilyInstance" CaseInsensitive="False" Unit="None" UnitClass="None" FieldTitle="" UserDefined="False" Validation="None" />
          <Filter ID="bff1fa52-291b-4609-b35d-c8a7238d2ddb" Operator="And" Category="Family" Property="Is In-Place" Condition="Equal" Value="True" CaseInsensitive="False" Unit="None" UnitClass="None" FieldTitle="" UserDefined="False" Validation="None" />
          <Filter ID="70459f1b-90e5-4275-9ad1-943fe4556669" Operator="And" Category="TypeOrInstance" Property="Is Element Type" Condition="Equal" Value="False" CaseInsensitive="False" Unit="None" UnitClass="None" FieldTitle="" UserDefined="False" Validation="None" />
        </Check>
      </Section>
    </Section>
  </Heading>
  <Heading ID="1ceca114-3122-4fcb-9181-a0a333742388" HeadingText="GENERAL---VIEW TEMPLATES" Description="" IsChecked="True">
    <Section ID="ac38baa0-a610-47ab-a2fc-d77f45a2486f" SectionName="Floor Plans" Title="" IsChecked="True" Description="">
      <Check ID="0f5a5a66-323a-4a23-8533-ba83a6c1066f" CheckName="Floor Plans" Description="" FailureMessage="Floor Plan has NO View Template" ResultCondition="FailMatchingElements" CheckType="Custom" IsRequired="False" IsChecked="True">
        <Filter ID="5bc2b657-9cd7-4459-a389-b24c754e4f2f" Operator="And" Category="Category" Property="OST_Views" Condition="Included" Value="True" CaseInsensitive="False" Unit="None" UnitClass="None" FieldTitle="" UserDefined="False" Validation="None" />
        <Filter ID="c92f9c99-6296-4ee0-a646-65dae528e5b8" Operator="And" Category="Parameter" Property="Folder" Condition="Contains" Value="Documentation" CaseInsensitive="False" Unit="None" UnitClass="None" FieldTitle="" UserDefined="False" Validation="None" />
        <Filter ID="f3b7a147-0bcd-4abb-9e9a-83082c8c94f1" Operator="And" Category="Type" Property="Name" Condition="Contains" Value="Floor Plan" CaseInsensitive="False" Unit="None" UnitClass="None" FieldTitle="" UserDefined="False" Validation="None" />
        <Filter ID="6167fd85-3e83-4abc-9891-68363e5c676e" Operator="And" Category="Parameter" Property="VIEW_TEMPLATE" Condition="HasValue" Value="False" CaseInsensitive="False" Unit="None" UnitClass="None" FieldTitle="" UserDefined="False" Validation="None" />
      </Check>
    </Section>
    <Section ID="b4eac532-ee4f-415c-a358-c9b626198cfb" SectionName="Ceiling Plans" Title="" IsChecked="True" Description="">
      <Check ID="45eff944-ac64-46b7-8f16-ed5b43296163" CheckName="Ceiling Plan" Description="" FailureMessage="Ceiling Plan has NO View Template" ResultCondition="FailMatchingElements" CheckType="Custom" IsRequired="False" IsChecked="True">
        <Filter ID="775bc628-f6ed-4581-b21a-d63e3e41f90c" Operator="And" Category="Category" Property="OST_Views" Condition="Included" Value="True" CaseInsensitive="False" Unit="None" UnitClass="None" FieldTitle="" UserDefined="False" Validation="None" />
        <Filter ID="fcd880f9-c863-440c-9451-01411cbde55d" Operator="And" Category="Parameter" Property="Folder" Condition="Contains" Value="Documentation" CaseInsensitive="False" Unit="None" UnitClass="None" FieldTitle="" UserDefined="False" Validation="None" />
        <Filter ID="e7234843-fd23-4992-9e3c-1b1122eb033b" Operator="And" Category="Type" Property="Name" Condition="Contains" Value="Ceiling Plan" CaseInsensitive="False" Unit="None" UnitClass="None" FieldTitle="" UserDefined="False" Validation="None" />
        <Filter ID="29c798c6-34bf-4c6f-9bea-9e0d7fd479b2" Operator="And" Category="Parameter" Property="VIEW_TEMPLATE" Condition="HasValue" Value="False" CaseInsensitive="False" Unit="None" UnitClass="None" FieldTitle="" UserDefined="False" Validation="None" />
      </Check>
    </Section>
    <Section ID="9f308d41-4435-49df-bfe7-597186e4ab35" SectionName="Section" Title="" IsChecked="True" Description="">
      <Check ID="dae3e524-bd06-4515-80f2-e7527bf0a3fb" CheckName="Sections" Description="" FailureMessage="Section has NO View Template" ResultCondition="FailMatchingElements" CheckType="Custom" IsRequired="False" IsChecked="True">
        <Filter ID="e64f2dfa-e989-4dd3-a982-7f44442691af" Operator="And" Category="Category" Property="OST_Views" Condition="Included" Value="True" CaseInsensitive="False" Unit="None" UnitClass="None" FieldTitle="" UserDefined="False" Validation="None" />
        <Filter ID="96b819d9-8454-4302-a9d3-9a3315c7f5bb" Operator="And" Category="Parameter" Property="Folder" Condition="Contains" Value="Documentation" CaseInsensitive="False" Unit="None" UnitClass="None" FieldTitle="" UserDefined="False" Validation="None" />
        <Filter ID="01380d27-5ef5-4bd4-b635-7ab7b997c0b6" Operator="And" Category="Type" Property="Name" Condition="Contains" Value="Section" CaseInsensitive="False" Unit="None" UnitClass="None" FieldTitle="" UserDefined="False" Validation="None" />
        <Filter ID="7d87be50-f44d-4113-bc2e-791992fdc080" Operator="And" Category="Parameter" Property="VIEW_TEMPLATE" Condition="HasValue" Value="False" CaseInsensitive="False" Unit="None" UnitClass="None" FieldTitle="" UserDefined="False" Validation="None" />
      </Check>
    </Section>
    <Section ID="76724254-6b85-4f2b-ab5e-533aa1699645" SectionName="Elevation" Title="" IsChecked="True" Description="">
      <Check ID="489a6672-533b-435c-b11f-7b4cf820cb1e" CheckName="Elevation" Description="" FailureMessage="Elevation has NO View Template" ResultCondition="FailMatchingElements" CheckType="Custom" IsRequired="False" IsChecked="True">
        <Filter ID="3b978b43-4aaf-4440-8f37-0b2e407a91ea" Operator="And" Category="Category" Property="OST_Views" Condition="Included" Value="True" CaseInsensitive="False" Unit="None" UnitClass="None" FieldTitle="" UserDefined="False" Validation="None" />
        <Filter ID="0f8b72ce-654d-4ebd-b356-8a8514ca4f9c" Operator="And" Category="Parameter" Property="Folder" Condition="Contains" Value="Documentation" CaseInsensitive="False" Unit="None" UnitClass="None" FieldTitle="" UserDefined="False" Validation="None" />
        <Filter ID="b14ac85a-2346-417d-89da-dd8dcd8e80bf" Operator="And" Category="Type" Property="Name" Condition="Contains" Value="Elevation" CaseInsensitive="False" Unit="None" UnitClass="None" FieldTitle="" UserDefined="False" Validation="None" />
        <Filter ID="3a1ac6a4-2dfa-4302-91ac-f1d6bc41048e" Operator="And" Category="Parameter" Property="VIEW_TEMPLATE" Condition="HasValue" Value="False" CaseInsensitive="False" Unit="None" UnitClass="None" FieldTitle="" UserDefined="False" Validation="None" />
      </Check>
    </Section>
  </Heading>
  <Heading ID="a9e13a84-175f-40a5-8e0c-f28e20d8ad21" HeadingText="GENERAL---VIEW ORGANIZATION" Description="" IsChecked="True">
    <Section ID="799469bd-cc4f-4024-942d-3672b8b3b325" SectionName="No &quot;Working&quot; Views are on Sheets" Title="" IsChecked="True" Description="">
      <Check ID="d17bec67-a555-47d2-9653-f4179fc79021" CheckName="Views" Description="" FailureMessage="&quot;Working&quot; View is placed on a Sheet . Change the Folder of the View from &quot;Working&quot; to &quot;Documentation&quot;" ResultCondition="FailMatchingElements" CheckType="Custom" IsRequired="False" IsChecked="True">
        <Filter ID="9a8e7478-4bd0-4bce-b513-e35f4828e686" Operator="And" Category="Category" Property="OST_Views" Condition="Included" Value="True" CaseInsensitive="False" Unit="None" UnitClass="None" FieldTitle="" UserDefined="False" Validation="None" />
        <Filter ID="c8bfcbd8-8a19-475d-94fb-fc0cc3f0914a" Operator="And" Category="Parameter" Property="Folder" Condition="Contains" Value="Working" CaseInsensitive="False" Unit="None" UnitClass="None" FieldTitle="" UserDefined="False" Validation="None" />
        <Filter ID="23408695-58f3-4cf9-92a3-a62c18037e47" Operator="And" Category="Parameter" Property="VIEWPORT_SHEET_NUMBER" Condition="HasValue" Value="True" CaseInsensitive="False" Unit="None" UnitClass="None" FieldTitle="" UserDefined="False" Validation="None" />
        <Filter ID="22393e5e-dfd9-4254-b8a0-5351b9ecdad5" Operator="And" Category="TypeOrInstance" Property="Is Element Type" Condition="Equal" Value="False" CaseInsensitive="False" Unit="None" UnitClass="None" FieldTitle="" UserDefined="False" Validation="None" />
      </Check>
    </Section>
    <Section ID="fd9416d5-d604-404b-ab05-d6eda8f30e64" SectionName="All &quot;Documentation&quot; Views are placed on Sheets" Title="" IsChecked="True" Description="">
      <Check ID="66af1faa-7c42-41bf-bb11-379ce17cdf98" CheckName="Views" Description="" FailureMessage="&quot;Documentation&quot; View is NOT placed on a Sheet. Add the View on a Sheet " ResultCondition="FailMatchingElements" CheckType="Custom" IsRequired="False" IsChecked="True">
        <Filter ID="e76a6205-736f-4972-999e-0e5d2cdd091b" Operator="And" Category="Category" Property="OST_Views" Condition="Included" Value="True" CaseInsensitive="False" Unit="None" UnitClass="None" FieldTitle="" UserDefined="False" Validation="None" />
        <Filter ID="a534b369-3e18-455f-b264-615002dbfc8d" Operator="And" Category="Parameter" Property="Folder" Condition="Contains" Value="Documentation" CaseInsensitive="False" Unit="None" UnitClass="None" FieldTitle="" UserDefined="False" Validation="None" />
        <Filter ID="ac9a8753-1a27-4df9-b65d-40ff44b79a43" Operator="And" Category="Parameter" Property="VIEWPORT_SHEET_NUMBER" Condition="HasValue" Value="False" CaseInsensitive="False" Unit="None" UnitClass="None" FieldTitle="" UserDefined="False" Validation="None" />
        <Filter ID="91cf665d-8ae5-4889-af52-3370c5323e68" Operator="And" Category="TypeOrInstance" Property="Is Element Type" Condition="Equal" Value="False" CaseInsensitive="False" Unit="None" UnitClass="None" FieldTitle="" UserDefined="False" Validation="None" />
      </Check>
    </Section>
    <Section ID="ac443312-3e47-4afb-a343-c5a1dfe49ab7" SectionName="All Views are Defined in Project Browser (No Views under ???)" Title="" IsChecked="True" Description="">
      <Check ID="94120fb2-b343-4419-94bc-f228c9bfb243" CheckName="Floor Plan :&quot;Department&quot; or &quot;Sub-Discipline&quot; is Not Defined in Project Browser" Description="" FailureMessage="The Parameter &quot;Department&quot; OR &quot;Sub-Discipline&quot; in Project Browser should be Defined (Architecture, Interior Architecture, ...)" ResultCondition="FailMatchingElements" CheckType="Custom" IsRequired="False" IsChecked="True">
        <Filter ID="3509910b-198b-41f3-8a1b-c850f3af3bc7" Operator="And" Category="Category" Property="OST_Views" Condition="Included" Value="True" CaseInsensitive="False" Unit="None" UnitClass="None" FieldTitle="" UserDefined="False" Validation="None" />
        <Filter ID="52db038f-3def-4526-b142-9e006ccfd2e2" Operator="And" Category="Type" Property="Name" Condition="Contains" Value="Floor Plan" CaseInsensitive="False" Unit="None" UnitClass="None" FieldTitle="" UserDefined="False" Validation="None" />
        <Filter ID="5ef484b7-a2a9-48f6-9450-569a86622726" Operator="And" Category="Parameter" Property="Department" Condition="HasValue" Value="False" CaseInsensitive="False" Unit="None" UnitClass="None" FieldTitle="" UserDefined="False" Validation="None" />
        <Filter ID="3adadb54-5b64-45ba-bc45-f6c4dd805157" Operator="And" Category="Parameter" Property="Sub-Discipline" Condition="HasValue" Value="False" CaseInsensitive="False" Unit="None" UnitClass="None" FieldTitle="" UserDefined="False" Validation="None" />
        <Filter ID="e0c9d882-28d7-4389-9960-60ea54d0cfa5" Operator="And" Category="TypeOrInstance" Property="Is Element Type" Condition="Equal" Value="False" CaseInsensitive="False" Unit="None" UnitClass="None" FieldTitle="" UserDefined="False" Validation="None" />
      </Check>
      <Check ID="ec1c031c-2e84-4527-b875-05b69f9908e6" CheckName="Ceiling Plan:&quot;Department&quot; or &quot;Sub-Discipline&quot; is Not Defined in Project Browser" Description="" FailureMessage="The Parameter &quot;Department&quot; OR &quot;Sub-Discipline&quot; in Project Browser should be Defined (Architecture, Interior Architecture, ...)" ResultCondition="FailMatchingElements" CheckType="Custom" IsRequired="False" IsChecked="True">
        <Filter ID="90c3ffc2-f4b6-4441-80a1-5273a14096cb" Operator="And" Category="Category" Property="OST_Views" Condition="Included" Value="True" CaseInsensitive="False" Unit="None" UnitClass="None" FieldTitle="" UserDefined="False" Validation="None" />
        <Filter ID="2b677bc7-d123-43b5-a468-b2f1389160e7" Operator="And" Category="Type" Property="Name" Condition="Contains" Value="Ceiling Plan" CaseInsensitive="False" Unit="None" UnitClass="None" FieldTitle="" UserDefined="False" Validation="None" />
        <Filter ID="2ce23b67-f8bf-4604-981a-8ca82cb1c69d" Operator="And" Category="Parameter" Property="Department" Condition="HasValue" Value="False" CaseInsensitive="False" Unit="None" UnitClass="None" FieldTitle="" UserDefined="False" Validation="None" />
        <Filter ID="0d17a61f-bb79-4f1f-8bb0-8d6cc030c149" Operator="And" Category="Parameter" Property="Sub-Discipline" Condition="HasValue" Value="False" CaseInsensitive="False" Unit="None" UnitClass="None" FieldTitle="" UserDefined="False" Validation="None" />
        <Filter ID="2e274255-c305-4303-89b2-f8e8bd888ad3" Operator="And" Category="TypeOrInstance" Property="Is Element Type" Condition="Equal" Value="False" CaseInsensitive="False" Unit="None" UnitClass="None" FieldTitle="" UserDefined="False" Validation="None" />
      </Check>
      <Check ID="27c2762b-8c0f-40f5-8001-8b6ab804fbea" CheckName="Section: &quot;Department&quot; or &quot;Sub-Discipline&quot; is Not Defined in Project Browser" Description="" FailureMessage="The Parameter &quot;Department&quot; OR &quot;Sub-Discipline&quot; in Project Browser should be Defined (Architecture, Interior Architecture, ...)" ResultCondition="FailMatchingElements" CheckType="Custom" IsRequired="False" IsChecked="True">
        <Filter ID="9c996f18-2cc5-4dda-947d-53b0eaa6a6e5" Operator="And" Category="Category" Property="OST_Views" Condition="Included" Value="True" CaseInsensitive="False" Unit="None" UnitClass="None" FieldTitle="" UserDefined="False" Validation="None" />
        <Filter ID="d7a99643-aa8e-43c2-8aa7-9c74b6d16e7d" Operator="And" Category="Type" Property="Name" Condition="Contains" Value="Section" CaseInsensitive="False" Unit="None" UnitClass="None" FieldTitle="" UserDefined="False" Validation="None" />
        <Filter ID="39ae15f8-6325-4920-ab39-639b67c2a386" Operator="And" Category="Parameter" Property="Department" Condition="HasValue" Value="False" CaseInsensitive="False" Unit="None" UnitClass="None" FieldTitle="" UserDefined="False" Validation="None" />
        <Filter ID="1edf945e-59bd-4c8e-b616-4c55a265be67" Operator="And" Category="Parameter" Property="Sub-Discipline" Condition="HasValue" Value="False" CaseInsensitive="False" Unit="None" UnitClass="None" FieldTitle="" UserDefined="False" Validation="None" />
        <Filter ID="87f62f0b-dd4c-401b-8559-959b828cfa13" Operator="And" Category="TypeOrInstance" Property="Is Element Type" Condition="Equal" Value="False" CaseInsensitive="False" Unit="None" UnitClass="None" FieldTitle="" UserDefined="False" Validation="None" />
      </Check>
      <Check ID="6a3d5491-99c7-486b-be0a-bdb1e0b9d2d1" CheckName="Elevation: &quot;Department&quot; or &quot;Sub-Discipline&quot; is Not Defined in Project Browser" Description="" FailureMessage="The Parameter &quot;Department&quot; OR &quot;Sub-Discipline&quot; in Project Browser should be Defined (Architecture, Interior Architecture, ...)" ResultCondition="FailMatchingElements" CheckType="Custom" IsRequired="False" IsChecked="True">
        <Filter ID="549020a1-42a3-48e4-b385-a874fd708c65" Operator="And" Category="Category" Property="OST_Views" Condition="Included" Value="True" CaseInsensitive="False" Unit="None" UnitClass="None" FieldTitle="" UserDefined="False" Validation="None" />
        <Filter ID="3a242897-5cda-4e04-8457-65777a4f7d0a" Operator="And" Category="Type" Property="Name" Condition="Contains" Value="Elevation" CaseInsensitive="False" Unit="None" UnitClass="None" FieldTitle="" UserDefined="False" Validation="None" />
        <Filter ID="5db68e1a-01e7-4fff-8cb6-b021b2da5a08" Operator="And" Category="Parameter" Property="Department" Condition="HasValue" Value="False" CaseInsensitive="False" Unit="None" UnitClass="None" FieldTitle="" UserDefined="False" Validation="None" />
        <Filter ID="2ac16547-0119-4fdf-897d-0e78bc60d7e5" Operator="And" Category="Parameter" Property="Sub-Discipline" Condition="HasValue" Value="False" CaseInsensitive="False" Unit="None" UnitClass="None" FieldTitle="" UserDefined="False" Validation="None" />
        <Filter ID="af54698c-8628-4329-b770-df2dd1dd65c2" Operator="And" Category="TypeOrInstance" Property="Is Element Type" Condition="Equal" Value="False" CaseInsensitive="False" Unit="None" UnitClass="None" FieldTitle="" UserDefined="False" Validation="None" />
      </Check>
      <Check ID="f6441a5c-fd63-46ba-95e4-8cc3d7e195f2" CheckName="Floor Plan :&quot;Folder&quot; is Not Defined in Project Browser" Description="" FailureMessage="The Parameter &quot;Folder&quot; in Project Browser should be Defined (Working, Documentation or Coordination)" ResultCondition="FailMatchingElements" CheckType="Custom" IsRequired="False" IsChecked="True">
        <Filter ID="d7cfb4e5-4e11-49a5-ba30-08e8bbc4d665" Operator="And" Category="Category" Property="OST_Views" Condition="Included" Value="True" CaseInsensitive="False" Unit="None" UnitClass="None" FieldTitle="" UserDefined="False" Validation="None" />
        <Filter ID="c9721afb-bd84-49d0-8aa3-c27d2093b945" Operator="And" Category="Type" Property="Name" Condition="Contains" Value="Floor Plan" CaseInsensitive="False" Unit="None" UnitClass="None" FieldTitle="" UserDefined="False" Validation="None" />
        <Filter ID="17075154-48b0-4e45-b3d3-a28910f933db" Operator="And" Category="Parameter" Property="Folder" Condition="HasValue" Value="False" CaseInsensitive="False" Unit="None" UnitClass="None" FieldTitle="" UserDefined="False" Validation="None" />
        <Filter ID="7f103f37-19ac-4184-878f-c9923fdb7db6" Operator="And" Category="TypeOrInstance" Property="Is Element Type" Condition="Equal" Value="False" CaseInsensitive="False" Unit="None" UnitClass="None" FieldTitle="" UserDefined="False" Validation="None" />
      </Check>
      <Check ID="9adc84d2-9ecd-4424-a08b-e7e8c3fcab33" CheckName="Ceiling Plan:&quot;Folder&quot; is Not Defined in Project Browser" Description="" FailureMessage="The Parameter &quot;Folder&quot; in Project Browser should be Defined (Working, Documentation or Coordination)" ResultCondition="FailMatchingElements" CheckType="Custom" IsRequired="False" IsChecked="True">
        <Filter ID="82e70f0f-4fc4-47bd-99aa-428ccbeb63e5" Operator="And" Category="Category" Property="OST_Views" Condition="Included" Value="True" CaseInsensitive="False" Unit="None" UnitClass="None" FieldTitle="" UserDefined="False" Validation="None" />
        <Filter ID="48751727-f771-4d31-bdca-e5301fd8f667" Operator="And" Category="Type" Property="Name" Condition="Contains" Value="Ceiling Plan" CaseInsensitive="False" Unit="None" UnitClass="None" FieldTitle="" UserDefined="False" Validation="None" />
        <Filter ID="50b55f7d-8ea3-44de-a993-f0fd3cd5d0b4" Operator="And" Category="Parameter" Property="Folder" Condition="HasValue" Value="False" CaseInsensitive="False" Unit="None" UnitClass="None" FieldTitle="" UserDefined="False" Validation="None" />
        <Filter ID="0e4fb862-6958-4005-b59c-ced4678b33d1" Operator="And" Category="TypeOrInstance" Property="Is Element Type" Condition="Equal" Value="False" CaseInsensitive="False" Unit="None" UnitClass="None" FieldTitle="" UserDefined="False" Validation="None" />
      </Check>
      <Check ID="f85bc898-dc71-479e-be66-f299099ebeb9" CheckName="Section: &quot;Folder&quot; is Not Defined in Project Browser" Description="" FailureMessage="The Parameter &quot;Folder&quot; in Project Browser should be Defined (Working, Documentation or Coordination)" ResultCondition="FailMatchingElements" CheckType="Custom" IsRequired="False" IsChecked="True">
        <Filter ID="51f4c773-1b94-4ada-a901-6c68aebccf17" Operator="And" Category="Category" Property="OST_Views" Condition="Included" Value="True" CaseInsensitive="False" Unit="None" UnitClass="None" FieldTitle="" UserDefined="False" Validation="None" />
        <Filter ID="266ef924-c7e0-4dcc-848b-c52339224121" Operator="And" Category="Type" Property="Name" Condition="Contains" Value="Section" CaseInsensitive="False" Unit="None" UnitClass="None" FieldTitle="" UserDefined="False" Validation="None" />
        <Filter ID="ea504eeb-5097-4c45-a596-e930f8d5cb58" Operator="And" Category="Parameter" Property="Folder" Condition="HasValue" Value="False" CaseInsensitive="False" Unit="None" UnitClass="None" FieldTitle="" UserDefined="False" Validation="None" />
        <Filter ID="e6ee7bff-286b-4370-9a3b-e5ab0a941380" Operator="And" Category="TypeOrInstance" Property="Is Element Type" Condition="Equal" Value="False" CaseInsensitive="False" Unit="None" UnitClass="None" FieldTitle="" UserDefined="False" Validation="None" />
      </Check>
      <Check ID="1df9e91b-7a2a-425a-837b-7a283d1541c2" CheckName="Elevation: &quot;Folder&quot; is Not Defined in Project Browser" Description="" FailureMessage="The Parameter &quot;Folder&quot; in Project Browser should be Defined (Working, Documentation or Coordination)" ResultCondition="FailMatchingElements" CheckType="Custom" IsRequired="False" IsChecked="True">
        <Filter ID="909041d2-093e-429e-a448-d9e388310b2a" Operator="And" Category="Category" Property="OST_Views" Condition="Included" Value="True" CaseInsensitive="False" Unit="None" UnitClass="None" FieldTitle="" UserDefined="False" Validation="None" />
        <Filter ID="df127f0f-1911-475e-83c5-c90a05f8d945" Operator="And" Category="Type" Property="Name" Condition="Contains" Value="Elevation" CaseInsensitive="False" Unit="None" UnitClass="None" FieldTitle="" UserDefined="False" Validation="None" />
        <Filter ID="27aebc4e-2521-468e-840e-9fdf357f5f6d" Operator="And" Category="Parameter" Property="Folder" Condition="HasValue" Value="False" CaseInsensitive="False" Unit="None" UnitClass="None" FieldTitle="" UserDefined="False" Validation="None" />
        <Filter ID="f02ea1f3-254e-4247-b488-c2f8bf82d287" Operator="And" Category="TypeOrInstance" Property="Is Element Type" Condition="Equal" Value="False" CaseInsensitive="False" Unit="None" UnitClass="None" FieldTitle="" UserDefined="False" Validation="None" />
      </Check>
    </Section>
  </Heading>
  <Heading ID="0958fd7f-fb96-4d13-bc83-bbad3362a3cd" HeadingText="&lt;--Unused--&gt;" Description="Checks that have been created but not placed in the structure yet." IsChecked="True">
    <Section ID="3d4817ec-db39-49c9-bd7a-8f0f876cdd98" SectionName="&lt;--Unused--&gt;" Title="Checks that have not been placed" IsChecked="True" Description="" />
  </Heading>
</MCSettings>