﻿<?xml version="1.0" encoding="UTF-8" standalone="yes"?>
<MCSettings AllowRequired="False" Name="MODEL GENERAL CHECKS" Icon="http://www.biminteroperabilitytools.com/modelchecker/downloads/TN_32icon.jpg" Image="http://www.biminteroperabilitytools.com/modelchecker/downloads/TN-100.png" SampleModel="">
  <Heading HeadingText="MODEL INTEGRITY CHECKS" Description="" />
  <Heading HeadingText="GENERAL---FILE CHARACTERISTICS" Description="While not required, this collection of checks are based on Revit best practices.">
    <Section SectionName="FILE CHARACTERISTICS" Title="" IsChecked="True" Description="">
      <Check CheckName="File Size Should Not Exceed 200mb" IsModelCheck="True" Description="Reports the file size of a Revit model in MB (megabytes)." ShowList="True" FailureMessage="File size should not exceed 200mb" FailureCondition="ReportElements" CheckType="FileSize" IsRequired="False" IsChecked="True" IsInitialized="True" />
      <Check CheckName="Project Information" IsModelCheck="True" Description="Lists all parameters and values attached to Project Information for a project except those associated with Revit Extensions (starting with 'Extensions')." ShowList="True" FailureMessage="Check if project Information is filled" FailureCondition="ReportElements" CheckType="ProjectInformation" IsRequired="False" IsChecked="True" IsInitialized="True" />
      <Check CheckName="Unused Elements" IsModelCheck="True" Description="Reports the number of elements that can be purged from a Revit model." ShowList="False" FailureMessage="Check if project Information is filled" FailureCondition="ReportElements" CheckType="UnusedElements" IsRequired="False" IsChecked="False" IsInitialized="True" />
      <Check CheckName="Warnings" IsModelCheck="True" Description="Reports and lists all warnings in a Revit model." ShowList="False" FailureMessage="Check if project Information is filled" FailureCondition="ReportElements" CheckType="WarningCount" IsRequired="False" IsChecked="False" IsInitialized="True" />
    </Section>
  </Heading>
  <Heading HeadingText="GENERAL---LINKS INFORMATION " Description="">
    <Section SectionName="LINKS" Title="" IsChecked="True" Description="">
      <Section SectionName="URS File is Linked" Title="" IsChecked="True" Description="">
        <Check CheckName="URS is linked" IsModelCheck="False" Description="URS Files are linked" ShowList="True" FailureMessage="URS File is NOT Linked" FailureCondition="NoElements" CheckType="Custom" IsRequired="False" IsChecked="True" IsInitialized="True">
          <Filter Operator="And" Category="Category" Property="OST_RvtLinks" Condition="Included" Value="True" Unit="None" UnitClass="None" FieldTitle="" UserDefined="False" Validation="None" />
          <Filter Operator="And" Category="Type" Property="Name" Condition="Contains" Value="_URS" Unit="None" UnitClass="None" FieldTitle="" UserDefined="False" Validation="None" />
          <Filter Operator="And" Category="TypeOrInstance" Property="Is Element Type" Condition="Equal" Value="True" Unit="None" UnitClass="None" FieldTitle="" UserDefined="False" Validation="None" />
        </Check>
      </Section>
      <Section SectionName="CAD/Import Links are Removed" Title="" IsChecked="True" Description="">
        <Check CheckName="CAD Links/Import" IsModelCheck="False" Description="Check if CAD Links/Imports are still needed" ShowList="True" FailureMessage="Model Contains Unnneded CAD Links/Imports" FailureCondition="ReportElements" CheckType="Custom" IsRequired="False" IsChecked="True" IsInitialized="True">
          <Filter Operator="And" Category="Family" Property="Name" Condition="Contains" Value="Import Symbol" Unit="None" UnitClass="None" FieldTitle="" UserDefined="False" Validation="None" />
          <Filter Operator="And" Category="Parameter" Property="ELEM_TYPE_PARAM" Condition="Contains" Value=".dwg" Unit="None" UnitClass="None" FieldTitle="" UserDefined="False" Validation="None" />
          <Filter Operator="And" Category="TypeOrInstance" Property="Is Element Type" Condition="Equal" Value="False" Unit="None" UnitClass="None" FieldTitle="" UserDefined="False" Validation="None" />
        </Check>
      </Section>
      <Section SectionName="Revit Links are of Type &quot;Overlay&quot;" Title="" IsChecked="True" Description="">
        <Check CheckName="Revit Links are e of Type &quot;Overlay&quot;" IsModelCheck="False" Description="Check if REVIT Links are of Type &quot;Overlay&quot;" ShowList="True" FailureMessage="Revit Link should be of Type &quot;Overlay&quot;" FailureCondition="ReportElements" CheckType="Custom" IsRequired="False" IsChecked="True" IsInitialized="True">
          <Filter Operator="And" Category="Category" Property="OST_RvtLinks" Condition="Included" Value="True" Unit="None" UnitClass="None" FieldTitle="" UserDefined="False" Validation="None" />
          <Filter Operator="And" Category="TypeOrInstance" Property="Is Element Type" Condition="Equal" Value="True" Unit="None" UnitClass="None" FieldTitle="" UserDefined="False" Validation="None" />
          <Filter Operator="And" Category="Parameter" Property="RVT_LINK_REFERENCE_TYPE" Condition="Equal" Value="3" Unit="None" UnitClass="None" FieldTitle="" UserDefined="False" Validation="None" />
        </Check>
      </Section>
      <Section SectionName="Revit Links are &quot;Room Bounding&quot;" Title="" IsChecked="True" Description="">
        <Check CheckName="Revit Links_Room Bounding" IsModelCheck="False" Description="Check if REVIT Links are Room Bounidng" ShowList="True" FailureMessage="Revit Link is not &quot;Room Bounding&quot;" FailureCondition="ReportElements" CheckType="Custom" IsRequired="False" IsChecked="False" IsInitialized="True">
          <Filter Operator="And" Category="Category" Property="OST_RvtLinks" Condition="Included" Value="True" Unit="None" UnitClass="None" FieldTitle="" UserDefined="False" Validation="None" />
          <Filter Operator="And" Category="Parameter" Property="WALL_ATTR_ROOM_BOUNDING" Condition="Equal" Value="0" Unit="None" UnitClass="None" FieldTitle="" UserDefined="False" Validation="None" />
          <Filter Operator="And" Category="TypeOrInstance" Property="Is Element Type" Condition="Equal" Value="True" Unit="None" UnitClass="None" FieldTitle="" UserDefined="False" Validation="None" />
          <Filter Operator="And" Category="Type" Property="Name" Condition="Contains" Value="_AR_" Unit="None" UnitClass="None" FieldTitle="" UserDefined="False" Validation="None" />
        </Check>
      </Section>
      <Section SectionName="Trades Revit Files are Linked" Title="" IsChecked="True" Description="">
        <Check CheckName="Trades Revit Files are Linked" IsModelCheck="True" Description="Check if REVIT Links are still needed" ShowList="True" FailureMessage="Trades Revit Files are Linked" FailureCondition="NoElements" CheckType="Custom" IsRequired="False" IsChecked="True" IsInitialized="True">
          <Filter Operator="And" Category="Category" Property="OST_RvtLinks" Condition="Included" Value="True" Unit="None" UnitClass="None" FieldTitle="" UserDefined="False" Validation="None" />
          <Filter Operator="And" Category="TypeOrInstance" Property="Is Element Type" Condition="Equal" Value="False" Unit="None" UnitClass="None" FieldTitle="" UserDefined="False" Validation="None" />
        </Check>
      </Section>
      <Section SectionName="Revit Links are Pinned" Title="" IsChecked="True" Description="">
        <Check CheckName="Revit Links " IsModelCheck="False" Description="Check if REVIT Links are still needed" ShowList="True" FailureMessage="Trades Revit Files are pinned" FailureCondition="ReportElements" CheckType="Custom" IsRequired="False" IsChecked="True" IsInitialized="True">
          <Filter Operator="And" Category="Category" Property="OST_RvtLinks" Condition="Included" Value="True" Unit="None" UnitClass="None" FieldTitle="" UserDefined="False" Validation="None" />
          <Filter Operator="And" Category="TypeOrInstance" Property="Is Element Type" Condition="Equal" Value="False" Unit="None" UnitClass="None" FieldTitle="" UserDefined="False" Validation="None" />
          <Filter Operator="And" Category="Parameter" Property="Pinned" Condition="Equal" Value="False" Unit="None" UnitClass="None" FieldTitle="" UserDefined="False" Validation="None" />
        </Check>
      </Section>
    </Section>
  </Heading>
  <Heading HeadingText="GENERAL---MODELING PRACTICES" Description="">
    <Section SectionName="MODELING PRACTICES" Title="" IsChecked="False" Description="">
      <Section SectionName="Model Lines are NOT Used" Title="" IsChecked="True" Description="">
        <Check CheckName="Model Lines " IsModelCheck="False" Description="Checks for Model Lines in the model and linked models." ShowList="True" FailureMessage="There are Model Lines in the model" FailureCondition="ReportElements" CheckType="Custom" IsRequired="False" IsChecked="True" IsInitialized="True">
          <Filter Operator="And" Category="Category" Property="OST_Lines" Condition="Included" Value="True" Unit="None" UnitClass="None" FieldTitle="" UserDefined="False" Validation="None" />
          <Filter Operator="And" Category="Parameter" Property="CURVE_IS_DETAIL" Condition="Equal" Value="0" Unit="None" UnitClass="None" FieldTitle="" UserDefined="False" Validation="None" />
        </Check>
      </Section>
      <Section SectionName="Generic Model are NOT Used" Title="" IsChecked="True" Description="">
        <Check CheckName="Generic Model Should not be Used in the Model" IsModelCheck="False" Description="Checks for generic model families in the model and linked models." ShowList="False" FailureMessage="There are generic model families in the model" FailureCondition="ReportElements" CheckType="Custom" IsRequired="False" IsChecked="True" IsInitialized="True">
          <Filter Operator="And" Category="Category" Property="OST_GenericModel" Condition="Included" Value="True" Unit="None" UnitClass="None" FieldTitle="" UserDefined="False" Validation="None" />
          <Filter Operator="And" Category="TypeOrInstance" Property="Is Element Type" Condition="Equal" Value="True" Unit="None" UnitClass="None" FieldTitle="" UserDefined="False" Validation="None" />
          <Filter Operator="Exclude" Category="Category" Property="OST_GenericModel" Condition="Included" Value="True" Unit="None" UnitClass="None" FieldTitle="" UserDefined="False" Validation="None" />
          <Filter Operator="And" Category="Parameter" Property="ALL_MODEL_FAMILY_NAME" Condition="Contains" Value="SPCLT EQUIP_3D_Escalator" Unit="None" UnitClass="None" FieldTitle="" UserDefined="False" Validation="None" />
          <Filter Operator="Exclude" Category="Category" Property="OST_GenericModel" Condition="Included" Value="True" Unit="None" UnitClass="None" FieldTitle="" UserDefined="False" Validation="None" />
          <Filter Operator="And" Category="Parameter" Property="ALL_MODEL_TYPE_NAME" Condition="Contains" Value="600mm" Unit="None" UnitClass="None" FieldTitle="" UserDefined="False" Validation="None" />
          <Filter Operator="Exclude" Category="Category" Property="OST_GenericModel" Condition="Included" Value="True" Unit="None" UnitClass="None" FieldTitle="" UserDefined="False" Validation="None" />
          <Filter Operator="And" Category="Parameter" Property="ALL_MODEL_FAMILY_NAME" Condition="Contains" Value="GNR MODL_3D_" Unit="None" UnitClass="None" FieldTitle="" UserDefined="False" Validation="None" />
        </Check>
      </Section>
      <Section SectionName="Unneeded Mass Elements are Deleted" Title="" IsChecked="True" Description="">
        <Check CheckName="Mass Elements (Delete Unneeded Mass Elements)" IsModelCheck="False" Description="Checks for mass elements in the model and linked models." ShowList="True" FailureMessage="There are mass elements in the model." FailureCondition="ReportElements" CheckType="Custom" IsRequired="False" IsChecked="True" IsInitialized="True">
          <Filter Operator="And" Category="Category" Property="OST_Mass" Condition="Included" Value="True" Unit="None" UnitClass="None" FieldTitle="" UserDefined="False" Validation="None" />
          <Filter Operator="And" Category="Category" Property="OST_MassExteriorWall" Condition="Included" Value="True" Unit="None" UnitClass="None" FieldTitle="" UserDefined="False" Validation="None" />
          <Filter Operator="And" Category="Category" Property="OST_MassFloor" Condition="Included" Value="True" Unit="None" UnitClass="None" FieldTitle="" UserDefined="False" Validation="None" />
          <Filter Operator="And" Category="Category" Property="OST_MassGlazingAll" Condition="Included" Value="True" Unit="None" UnitClass="None" FieldTitle="" UserDefined="False" Validation="None" />
          <Filter Operator="And" Category="Category" Property="OST_MassInteriorWall" Condition="Included" Value="True" Unit="None" UnitClass="None" FieldTitle="" UserDefined="False" Validation="None" />
          <Filter Operator="And" Category="Category" Property="OST_MassOpening" Condition="Included" Value="True" Unit="None" UnitClass="None" FieldTitle="" UserDefined="False" Validation="None" />
          <Filter Operator="And" Category="Category" Property="OST_MassRoof" Condition="Included" Value="True" Unit="None" UnitClass="None" FieldTitle="" UserDefined="False" Validation="None" />
          <Filter Operator="And" Category="Category" Property="OST_MassSkylights" Condition="Included" Value="True" Unit="None" UnitClass="None" FieldTitle="" UserDefined="False" Validation="None" />
          <Filter Operator="And" Category="Category" Property="OST_MassZone" Condition="Included" Value="True" Unit="None" UnitClass="None" FieldTitle="" UserDefined="False" Validation="None" />
          <Filter Operator="And" Category="TypeOrInstance" Property="Is Element Type" Condition="Equal" Value="False" Unit="None" UnitClass="None" FieldTitle="" UserDefined="False" Validation="None" />
        </Check>
      </Section>
      <Section SectionName="Groups are Un-grouped" Title="" IsChecked="True" Description="">
        <Check CheckName="Groups (Delete unneeded Groups)" IsModelCheck="False" Description="Checks for any groups in the model and linked models." ShowList="True" FailureMessage="There are groups in the model . All groups shall be ungrouped for final submittals." FailureCondition="ReportElements" CheckType="Custom" IsRequired="False" IsChecked="True" IsInitialized="True">
          <Filter Operator="And" Category="Category" Property="OST_IOSModelGroups" Condition="Included" Value="True" Unit="None" UnitClass="None" FieldTitle="" UserDefined="False" Validation="None" />
          <Filter Operator="And" Category="Category" Property="OST_IOSDetailGroups" Condition="Included" Value="True" Unit="None" UnitClass="None" FieldTitle="" UserDefined="False" Validation="None" />
          <Filter Operator="And" Category="TypeOrInstance" Property="Is Element Type" Condition="Equal" Value="False" Unit="None" UnitClass="None" FieldTitle="" UserDefined="False" Validation="None" />
        </Check>
      </Section>
      <Section SectionName="Unneeded In-Place Families are Deleted" Title="" IsChecked="True" Description="">
        <Check CheckName="In-Place Families (Delete Unneeded In-Place Families)" IsModelCheck="False" Description="Checks for in-place families in the model and linked models." ShowList="False" FailureMessage="There are in-place families in the model." FailureCondition="ReportElements" CheckType="Custom" IsRequired="False" IsChecked="True" IsInitialized="True">
          <Filter Operator="And" Category="APIType" Property="Full Class Name" Condition="Equal" Value="Autodesk.Revit.DB.FamilyInstance" Unit="None" UnitClass="None" FieldTitle="" UserDefined="False" Validation="None" />
          <Filter Operator="And" Category="Family" Property="Is In-Place" Condition="Equal" Value="True" Unit="None" UnitClass="None" FieldTitle="" UserDefined="False" Validation="None" />
          <Filter Operator="And" Category="TypeOrInstance" Property="Is Element Type" Condition="Equal" Value="False" Unit="None" UnitClass="None" FieldTitle="" UserDefined="False" Validation="None" />
        </Check>
      </Section>
    </Section>
  </Heading>
  <Heading HeadingText="GENERAL---VIEW TEMPLATES" Description="">
    <Section SectionName="Floor Plans" Title="" IsChecked="True" Description="">
      <Check CheckName="Floor Plans" IsModelCheck="False" Description="" ShowList="True" FailureMessage="Floor Plan has NO View Template" FailureCondition="ReportElements" CheckType="Custom" IsRequired="False" IsChecked="False" IsInitialized="True">
        <Filter Operator="And" Category="Category" Property="OST_Views" Condition="Included" Value="True" Unit="None" UnitClass="None" FieldTitle="" UserDefined="False" Validation="None" />
        <Filter Operator="And" Category="Parameter" Property="Folder" Condition="Contains" Value="Documentation" Unit="None" UnitClass="None" FieldTitle="" UserDefined="False" Validation="None" />
        <Filter Operator="And" Category="Type" Property="Name" Condition="Contains" Value="Floor Plan" Unit="None" UnitClass="None" FieldTitle="" UserDefined="False" Validation="None" />
        <Filter Operator="And" Category="Parameter" Property="VIEW_TEMPLATE" Condition="HasValue" Value="False" Unit="None" UnitClass="None" FieldTitle="" UserDefined="False" Validation="None" />
      </Check>
    </Section>
    <Section SectionName="Ceiling Plans" Title="" IsChecked="True" Description="">
      <Check CheckName="Ceiling Plan" IsModelCheck="False" Description="" ShowList="True" FailureMessage="Ceiling Plan has NO View Template" FailureCondition="ReportElements" CheckType="Custom" IsRequired="False" IsChecked="False" IsInitialized="True">
        <Filter Operator="And" Category="Category" Property="OST_Views" Condition="Included" Value="True" Unit="None" UnitClass="None" FieldTitle="" UserDefined="False" Validation="None" />
        <Filter Operator="And" Category="Parameter" Property="Folder" Condition="Contains" Value="Documentation" Unit="None" UnitClass="None" FieldTitle="" UserDefined="False" Validation="None" />
        <Filter Operator="And" Category="Type" Property="Name" Condition="Contains" Value="Ceiling Plan" Unit="None" UnitClass="None" FieldTitle="" UserDefined="False" Validation="None" />
        <Filter Operator="And" Category="Parameter" Property="VIEW_TEMPLATE" Condition="HasValue" Value="False" Unit="None" UnitClass="None" FieldTitle="" UserDefined="False" Validation="None" />
      </Check>
    </Section>
    <Section SectionName="Section" Title="" IsChecked="True" Description="">
      <Check CheckName="Sections" IsModelCheck="False" Description="" ShowList="True" FailureMessage="Section has NO View Template" FailureCondition="ReportElements" CheckType="Custom" IsRequired="False" IsChecked="False" IsInitialized="True">
        <Filter Operator="And" Category="Category" Property="OST_Views" Condition="Included" Value="True" Unit="None" UnitClass="None" FieldTitle="" UserDefined="False" Validation="None" />
        <Filter Operator="And" Category="Parameter" Property="Folder" Condition="Contains" Value="Documentation" Unit="None" UnitClass="None" FieldTitle="" UserDefined="False" Validation="None" />
        <Filter Operator="And" Category="Type" Property="Name" Condition="Contains" Value="Section" Unit="None" UnitClass="None" FieldTitle="" UserDefined="False" Validation="None" />
        <Filter Operator="And" Category="Parameter" Property="VIEW_TEMPLATE" Condition="HasValue" Value="False" Unit="None" UnitClass="None" FieldTitle="" UserDefined="False" Validation="None" />
      </Check>
    </Section>
    <Section SectionName="Elevation" Title="" IsChecked="True" Description="">
      <Check CheckName="Elevation" IsModelCheck="False" Description="" ShowList="True" FailureMessage="Elevation has NO View Template" FailureCondition="ReportElements" CheckType="Custom" IsRequired="False" IsChecked="False" IsInitialized="True">
        <Filter Operator="And" Category="Category" Property="OST_Views" Condition="Included" Value="True" Unit="None" UnitClass="None" FieldTitle="" UserDefined="False" Validation="None" />
        <Filter Operator="And" Category="Parameter" Property="Folder" Condition="Contains" Value="Documentation" Unit="None" UnitClass="None" FieldTitle="" UserDefined="False" Validation="None" />
        <Filter Operator="And" Category="Type" Property="Name" Condition="Contains" Value="Elevation" Unit="None" UnitClass="None" FieldTitle="" UserDefined="False" Validation="None" />
        <Filter Operator="And" Category="Parameter" Property="VIEW_TEMPLATE" Condition="HasValue" Value="False" Unit="None" UnitClass="None" FieldTitle="" UserDefined="False" Validation="None" />
      </Check>
    </Section>
  </Heading>
  <Heading HeadingText="GENERAL---VIEW ORGANIZATION" Description="">
    <Section SectionName="No &quot;Working&quot; Views are on Sheets" Title="" IsChecked="True" Description="">
      <Check CheckName="Views" IsModelCheck="False" Description="" ShowList="True" FailureMessage="&quot;Working&quot; View is placed on a Sheet . Change the Folder of the View from &quot;Working&quot; to &quot;Documentation&quot;" FailureCondition="ReportElements" CheckType="Custom" IsRequired="False" IsChecked="True" IsInitialized="True">
        <Filter Operator="And" Category="Category" Property="OST_Views" Condition="Included" Value="True" Unit="None" UnitClass="None" FieldTitle="" UserDefined="False" Validation="None" />
        <Filter Operator="And" Category="Parameter" Property="Folder" Condition="Contains" Value="Working" Unit="None" UnitClass="None" FieldTitle="" UserDefined="False" Validation="None" />
        <Filter Operator="And" Category="Parameter" Property="VIEWPORT_SHEET_NUMBER" Condition="HasValue" Value="True" Unit="None" UnitClass="None" FieldTitle="" UserDefined="False" Validation="None" />
        <Filter Operator="And" Category="TypeOrInstance" Property="Is Element Type" Condition="Equal" Value="False" Unit="None" UnitClass="None" FieldTitle="" UserDefined="False" Validation="None" />
      </Check>
    </Section>
    <Section SectionName="All &quot;Documentation&quot; Views are placed on Sheets" Title="" IsChecked="True" Description="">
      <Check CheckName="Views" IsModelCheck="False" Description="" ShowList="True" FailureMessage="&quot;Documentation&quot; View is NOT placed on a Sheet. Add the View on a Sheet " FailureCondition="ReportElements" CheckType="Custom" IsRequired="False" IsChecked="False" IsInitialized="True">
        <Filter Operator="And" Category="Category" Property="OST_Views" Condition="Included" Value="True" Unit="None" UnitClass="None" FieldTitle="" UserDefined="False" Validation="None" />
        <Filter Operator="And" Category="Parameter" Property="Folder" Condition="Contains" Value="Documentation" Unit="None" UnitClass="None" FieldTitle="" UserDefined="False" Validation="None" />
        <Filter Operator="And" Category="Parameter" Property="VIEWPORT_SHEET_NUMBER" Condition="HasValue" Value="False" Unit="None" UnitClass="None" FieldTitle="" UserDefined="False" Validation="None" />
        <Filter Operator="And" Category="TypeOrInstance" Property="Is Element Type" Condition="Equal" Value="False" Unit="None" UnitClass="None" FieldTitle="" UserDefined="False" Validation="None" />
      </Check>
    </Section>
    <Section SectionName="All Views are Defined in Project Browser (No Views under ???)" Title="" IsChecked="True" Description="">
      <Check CheckName="Floor Plan :&quot;Department&quot; or &quot;Sub-Discipline&quot; is Not Defined in Project Browser" IsModelCheck="False" Description="" ShowList="True" FailureMessage="The Parameter &quot;Department&quot; OR &quot;Sub-Discipline&quot; in Project Browser should be Defined (Architecture, Interior Architecture, ...)" FailureCondition="ReportElements" CheckType="Custom" IsRequired="False" IsChecked="True" IsInitialized="True">
        <Filter Operator="And" Category="Category" Property="OST_Views" Condition="Included" Value="True" Unit="None" UnitClass="None" FieldTitle="" UserDefined="False" Validation="None" />
        <Filter Operator="And" Category="Type" Property="Name" Condition="Contains" Value="Floor Plan" Unit="None" UnitClass="None" FieldTitle="" UserDefined="False" Validation="None" />
        <Filter Operator="And" Category="Parameter" Property="Department" Condition="HasValue" Value="False" Unit="None" UnitClass="None" FieldTitle="" UserDefined="False" Validation="None" />
        <Filter Operator="And" Category="Parameter" Property="Sub-Discipline" Condition="HasValue" Value="False" Unit="None" UnitClass="None" FieldTitle="" UserDefined="False" Validation="None" />
        <Filter Operator="And" Category="TypeOrInstance" Property="Is Element Type" Condition="Equal" Value="False" Unit="None" UnitClass="None" FieldTitle="" UserDefined="False" Validation="None" />
      </Check>
      <Check CheckName="Ceiling Plan:&quot;Department&quot; or &quot;Sub-Discipline&quot; is Not Defined in Project Browser" IsModelCheck="False" Description="" ShowList="True" FailureMessage="The Parameter &quot;Department&quot; OR &quot;Sub-Discipline&quot; in Project Browser should be Defined (Architecture, Interior Architecture, ...)" FailureCondition="ReportElements" CheckType="Custom" IsRequired="False" IsChecked="True" IsInitialized="True">
        <Filter Operator="And" Category="Category" Property="OST_Views" Condition="Included" Value="True" Unit="None" UnitClass="None" FieldTitle="" UserDefined="False" Validation="None" />
        <Filter Operator="And" Category="Type" Property="Name" Condition="Contains" Value="Ceiling Plan" Unit="None" UnitClass="None" FieldTitle="" UserDefined="False" Validation="None" />
        <Filter Operator="And" Category="Parameter" Property="Department" Condition="HasValue" Value="False" Unit="None" UnitClass="None" FieldTitle="" UserDefined="False" Validation="None" />
        <Filter Operator="And" Category="Parameter" Property="Sub-Discipline" Condition="HasValue" Value="False" Unit="None" UnitClass="None" FieldTitle="" UserDefined="False" Validation="None" />
        <Filter Operator="And" Category="TypeOrInstance" Property="Is Element Type" Condition="Equal" Value="False" Unit="None" UnitClass="None" FieldTitle="" UserDefined="False" Validation="None" />
      </Check>
      <Check CheckName="Section: &quot;Department&quot; or &quot;Sub-Discipline&quot; is Not Defined in Project Browser" IsModelCheck="False" Description="" ShowList="True" FailureMessage="The Parameter &quot;Department&quot; OR &quot;Sub-Discipline&quot; in Project Browser should be Defined (Architecture, Interior Architecture, ...)" FailureCondition="ReportElements" CheckType="Custom" IsRequired="False" IsChecked="True" IsInitialized="True">
        <Filter Operator="And" Category="Category" Property="OST_Views" Condition="Included" Value="True" Unit="None" UnitClass="None" FieldTitle="" UserDefined="False" Validation="None" />
        <Filter Operator="And" Category="Type" Property="Name" Condition="Contains" Value="Section" Unit="None" UnitClass="None" FieldTitle="" UserDefined="False" Validation="None" />
        <Filter Operator="And" Category="Parameter" Property="Department" Condition="HasValue" Value="False" Unit="None" UnitClass="None" FieldTitle="" UserDefined="False" Validation="None" />
        <Filter Operator="And" Category="Parameter" Property="Sub-Discipline" Condition="HasValue" Value="False" Unit="None" UnitClass="None" FieldTitle="" UserDefined="False" Validation="None" />
        <Filter Operator="And" Category="TypeOrInstance" Property="Is Element Type" Condition="Equal" Value="False" Unit="None" UnitClass="None" FieldTitle="" UserDefined="False" Validation="None" />
      </Check>
      <Check CheckName="Elevation: &quot;Department&quot; or &quot;Sub-Discipline&quot; is Not Defined in Project Browser" IsModelCheck="False" Description="" ShowList="True" FailureMessage="The Parameter &quot;Department&quot; OR &quot;Sub-Discipline&quot; in Project Browser should be Defined (Architecture, Interior Architecture, ...)" FailureCondition="ReportElements" CheckType="Custom" IsRequired="False" IsChecked="True" IsInitialized="True">
        <Filter Operator="And" Category="Category" Property="OST_Views" Condition="Included" Value="True" Unit="None" UnitClass="None" FieldTitle="" UserDefined="False" Validation="None" />
        <Filter Operator="And" Category="Type" Property="Name" Condition="Contains" Value="Elevation" Unit="None" UnitClass="None" FieldTitle="" UserDefined="False" Validation="None" />
        <Filter Operator="And" Category="Parameter" Property="Department" Condition="HasValue" Value="False" Unit="None" UnitClass="None" FieldTitle="" UserDefined="False" Validation="None" />
        <Filter Operator="And" Category="Parameter" Property="Sub-Discipline" Condition="HasValue" Value="False" Unit="None" UnitClass="None" FieldTitle="" UserDefined="False" Validation="None" />
        <Filter Operator="And" Category="TypeOrInstance" Property="Is Element Type" Condition="Equal" Value="False" Unit="None" UnitClass="None" FieldTitle="" UserDefined="False" Validation="None" />
      </Check>
      <Check CheckName="Floor Plan :&quot;Folder&quot; is Not Defined in Project Browser" IsModelCheck="False" Description="" ShowList="True" FailureMessage="The Parameter &quot;Folder&quot; in Project Browser should be Defined (Working, Documentation or Coordination)" FailureCondition="ReportElements" CheckType="Custom" IsRequired="False" IsChecked="True" IsInitialized="True">
        <Filter Operator="And" Category="Category" Property="OST_Views" Condition="Included" Value="True" Unit="None" UnitClass="None" FieldTitle="" UserDefined="False" Validation="None" />
        <Filter Operator="And" Category="Type" Property="Name" Condition="Contains" Value="Floor Plan" Unit="None" UnitClass="None" FieldTitle="" UserDefined="False" Validation="None" />
        <Filter Operator="And" Category="Parameter" Property="Folder" Condition="HasValue" Value="False" Unit="None" UnitClass="None" FieldTitle="" UserDefined="False" Validation="None" />
        <Filter Operator="And" Category="TypeOrInstance" Property="Is Element Type" Condition="Equal" Value="False" Unit="None" UnitClass="None" FieldTitle="" UserDefined="False" Validation="None" />
      </Check>
      <Check CheckName="Ceiling Plan:&quot;Folder&quot; is Not Defined in Project Browser" IsModelCheck="False" Description="" ShowList="True" FailureMessage="The Parameter &quot;Folder&quot; in Project Browser should be Defined (Working, Documentation or Coordination)" FailureCondition="ReportElements" CheckType="Custom" IsRequired="False" IsChecked="True" IsInitialized="True">
        <Filter Operator="And" Category="Category" Property="OST_Views" Condition="Included" Value="True" Unit="None" UnitClass="None" FieldTitle="" UserDefined="False" Validation="None" />
        <Filter Operator="And" Category="Type" Property="Name" Condition="Contains" Value="Ceiling Plan" Unit="None" UnitClass="None" FieldTitle="" UserDefined="False" Validation="None" />
        <Filter Operator="And" Category="Parameter" Property="Folder" Condition="HasValue" Value="False" Unit="None" UnitClass="None" FieldTitle="" UserDefined="False" Validation="None" />
        <Filter Operator="And" Category="TypeOrInstance" Property="Is Element Type" Condition="Equal" Value="False" Unit="None" UnitClass="None" FieldTitle="" UserDefined="False" Validation="None" />
      </Check>
      <Check CheckName="Section: &quot;Folder&quot; is Not Defined in Project Browser" IsModelCheck="False" Description="" ShowList="True" FailureMessage="The Parameter &quot;Folder&quot; in Project Browser should be Defined (Working, Documentation or Coordination)" FailureCondition="ReportElements" CheckType="Custom" IsRequired="False" IsChecked="True" IsInitialized="True">
        <Filter Operator="And" Category="Category" Property="OST_Views" Condition="Included" Value="True" Unit="None" UnitClass="None" FieldTitle="" UserDefined="False" Validation="None" />
        <Filter Operator="And" Category="Type" Property="Name" Condition="Contains" Value="Section" Unit="None" UnitClass="None" FieldTitle="" UserDefined="False" Validation="None" />
        <Filter Operator="And" Category="Parameter" Property="Folder" Condition="HasValue" Value="False" Unit="None" UnitClass="None" FieldTitle="" UserDefined="False" Validation="None" />
        <Filter Operator="And" Category="TypeOrInstance" Property="Is Element Type" Condition="Equal" Value="False" Unit="None" UnitClass="None" FieldTitle="" UserDefined="False" Validation="None" />
      </Check>
      <Check CheckName="Elevation: &quot;Folder&quot; is Not Defined in Project Browser" IsModelCheck="False" Description="" ShowList="True" FailureMessage="The Parameter &quot;Folder&quot; in Project Browser should be Defined (Working, Documentation or Coordination)" FailureCondition="ReportElements" CheckType="Custom" IsRequired="False" IsChecked="True" IsInitialized="True">
        <Filter Operator="And" Category="Category" Property="OST_Views" Condition="Included" Value="True" Unit="None" UnitClass="None" FieldTitle="" UserDefined="False" Validation="None" />
        <Filter Operator="And" Category="Type" Property="Name" Condition="Contains" Value="Elevation" Unit="None" UnitClass="None" FieldTitle="" UserDefined="False" Validation="None" />
        <Filter Operator="And" Category="Parameter" Property="Folder" Condition="HasValue" Value="False" Unit="None" UnitClass="None" FieldTitle="" UserDefined="False" Validation="None" />
        <Filter Operator="And" Category="TypeOrInstance" Property="Is Element Type" Condition="Equal" Value="False" Unit="None" UnitClass="None" FieldTitle="" UserDefined="False" Validation="None" />
      </Check>
    </Section>
  </Heading>
</MCSettings>