﻿<?xml version="1.0" encoding="UTF-8" standalone="yes"?>
<MCSettings AllowRequired="True" Name="Missing Parametrs" Icon="" Image="" SampleModel="">
  <Heading HeadingText="Missing Parameters" Description="Checks individual elements based on family category. Check results are provided in a pass/fail format, in which a &quot;fail&quot; condition occurs from either a list of elements that meet the check criteria, or that no elements are found to meet the check criteria.">
    <Section SectionName="Casework" Title="" IsChecked="True" Description="">
      <Check CheckName="Assembly Code" IsModelCheck="False" Description="Checks for types with empty &quot;Assembly Code&quot; values" ShowList="False" FailureMessage="Type has empty &quot;Assembly Code&quot; value" FailureCondition="ReportElements" CheckType="Custom" IsRequired="True" IsChecked="True" IsInitialized="True">
        <Filter Operator="And" Category="Category" Property="OST_Casework" Condition="Included" Value="True" Unit="None" UnitClass="None" FieldTitle="" UserDefined="False" Validation="None" />
        <Filter Operator="And" Category="Parameter" Property="Assembly Code" Condition="HasValue" Value="False" Unit="None" UnitClass="None" FieldTitle="" UserDefined="False" Validation="None" />
        <Filter Operator="And" Category="TypeOrInstance" Property="Is Element Type" Condition="Equal" Value="False" Unit="None" UnitClass="None" FieldTitle="C1010120" UserDefined="False" Validation="None" />
      </Check>
      <Check CheckName="Keynote" IsModelCheck="False" Description="Checks for types with empty &quot;Keynote&quot; values" ShowList="False" FailureMessage="Type has empty &quot;Keynote&quot; value" FailureCondition="ReportElements" CheckType="Custom" IsRequired="True" IsChecked="True" IsInitialized="True">
        <Filter Operator="And" Category="Category" Property="OST_Casework" Condition="Included" Value="True" Unit="None" UnitClass="None" FieldTitle="" UserDefined="False" Validation="None" />
        <Filter Operator="And" Category="Parameter" Property="Keynote" Condition="HasValue" Value="False" Unit="None" UnitClass="None" FieldTitle="" UserDefined="False" Validation="None" />
        <Filter Operator="And" Category="TypeOrInstance" Property="Is Element Type" Condition="Equal" Value="False" Unit="None" UnitClass="None" FieldTitle="C1010120" UserDefined="False" Validation="None" />
      </Check>
    </Section>
    <Section SectionName="Ceilings" Title="" IsChecked="True" Description="">
      <Check CheckName="Assembly Code" IsModelCheck="False" Description="Checks for types with empty &quot;Assembly Code&quot; values" ShowList="False" FailureMessage="Type has empty &quot;Assembly Code&quot; value" FailureCondition="ReportElements" CheckType="Custom" IsRequired="True" IsChecked="True" IsInitialized="True">
        <Filter Operator="And" Category="Category" Property="OST_Ceilings" Condition="Included" Value="True" Unit="None" UnitClass="None" FieldTitle="" UserDefined="False" Validation="None" />
        <Filter Operator="And" Category="Parameter" Property="Assembly Code" Condition="HasValue" Value="False" Unit="None" UnitClass="None" FieldTitle="" UserDefined="False" Validation="None" />
        <Filter Operator="And" Category="TypeOrInstance" Property="Is Element Type" Condition="Equal" Value="False" Unit="None" UnitClass="None" FieldTitle="" UserDefined="False" Validation="None" />
      </Check>
      <Check CheckName="Keynote" IsModelCheck="False" Description="Checks for types with empty &quot;Keynote&quot; values" ShowList="False" FailureMessage="Type has empty &quot;Keynote&quot; value" FailureCondition="ReportElements" CheckType="Custom" IsRequired="True" IsChecked="True" IsInitialized="True">
        <Filter Operator="And" Category="Category" Property="OST_Ceilings" Condition="Included" Value="True" Unit="None" UnitClass="None" FieldTitle="" UserDefined="False" Validation="None" />
        <Filter Operator="And" Category="Parameter" Property="Keynote" Condition="HasValue" Value="False" Unit="None" UnitClass="None" FieldTitle="" UserDefined="False" Validation="None" />
        <Filter Operator="And" Category="TypeOrInstance" Property="Is Element Type" Condition="Equal" Value="False" Unit="None" UnitClass="None" FieldTitle="C1010120" UserDefined="False" Validation="None" />
      </Check>
    </Section>
    <Section SectionName="Doors" Title="" IsChecked="True" Description="">
      <Check CheckName="Assembly Code" IsModelCheck="False" Description="Checks for types with empty &quot;Assembly Code&quot; values" ShowList="False" FailureMessage="Type has empty &quot;Assembly Code&quot; value" FailureCondition="ReportElements" CheckType="Custom" IsRequired="True" IsChecked="True" IsInitialized="True">
        <Filter Operator="And" Category="Category" Property="OST_Doors" Condition="Included" Value="True" Unit="None" UnitClass="None" FieldTitle="" UserDefined="False" Validation="None" />
        <Filter Operator="And" Category="Parameter" Property="Assembly Code" Condition="HasValue" Value="False" Unit="None" UnitClass="None" FieldTitle="" UserDefined="False" Validation="None" />
        <Filter Operator="And" Category="TypeOrInstance" Property="Is Element Type" Condition="Equal" Value="False" Unit="None" UnitClass="None" FieldTitle="C1010120" UserDefined="False" Validation="None" />
      </Check>
      <Check CheckName="Keynote" IsModelCheck="False" Description="Checks for types with empty &quot;Keynote&quot; values" ShowList="False" FailureMessage="Type has empty &quot;Keynote&quot; value" FailureCondition="ReportElements" CheckType="Custom" IsRequired="True" IsChecked="True" IsInitialized="True">
        <Filter Operator="And" Category="Category" Property="OST_Doors" Condition="Included" Value="True" Unit="None" UnitClass="None" FieldTitle="" UserDefined="False" Validation="None" />
        <Filter Operator="And" Category="Parameter" Property="Keynote" Condition="HasValue" Value="False" Unit="None" UnitClass="None" FieldTitle="" UserDefined="False" Validation="None" />
        <Filter Operator="And" Category="TypeOrInstance" Property="Is Element Type" Condition="Equal" Value="False" Unit="None" UnitClass="None" FieldTitle="C1010120" UserDefined="False" Validation="None" />
      </Check>
    </Section>
    <Section SectionName="Floors" Title="" IsChecked="True" Description="">
      <Check CheckName="Assembly Code" IsModelCheck="False" Description="Checks for types with empty &quot;Assembly Code&quot; values" ShowList="False" FailureMessage="Type has empty &quot;Assembly Code&quot; value" FailureCondition="ReportElements" CheckType="Custom" IsRequired="True" IsChecked="True" IsInitialized="True">
        <Filter Operator="And" Category="Category" Property="OST_Floors" Condition="Included" Value="True" Unit="None" UnitClass="None" FieldTitle="" UserDefined="False" Validation="None" />
        <Filter Operator="And" Category="Parameter" Property="Assembly Code" Condition="HasValue" Value="False" Unit="None" UnitClass="None" FieldTitle="" UserDefined="False" Validation="None" />
        <Filter Operator="And" Category="TypeOrInstance" Property="Is Element Type" Condition="Equal" Value="False" Unit="None" UnitClass="None" FieldTitle="C1010120" UserDefined="False" Validation="None" />
      </Check>
      <Check CheckName="Keynote" IsModelCheck="False" Description="Checks for types with empty &quot;Keynote&quot; values" ShowList="False" FailureMessage="Type has empty &quot;Keynote&quot; value" FailureCondition="ReportElements" CheckType="Custom" IsRequired="True" IsChecked="True" IsInitialized="True">
        <Filter Operator="And" Category="Category" Property="OST_Floors" Condition="Included" Value="True" Unit="None" UnitClass="None" FieldTitle="" UserDefined="False" Validation="None" />
        <Filter Operator="And" Category="Parameter" Property="Keynote" Condition="HasValue" Value="False" Unit="None" UnitClass="None" FieldTitle="" UserDefined="False" Validation="None" />
        <Filter Operator="And" Category="TypeOrInstance" Property="Is Element Type" Condition="Equal" Value="False" Unit="None" UnitClass="None" FieldTitle="C1010120" UserDefined="False" Validation="None" />
      </Check>
    </Section>
    <Section SectionName="Furniture" Title="" IsChecked="True" Description="">
      <Check CheckName="Assembly Code" IsModelCheck="False" Description="Checks for types with empty &quot;Assembly Code&quot; values" ShowList="False" FailureMessage="Type has empty &quot;Assembly Code&quot; value" FailureCondition="ReportElements" CheckType="Custom" IsRequired="True" IsChecked="True" IsInitialized="True">
        <Filter Operator="And" Category="Category" Property="OST_Furniture" Condition="Included" Value="True" Unit="None" UnitClass="None" FieldTitle="" UserDefined="False" Validation="None" />
        <Filter Operator="And" Category="Parameter" Property="Assembly Code" Condition="HasValue" Value="False" Unit="None" UnitClass="None" FieldTitle="" UserDefined="False" Validation="None" />
        <Filter Operator="And" Category="TypeOrInstance" Property="Is Element Type" Condition="Equal" Value="False" Unit="None" UnitClass="None" FieldTitle="C1010120" UserDefined="False" Validation="None" />
      </Check>
      <Check CheckName="Keynote" IsModelCheck="False" Description="Checks for types with empty &quot;Keynote&quot; values" ShowList="False" FailureMessage="Type has empty &quot;Keynote&quot; value" FailureCondition="ReportElements" CheckType="Custom" IsRequired="True" IsChecked="True" IsInitialized="True">
        <Filter Operator="And" Category="Category" Property="OST_Furniture" Condition="Included" Value="True" Unit="None" UnitClass="None" FieldTitle="" UserDefined="False" Validation="None" />
        <Filter Operator="And" Category="Parameter" Property="Keynote" Condition="HasValue" Value="False" Unit="None" UnitClass="None" FieldTitle="" UserDefined="False" Validation="None" />
        <Filter Operator="And" Category="TypeOrInstance" Property="Is Element Type" Condition="Equal" Value="False" Unit="None" UnitClass="None" FieldTitle="C1010120" UserDefined="False" Validation="None" />
      </Check>
    </Section>
    <Section SectionName="Railings" Title="" IsChecked="True" Description="">
      <Check CheckName="Assembly Code" IsModelCheck="False" Description="Checks for types with empty &quot;Assembly Code&quot; values" ShowList="False" FailureMessage="Type has empty &quot;Assembly Code&quot; value" FailureCondition="ReportElements" CheckType="Custom" IsRequired="True" IsChecked="True" IsInitialized="True">
        <Filter Operator="And" Category="Category" Property="OST_StairsRailing" Condition="Included" Value="True" Unit="None" UnitClass="None" FieldTitle="" UserDefined="False" Validation="None" />
        <Filter Operator="And" Category="Parameter" Property="Assembly Code" Condition="HasValue" Value="False" Unit="None" UnitClass="None" FieldTitle="" UserDefined="False" Validation="None" />
        <Filter Operator="And" Category="TypeOrInstance" Property="Is Element Type" Condition="Equal" Value="False" Unit="None" UnitClass="None" FieldTitle="C1010120" UserDefined="False" Validation="None" />
      </Check>
      <Check CheckName="Keynote" IsModelCheck="False" Description="Checks for types with empty &quot;Keynote&quot; values" ShowList="False" FailureMessage="Type has empty &quot;Keynote&quot; value" FailureCondition="ReportElements" CheckType="Custom" IsRequired="True" IsChecked="True" IsInitialized="True">
        <Filter Operator="And" Category="Category" Property="OST_StairsRailing" Condition="Included" Value="True" Unit="None" UnitClass="None" FieldTitle="" UserDefined="False" Validation="None" />
        <Filter Operator="And" Category="Parameter" Property="Keynote" Condition="HasValue" Value="False" Unit="None" UnitClass="None" FieldTitle="" UserDefined="False" Validation="None" />
        <Filter Operator="And" Category="TypeOrInstance" Property="Is Element Type" Condition="Equal" Value="False" Unit="None" UnitClass="None" FieldTitle="C1010120" UserDefined="False" Validation="None" />
      </Check>
    </Section>
    <Section SectionName="Ramps" Title="" IsChecked="True" Description="">
      <Check CheckName="Assembly Code" IsModelCheck="False" Description="Checks for types with empty &quot;Assembly Code&quot; values" ShowList="False" FailureMessage="Type has empty &quot;Assembly Code&quot; value" FailureCondition="ReportElements" CheckType="Custom" IsRequired="True" IsChecked="True" IsInitialized="True">
        <Filter Operator="And" Category="Category" Property="OST_Ramps" Condition="Included" Value="True" Unit="None" UnitClass="None" FieldTitle="" UserDefined="False" Validation="None" />
        <Filter Operator="And" Category="Parameter" Property="Assembly Code" Condition="HasValue" Value="False" Unit="None" UnitClass="None" FieldTitle="" UserDefined="False" Validation="None" />
        <Filter Operator="And" Category="TypeOrInstance" Property="Is Element Type" Condition="Equal" Value="False" Unit="None" UnitClass="None" FieldTitle="C1010120" UserDefined="False" Validation="None" />
      </Check>
      <Check CheckName="Keynote" IsModelCheck="False" Description="Checks for types with empty &quot;Keynote&quot; values" ShowList="False" FailureMessage="Type has empty &quot;Keynote&quot; value" FailureCondition="ReportElements" CheckType="Custom" IsRequired="True" IsChecked="True" IsInitialized="True">
        <Filter Operator="And" Category="Category" Property="OST_Ramps" Condition="Included" Value="True" Unit="None" UnitClass="None" FieldTitle="" UserDefined="False" Validation="None" />
        <Filter Operator="And" Category="Parameter" Property="Keynote" Condition="HasValue" Value="False" Unit="None" UnitClass="None" FieldTitle="" UserDefined="False" Validation="None" />
        <Filter Operator="And" Category="TypeOrInstance" Property="Is Element Type" Condition="Equal" Value="False" Unit="None" UnitClass="None" FieldTitle="C1010120" UserDefined="False" Validation="None" />
      </Check>
    </Section>
    <Section SectionName="Stairs" Title="" IsChecked="True" Description="">
      <Check CheckName="Assembly Code" IsModelCheck="False" Description="Checks for types with empty &quot;Assembly Code&quot; values" ShowList="False" FailureMessage="Type has empty &quot;Assembly Code&quot; value" FailureCondition="ReportElements" CheckType="Custom" IsRequired="True" IsChecked="True" IsInitialized="True">
        <Filter Operator="And" Category="Category" Property="OST_Stairs" Condition="Included" Value="True" Unit="None" UnitClass="None" FieldTitle="" UserDefined="False" Validation="None" />
        <Filter Operator="And" Category="Parameter" Property="Assembly Code" Condition="HasValue" Value="False" Unit="None" UnitClass="None" FieldTitle="" UserDefined="False" Validation="None" />
        <Filter Operator="And" Category="TypeOrInstance" Property="Is Element Type" Condition="Equal" Value="False" Unit="None" UnitClass="None" FieldTitle="C1010120" UserDefined="False" Validation="None" />
      </Check>
      <Check CheckName="Keynote" IsModelCheck="False" Description="Checks for types with empty &quot;Keynote&quot; values" ShowList="False" FailureMessage="Type has empty &quot;Keynote&quot; value" FailureCondition="ReportElements" CheckType="Custom" IsRequired="True" IsChecked="True" IsInitialized="True">
        <Filter Operator="And" Category="Category" Property="OST_Stairs" Condition="Included" Value="True" Unit="None" UnitClass="None" FieldTitle="" UserDefined="False" Validation="None" />
        <Filter Operator="And" Category="Parameter" Property="Keynote" Condition="HasValue" Value="False" Unit="None" UnitClass="None" FieldTitle="" UserDefined="False" Validation="None" />
        <Filter Operator="And" Category="TypeOrInstance" Property="Is Element Type" Condition="Equal" Value="False" Unit="None" UnitClass="None" FieldTitle="C1010120" UserDefined="False" Validation="None" />
      </Check>
    </Section>
    <Section SectionName="Speciality Equipment" Title="" IsChecked="True" Description="">
      <Check CheckName="Assembly Code" IsModelCheck="False" Description="Checks for types with empty &quot;Assembly Code&quot; values" ShowList="False" FailureMessage="Type has empty &quot;Assembly Code&quot; value" FailureCondition="ReportElements" CheckType="Custom" IsRequired="True" IsChecked="True" IsInitialized="True">
        <Filter Operator="And" Category="Category" Property="OST_SpecialityEquipment" Condition="Included" Value="True" Unit="None" UnitClass="None" FieldTitle="" UserDefined="False" Validation="None" />
        <Filter Operator="And" Category="Parameter" Property="Assembly Code" Condition="HasValue" Value="False" Unit="None" UnitClass="None" FieldTitle="" UserDefined="False" Validation="None" />
        <Filter Operator="And" Category="TypeOrInstance" Property="Is Element Type" Condition="Equal" Value="False" Unit="None" UnitClass="None" FieldTitle="C1010120" UserDefined="False" Validation="None" />
      </Check>
      <Check CheckName="Keynote" IsModelCheck="False" Description="Checks for types with empty &quot;Keynote&quot; values" ShowList="False" FailureMessage="Type has empty &quot;Keynote&quot; value" FailureCondition="ReportElements" CheckType="Custom" IsRequired="True" IsChecked="True" IsInitialized="True">
        <Filter Operator="And" Category="Category" Property="OST_SpecialityEquipment" Condition="Included" Value="True" Unit="None" UnitClass="None" FieldTitle="" UserDefined="False" Validation="None" />
        <Filter Operator="And" Category="Parameter" Property="Keynote" Condition="HasValue" Value="False" Unit="None" UnitClass="None" FieldTitle="" UserDefined="False" Validation="None" />
        <Filter Operator="And" Category="TypeOrInstance" Property="Is Element Type" Condition="Equal" Value="False" Unit="None" UnitClass="None" FieldTitle="C1010120" UserDefined="False" Validation="None" />
      </Check>
    </Section>
    <Section SectionName="Plumbing Fixtures" Title="" IsChecked="True" Description="">
      <Check CheckName="Assembly Code" IsModelCheck="False" Description="Checks for types with empty &quot;Assembly Code&quot; values" ShowList="False" FailureMessage="Type has empty &quot;Assembly Code&quot; value" FailureCondition="ReportElements" CheckType="Custom" IsRequired="True" IsChecked="True" IsInitialized="True">
        <Filter Operator="And" Category="Category" Property="OST_PlumbingFixtures" Condition="Included" Value="True" Unit="None" UnitClass="None" FieldTitle="" UserDefined="False" Validation="None" />
        <Filter Operator="And" Category="Parameter" Property="Assembly Code" Condition="HasValue" Value="False" Unit="None" UnitClass="None" FieldTitle="" UserDefined="False" Validation="None" />
        <Filter Operator="And" Category="TypeOrInstance" Property="Is Element Type" Condition="Equal" Value="False" Unit="None" UnitClass="None" FieldTitle="C1010120" UserDefined="False" Validation="None" />
      </Check>
      <Check CheckName="Keynote" IsModelCheck="False" Description="Checks for types with empty &quot;Keynote&quot; values" ShowList="False" FailureMessage="Type has empty &quot;Keynote&quot; value" FailureCondition="ReportElements" CheckType="Custom" IsRequired="True" IsChecked="True" IsInitialized="True">
        <Filter Operator="And" Category="Category" Property="OST_PlumbingFixtures" Condition="Included" Value="True" Unit="None" UnitClass="None" FieldTitle="" UserDefined="False" Validation="None" />
        <Filter Operator="And" Category="Parameter" Property="Keynote" Condition="HasValue" Value="False" Unit="None" UnitClass="None" FieldTitle="" UserDefined="False" Validation="None" />
        <Filter Operator="And" Category="TypeOrInstance" Property="Is Element Type" Condition="Equal" Value="False" Unit="None" UnitClass="None" FieldTitle="C1010120" UserDefined="False" Validation="None" />
      </Check>
    </Section>
    <Section SectionName="Windows" Title="" IsChecked="True" Description="">
      <Check CheckName="Assembly Code" IsModelCheck="False" Description="Checks for types with empty &quot;Assembly Code&quot; values" ShowList="False" FailureMessage="Type has empty &quot;Assembly Code&quot; value" FailureCondition="ReportElements" CheckType="Custom" IsRequired="True" IsChecked="True" IsInitialized="True">
        <Filter Operator="And" Category="Category" Property="OST_Windows" Condition="Included" Value="True" Unit="None" UnitClass="None" FieldTitle="" UserDefined="False" Validation="None" />
        <Filter Operator="And" Category="Parameter" Property="Assembly Code" Condition="HasValue" Value="False" Unit="None" UnitClass="None" FieldTitle="" UserDefined="False" Validation="None" />
        <Filter Operator="And" Category="TypeOrInstance" Property="Is Element Type" Condition="Equal" Value="False" Unit="None" UnitClass="None" FieldTitle="C1010120" UserDefined="False" Validation="None" />
      </Check>
      <Check CheckName="Keynote" IsModelCheck="False" Description="Checks for types with empty &quot;Keynote&quot; values" ShowList="False" FailureMessage="Type has empty &quot;Keynote&quot; value" FailureCondition="ReportElements" CheckType="Custom" IsRequired="True" IsChecked="True" IsInitialized="True">
        <Filter Operator="And" Category="Category" Property="OST_Windows" Condition="Included" Value="True" Unit="None" UnitClass="None" FieldTitle="" UserDefined="False" Validation="None" />
        <Filter Operator="And" Category="Parameter" Property="Keynote" Condition="HasValue" Value="False" Unit="None" UnitClass="None" FieldTitle="" UserDefined="False" Validation="None" />
        <Filter Operator="And" Category="TypeOrInstance" Property="Is Element Type" Condition="Equal" Value="False" Unit="None" UnitClass="None" FieldTitle="C1010120" UserDefined="False" Validation="None" />
      </Check>
    </Section>
    <Section SectionName="Walls" Title="" IsChecked="False" Description="">
      <Check CheckName="STC Raiting" IsModelCheck="False" Description="Checks for types with empty &quot;STC Rating&quot; values" ShowList="False" FailureMessage="Type has empty &quot;STC Rating&quot; value" FailureCondition="ReportElements" CheckType="Custom" IsRequired="True" IsChecked="True" IsInitialized="True">
        <Filter Operator="And" Category="Category" Property="OST_Walls" Condition="Included" Value="True" Unit="None" UnitClass="None" FieldTitle="" UserDefined="False" Validation="None" />
        <Filter Operator="And" Category="Parameter" Property="STC_Raiting" Condition="HasValue" Value="False" Unit="None" UnitClass="None" FieldTitle="" UserDefined="False" Validation="None" />
        <Filter Operator="And" Category="TypeOrInstance" Property="Is Element Type" Condition="Equal" Value="False" Unit="None" UnitClass="None" FieldTitle="" UserDefined="False" Validation="None" />
      </Check>
      <Check CheckName="Fire Rating" IsModelCheck="False" Description="Checks for types with empty &quot;Fire Rating&quot; values" ShowList="False" FailureMessage="Type has empty &quot;Fire Rating&quot; value" FailureCondition="ReportElements" CheckType="Custom" IsRequired="True" IsChecked="True" IsInitialized="True">
        <Filter Operator="And" Category="Category" Property="OST_Walls" Condition="Included" Value="True" Unit="None" UnitClass="None" FieldTitle="" UserDefined="False" Validation="None" />
        <Filter Operator="And" Category="Parameter" Property="Fire_Rating" Condition="HasValue" Value="False" Unit="None" UnitClass="None" FieldTitle="" UserDefined="False" Validation="None" />
        <Filter Operator="And" Category="TypeOrInstance" Property="Is Element Type" Condition="Equal" Value="False" Unit="None" UnitClass="None" FieldTitle="" UserDefined="False" Validation="None" />
      </Check>
      <Check CheckName="Type Mark" IsModelCheck="False" Description="Checks for types with empty &quot;Fire Rating&quot; values" ShowList="False" FailureMessage="Type has empty &quot;Fire Rating&quot; value" FailureCondition="ReportElements" CheckType="Custom" IsRequired="True" IsChecked="True" IsInitialized="True">
        <Filter Operator="And" Category="Category" Property="OST_Walls" Condition="Included" Value="True" Unit="None" UnitClass="None" FieldTitle="" UserDefined="False" Validation="None" />
        <Filter Operator="And" Category="Parameter" Property="Type Mark" Condition="HasValue" Value="False" Unit="None" UnitClass="None" FieldTitle="" UserDefined="False" Validation="None" />
        <Filter Operator="And" Category="TypeOrInstance" Property="Is Element Type" Condition="Equal" Value="False" Unit="None" UnitClass="None" FieldTitle="" UserDefined="False" Validation="None" />
      </Check>
    </Section>
  </Heading>
</MCSettings>