﻿<?xml version="1.0" encoding="UTF-8" standalone="yes"?>
<MCSettings AllowRequired="False" Name="MODEL GENERAL CHECKS" Icon="http://www.biminteroperabilitytools.com/modelchecker/downloads/TN_32icon.jpg" Image="http://www.biminteroperabilitytools.com/modelchecker/downloads/TN-100.png" SampleModel="">
  <Heading HeadingText="GENERAL MODEL INFORMATION" Description="While not required, this collection of checks are based on Revit best practices." />
  <Heading HeadingText="FILE SETTINGS" Description="">
    <Section SectionName="FILE CHARACTERISTICS" Title="" IsChecked="True" Description="">
      <Check CheckName="File Size Should Not Exceed 200mb" IsModelCheck="True" Description="Reports the file size of a Revit model in MB (megabytes)." ShowList="True" FailureMessage="File size should not exceed 200mb" FailureCondition="ReportElements" CheckType="FileSize" IsRequired="False" IsChecked="True" IsInitialized="True" />
      <Check CheckName="Project Information" IsModelCheck="True" Description="Lists all parameters and values attached to Project Information for a project except those associated with Revit Extensions (starting with 'Extensions')." ShowList="True" FailureMessage="Check if project Information is filled" FailureCondition="ReportElements" CheckType="ProjectInformation" IsRequired="False" IsChecked="True" IsInitialized="True" />
      <Check CheckName="Design Options" IsModelCheck="True" Description="Lists all Design Options in a Revit model." ShowList="True" FailureMessage="Check if project Information is filled" FailureCondition="ReportElements" CheckType="DesignOptions" IsRequired="False" IsChecked="True" IsInitialized="True" />
      <Check CheckName="Filters" IsModelCheck="True" Description="Lists all rule-based Filters in a Revit model." ShowList="True" FailureMessage="Check if project Information is filled" FailureCondition="ReportElements" CheckType="Custom" IsRequired="False" IsChecked="True" IsInitialized="True">
        <Filter Operator="And" Category="APIType" Property="Full Class Name" Condition="Equal" Value="Autodesk.Revit.DB.ParameterFilterElement" Unit="None" UnitClass="None" FieldTitle="" UserDefined="False" Validation="None" />
      </Check>
      <Check CheckName="Areas / Spaces Schemes" IsModelCheck="True" Description="Reports the number of Area Schemes in a Revit model." ShowList="True" FailureMessage="Check if project Information is filled" FailureCondition="ReportElements" CheckType="AreaSpaceSchemes" IsRequired="False" IsChecked="True" IsInitialized="True" />
      <Check CheckName="Areas / Spaces Computation" IsModelCheck="True" Description="Reports if a Revit model is set to report areas and volumes or areas only." ShowList="False" FailureMessage="Check if project Information is filled" FailureCondition="ReportElements" CheckType="VolumeComputations" IsRequired="False" IsChecked="False" IsInitialized="True" />
      <Check CheckName="Object Styles" IsModelCheck="True" Description="Lists all non built-in categories and sub-categories in a Revit model." ShowList="False" FailureMessage="Check if project Information is filled" FailureCondition="ReportElements" CheckType="ObjectStyles" IsRequired="False" IsChecked="False" IsInitialized="True" />
      <Check CheckName="Line Styles" IsModelCheck="True" Description="Lists all Line Styles in a Revit model." ShowList="False" FailureMessage="Check if project Information is filled" FailureCondition="ReportElements" CheckType="LineStyles" IsRequired="False" IsChecked="False" IsInitialized="True" />
    </Section>
  </Heading>
  <Heading HeadingText="LINKS" Description="">
    <Section SectionName="URS File is Linked" Title="" IsChecked="True" Description="">
      <Check CheckName="URS is linked" IsModelCheck="False" Description="URS Files are linked" ShowList="True" FailureMessage="URS File is NOT Linked" FailureCondition="NoElements" CheckType="Custom" IsRequired="False" IsChecked="True" IsInitialized="True">
        <Filter Operator="And" Category="Category" Property="OST_RvtLinks" Condition="Included" Value="True" Unit="None" UnitClass="None" FieldTitle="" UserDefined="False" Validation="None" />
        <Filter Operator="And" Category="Type" Property="Name" Condition="Contains" Value="_URS" Unit="None" UnitClass="None" FieldTitle="" UserDefined="False" Validation="None" />
        <Filter Operator="And" Category="TypeOrInstance" Property="Is Element Type" Condition="Equal" Value="True" Unit="None" UnitClass="None" FieldTitle="" UserDefined="False" Validation="None" />
      </Check>
    </Section>
    <Section SectionName="CAD/Import Links are Removed" Title="" IsChecked="True" Description="">
      <Check CheckName="CAD Links/Import " IsModelCheck="False" Description="Check if CAD Links/Imports are still needed" ShowList="True" FailureMessage="Model Contains Unnneded CAD Links/Imports" FailureCondition="ReportElements" CheckType="Custom" IsRequired="False" IsChecked="True" IsInitialized="True">
        <Filter Operator="And" Category="Family" Property="Name" Condition="Equal" Value="Import Symbol" Unit="None" UnitClass="None" FieldTitle="" UserDefined="False" Validation="None" />
        <Filter Operator="And" Category="TypeOrInstance" Property="Is Element Type" Condition="Equal" Value="False" Unit="None" UnitClass="None" FieldTitle="" UserDefined="False" Validation="None" />
        <Filter Operator="And" Category="Type" Property="Name" Condition="Contains" Value=".dwg" Unit="None" UnitClass="None" FieldTitle="" UserDefined="False" Validation="None" />
      </Check>
    </Section>
    <Section SectionName="Revit Links are &quot;Room Bounding&quot;" Title="" IsChecked="True" Description="">
      <Check CheckName="Revit Links_Room Bounding" IsModelCheck="False" Description="Check if REVIT Links are Room Bounidng" ShowList="True" FailureMessage="Revit Link is not &quot;Room Bounding&quot;" FailureCondition="ReportElements" CheckType="Custom" IsRequired="False" IsChecked="True" IsInitialized="True">
        <Filter Operator="And" Category="Category" Property="OST_RvtLinks" Condition="Included" Value="True" Unit="None" UnitClass="None" FieldTitle="" UserDefined="False" Validation="None" />
        <Filter Operator="And" Category="Parameter" Property="WALL_ATTR_ROOM_BOUNDING" Condition="Equal" Value="0" Unit="None" UnitClass="None" FieldTitle="" UserDefined="False" Validation="None" />
        <Filter Operator="And" Category="TypeOrInstance" Property="Is Element Type" Condition="Equal" Value="True" Unit="None" UnitClass="None" FieldTitle="" UserDefined="False" Validation="None" />
        <Filter Operator="And" Category="Type" Property="Name" Condition="Contains" Value="_AR_" Unit="None" UnitClass="None" FieldTitle="" UserDefined="False" Validation="None" />
      </Check>
    </Section>
    <Section SectionName="Revit Links are of Type &quot;Overlay&quot;" Title="" IsChecked="True" Description="">
      <Check CheckName="Revit Links are e of Type &quot;Overlay&quot;" IsModelCheck="False" Description="Check if REVIT Links are of Type &quot;Overlay&quot;" ShowList="True" FailureMessage="Revit Link should be of Type &quot;Overlay&quot;" FailureCondition="ReportElements" CheckType="Custom" IsRequired="False" IsChecked="True" IsInitialized="True">
        <Filter Operator="And" Category="Category" Property="OST_RvtLinks" Condition="Included" Value="True" Unit="None" UnitClass="None" FieldTitle="" UserDefined="False" Validation="None" />
        <Filter Operator="And" Category="TypeOrInstance" Property="Is Element Type" Condition="Equal" Value="True" Unit="None" UnitClass="None" FieldTitle="" UserDefined="False" Validation="None" />
        <Filter Operator="And" Category="Parameter" Property="RVT_LINK_REFERENCE_TYPE" Condition="Equal" Value="3" Unit="None" UnitClass="None" FieldTitle="" UserDefined="False" Validation="None" />
      </Check>
    </Section>
    <Section SectionName="Trades Revit Files are Linked" Title="" IsChecked="True" Description="">
      <Check CheckName="Trades Revit Files are Linked" IsModelCheck="True" Description="Check if REVIT Links are still needed" ShowList="True" FailureMessage="Trades Revit Files are Linked" FailureCondition="NoElements" CheckType="Custom" IsRequired="False" IsChecked="True" IsInitialized="True">
        <Filter Operator="And" Category="Category" Property="OST_RvtLinks" Condition="Included" Value="True" Unit="None" UnitClass="None" FieldTitle="" UserDefined="False" Validation="None" />
        <Filter Operator="And" Category="TypeOrInstance" Property="Is Element Type" Condition="Equal" Value="False" Unit="None" UnitClass="None" FieldTitle="" UserDefined="False" Validation="None" />
      </Check>
    </Section>
  </Heading>
  <Heading HeadingText="ROOMS" Description="">
    <Section SectionName="NO Duplicated Room Numbers" Title="" IsChecked="True" Description="">
      <Check CheckName=" Rooms with NO Duplicated Room Number" IsModelCheck="False" Description="Checks for Room Duplicated Room Number" ShowList="False" FailureMessage="There are Rooms have same Number (Duplicated)" FailureCondition="ReportElements" CheckType="Custom" IsRequired="False" IsChecked="True" IsInitialized="True">
        <Filter Operator="And" Category="Category" Property="OST_Rooms" Condition="Included" Value="True" Unit="None" UnitClass="None" FieldTitle="" UserDefined="False" Validation="None" />
        <Filter Operator="And" Category="Parameter" Property="Number" Condition="Duplicated" Value="True" Unit="None" UnitClass="None" FieldTitle="" UserDefined="False" Validation="None" />
        <Filter Operator="And" Category="TypeOrInstance" Property="Is Element Type" Condition="Equal" Value="False" Unit="None" UnitClass="None" FieldTitle="" UserDefined="False" Validation="None" />
      </Check>
    </Section>
    <Section SectionName="NO Unplaced or Redundant Rooms" Title="" IsChecked="True" Description="">
      <Check CheckName="Rooms are consistent with No Unplaced or Redundant Rooms" IsModelCheck="False" Description="Checks for Rooms &quot;not placed&quot;, &quot;not enclosed&quot;, or &quot;redundant&quot; in the model." ShowList="False" FailureMessage="There are Rooms &quot;not placed&quot;, &quot;not enclosed&quot;, or &quot;redundant&quot; in the model." FailureCondition="ReportElements" CheckType="Custom" IsRequired="False" IsChecked="True" IsInitialized="True">
        <Filter Operator="And" Category="Category" Property="OST_Rooms" Condition="Included" Value="True" Unit="None" UnitClass="None" FieldTitle="" UserDefined="False" Validation="None" />
        <Filter Operator="And" Category="Parameter" Property="ROOM_AREA" Condition="Equal" Value="0" Unit="None" UnitClass="None" FieldTitle="" UserDefined="False" Validation="None" />
        <Filter Operator="And" Category="TypeOrInstance" Property="Is Element Type" Condition="Equal" Value="False" Unit="None" UnitClass="None" FieldTitle="" UserDefined="False" Validation="None" />
      </Check>
    </Section>
    <Section SectionName="ROOM FINISHES ARE DEFINED" Title="" IsChecked="True" Description="">
      <Check CheckName="Rooms Finishes are defined" IsModelCheck="False" Description="Checks for Rooms &quot;not placed&quot;, &quot;not enclosed&quot;, or &quot;redundant&quot; in the model." ShowList="False" FailureMessage="Room Finishes are not defined" FailureCondition="ReportElements" CheckType="Custom" IsRequired="False" IsChecked="True" IsInitialized="True">
        <Filter Operator="And" Category="Category" Property="OST_Rooms" Condition="Included" Value="True" Unit="None" UnitClass="None" FieldTitle="" UserDefined="False" Validation="None" />
        <Filter Operator="And" Category="Parameter" Property="Finish Room Style" Condition="HasValue" Value="False" Unit="None" UnitClass="None" FieldTitle="" UserDefined="False" Validation="None" />
        <Filter Operator="And" Category="TypeOrInstance" Property="Is Element Type" Condition="Equal" Value="False" Unit="None" UnitClass="None" FieldTitle="" UserDefined="False" Validation="None" />
      </Check>
    </Section>
  </Heading>
  <Heading HeadingText="WORKSETS" Description="">
    <Section SectionName="WORKSETS" Title="" IsChecked="True" Description="">
      <Check CheckName="Ceilings" IsModelCheck="False" Description="" ShowList="False" FailureMessage="Elements Should be on &quot;AR_Ceiling&quot; Workset. Use Ideate Software (Explorer) to place elements on the Correct Workset" FailureCondition="ReportElements" CheckType="Custom" IsRequired="False" IsChecked="True" IsInitialized="True">
        <Filter Operator="And" Category="Category" Property="OST_Ceilings" Condition="Included" Value="True" Unit="None" UnitClass="None" FieldTitle="" UserDefined="False" Validation="None" />
        <Filter Operator="And" Category="Workset" Property="Name" Condition="NotEqual" Value="AR_Ceiling" Unit="None" UnitClass="None" FieldTitle="" UserDefined="False" Validation="None" />
        <Filter Operator="And" Category="TypeOrInstance" Property="Is Element Type" Condition="Equal" Value="False" Unit="None" UnitClass="None" FieldTitle="" UserDefined="False" Validation="None" />
      </Check>
      <Check CheckName="Links" IsModelCheck="False" Description="" ShowList="False" FailureMessage="Elements are placed on Wrong Workset. Use Ideate Software (Explorer) to place elements on the Correct Workset" FailureCondition="ReportElements" CheckType="Custom" IsRequired="False" IsChecked="True" IsInitialized="True">
        <Filter Operator="And" Category="Category" Property="OST_RvtLinks" Condition="Included" Value="True" Unit="None" UnitClass="None" FieldTitle="" UserDefined="False" Validation="None" />
        <Filter Operator="And" Category="Workset" Property="Name" Condition="DoesNotContain" Value="Link" Unit="None" UnitClass="None" FieldTitle="" UserDefined="False" Validation="None" />
        <Filter Operator="And" Category="TypeOrInstance" Property="Is Element Type" Condition="Equal" Value="False" Unit="None" UnitClass="None" FieldTitle="" UserDefined="False" Validation="None" />
      </Check>
      <Check CheckName="Grids" IsModelCheck="False" Description="" ShowList="False" FailureMessage="Elements Should be on &quot;Shared Levels and Grids&quot; Workset. Use Ideate Software (Explorer) to place elements on the Correct Workset" FailureCondition="ReportElements" CheckType="Custom" IsRequired="False" IsChecked="True" IsInitialized="True">
        <Filter Operator="And" Category="Category" Property="OST_Grids" Condition="Included" Value="True" Unit="None" UnitClass="None" FieldTitle="" UserDefined="False" Validation="None" />
        <Filter Operator="And" Category="Workset" Property="Name" Condition="NotEqual" Value="Shared Levels and Grids" Unit="None" UnitClass="None" FieldTitle="" UserDefined="False" Validation="None" />
        <Filter Operator="And" Category="TypeOrInstance" Property="Is Element Type" Condition="Equal" Value="False" Unit="None" UnitClass="None" FieldTitle="" UserDefined="False" Validation="None" />
      </Check>
      <Check CheckName="Structure-Columns" IsModelCheck="False" Description="" ShowList="False" FailureMessage="Elements Should be on &quot;ST_Concrete&quot; Workset. Use Ideate Software (Explorer) to place elements on the Correct Workset" FailureCondition="ReportElements" CheckType="Custom" IsRequired="False" IsChecked="True" IsInitialized="True">
        <Filter Operator="And" Category="Category" Property="OST_StructuralColumns" Condition="Included" Value="True" Unit="None" UnitClass="None" FieldTitle="" UserDefined="False" Validation="None" />
        <Filter Operator="And" Category="Workset" Property="Name" Condition="NotEqual" Value="ST_Concrete" Unit="None" UnitClass="None" FieldTitle="" UserDefined="False" Validation="None" />
        <Filter Operator="And" Category="TypeOrInstance" Property="Is Element Type" Condition="Equal" Value="False" Unit="None" UnitClass="None" FieldTitle="" UserDefined="False" Validation="None" />
      </Check>
      <Check CheckName="HVAC" IsModelCheck="False" Description="" ShowList="False" FailureMessage="Elements Should be on &quot;ME_HVAC&quot; Workset. Use Ideate Software (Explorer) to place elements on the Correct Workset" FailureCondition="ReportElements" CheckType="Custom" IsRequired="False" IsChecked="True" IsInitialized="True">
        <Filter Operator="And" Category="Category" Property="OST_DuctTerminal" Condition="Included" Value="True" Unit="None" UnitClass="None" FieldTitle="" UserDefined="False" Validation="None" />
        <Filter Operator="And" Category="Workset" Property="Name" Condition="NotEqual" Value="ME_HVAC" Unit="None" UnitClass="None" FieldTitle="" UserDefined="False" Validation="None" />
        <Filter Operator="And" Category="TypeOrInstance" Property="Is Element Type" Condition="Equal" Value="False" Unit="None" UnitClass="None" FieldTitle="" UserDefined="False" Validation="None" />
      </Check>
      <Check CheckName="Sprinklers" IsModelCheck="False" Description="" ShowList="False" FailureMessage="Elements Should be on &quot;ME_Sprinklers&quot; Workset. Use Ideate Software (Explorer) to place elements on the Correct Workset" FailureCondition="ReportElements" CheckType="Custom" IsRequired="False" IsChecked="True" IsInitialized="True">
        <Filter Operator="And" Category="Category" Property="OST_Sprinklers" Condition="Included" Value="True" Unit="None" UnitClass="None" FieldTitle="" UserDefined="False" Validation="None" />
        <Filter Operator="And" Category="Workset" Property="Name" Condition="NotEqual" Value="ME_Sprinklers" Unit="None" UnitClass="None" FieldTitle="" UserDefined="False" Validation="None" />
        <Filter Operator="And" Category="TypeOrInstance" Property="Is Element Type" Condition="Equal" Value="False" Unit="None" UnitClass="None" FieldTitle="" UserDefined="False" Validation="None" />
      </Check>
      <Check CheckName="Plumbing Fixtures" IsModelCheck="False" Description="" ShowList="False" FailureMessage="Elements Should be on &quot;ME_Plumbing&quot; Workset. Use Ideate Software (Explorer) to place elements on the Correct Workset" FailureCondition="ReportElements" CheckType="Custom" IsRequired="False" IsChecked="True" IsInitialized="True">
        <Filter Operator="And" Category="Category" Property="OST_PlumbingFixtures" Condition="Included" Value="True" Unit="None" UnitClass="None" FieldTitle="" UserDefined="False" Validation="None" />
        <Filter Operator="And" Category="Workset" Property="Name" Condition="NotEqual" Value="ME_Plumbing" Unit="None" UnitClass="None" FieldTitle="" UserDefined="False" Validation="None" />
        <Filter Operator="And" Category="TypeOrInstance" Property="Is Element Type" Condition="Equal" Value="False" Unit="None" UnitClass="None" FieldTitle="" UserDefined="False" Validation="None" />
      </Check>
      <Check CheckName="Floor Finish" IsModelCheck="False" Description="" ShowList="False" FailureMessage="Elements Should be on &quot;AI_Floor Finish&quot; Workset. Use Ideate Software (Explorer) to place elements on the Correct Workset" FailureCondition="ReportElements" CheckType="Custom" IsRequired="False" IsChecked="True" IsInitialized="True">
        <Filter Operator="And" Category="Category" Property="OST_Floors" Condition="Included" Value="True" Unit="None" UnitClass="None" FieldTitle="" UserDefined="False" Validation="None" />
        <Filter Operator="And" Category="Type" Property="Name" Condition="Contains" Value="FL_" Unit="None" UnitClass="None" FieldTitle="" UserDefined="False" Validation="None" />
        <Filter Operator="And" Category="Workset" Property="Name" Condition="NotEqual" Value="AI_Floor Finish" Unit="None" UnitClass="None" FieldTitle="" UserDefined="False" Validation="None" />
        <Filter Operator="And" Category="TypeOrInstance" Property="Is Element Type" Condition="Equal" Value="False" Unit="None" UnitClass="None" FieldTitle="" UserDefined="False" Validation="None" />
        <Filter Operator="Exclude" Category="Category" Property="OST_Floors" Condition="Included" Value="True" Unit="None" UnitClass="None" FieldTitle="" UserDefined="False" Validation="None" />
        <Filter Operator="And" Category="Type" Property="Name" Condition="Contains" Value="Generic" Unit="None" UnitClass="None" FieldTitle="" UserDefined="False" Validation="None" />
      </Check>
      <Check CheckName="Levels" IsModelCheck="False" Description="" ShowList="False" FailureMessage="Elements Should be on &quot;Shared Levels and Grids&quot; Workset. Use Ideate Software (Explorer) to place elements on the Correct Workset" FailureCondition="ReportElements" CheckType="Custom" IsRequired="False" IsChecked="True" IsInitialized="True">
        <Filter Operator="And" Category="Category" Property="OST_Levels" Condition="Included" Value="True" Unit="None" UnitClass="None" FieldTitle="" UserDefined="False" Validation="None" />
        <Filter Operator="And" Category="Workset" Property="Name" Condition="NotEqual" Value="Shared Levels and Grids" Unit="None" UnitClass="None" FieldTitle="" UserDefined="False" Validation="None" />
        <Filter Operator="And" Category="TypeOrInstance" Property="Is Element Type" Condition="Equal" Value="False" Unit="None" UnitClass="None" FieldTitle="" UserDefined="False" Validation="None" />
      </Check>
      <Check CheckName="Floors" IsModelCheck="False" Description="" ShowList="False" FailureMessage="Elements Should be on &quot;AR_Floor&quot; Workset. Use Ideate Software (Explorer) to place elements on the Correct Workset" FailureCondition="ReportElements" CheckType="Custom" IsRequired="False" IsChecked="True" IsInitialized="True">
        <Filter Operator="And" Category="Category" Property="OST_Floors" Condition="Included" Value="True" Unit="None" UnitClass="None" FieldTitle="" UserDefined="False" Validation="None" />
        <Filter Operator="And" Category="Type" Property="Name" Condition="Contains" Value="Generic" Unit="None" UnitClass="None" FieldTitle="" UserDefined="False" Validation="None" />
        <Filter Operator="And" Category="Workset" Property="Name" Condition="NotEqual" Value="AR_Floor" Unit="None" UnitClass="None" FieldTitle="" UserDefined="False" Validation="None" />
        <Filter Operator="And" Category="TypeOrInstance" Property="Is Element Type" Condition="Equal" Value="False" Unit="None" UnitClass="None" FieldTitle="" UserDefined="False" Validation="None" />
      </Check>
      <Check CheckName="Furniture" IsModelCheck="False" Description="" ShowList="False" FailureMessage="Elements Should be on &quot;AR_Furniture&quot; Workset. Use Ideate Software (Explorer) to place elements on the Correct Workset" FailureCondition="ReportElements" CheckType="Custom" IsRequired="False" IsChecked="True" IsInitialized="True">
        <Filter Operator="And" Category="Category" Property="OST_Furniture" Condition="Included" Value="True" Unit="None" UnitClass="None" FieldTitle="" UserDefined="False" Validation="None" />
        <Filter Operator="And" Category="Workset" Property="Name" Condition="NotEqual" Value="AR_Furniture" Unit="None" UnitClass="None" FieldTitle="" UserDefined="False" Validation="None" />
        <Filter Operator="And" Category="TypeOrInstance" Property="Is Element Type" Condition="Equal" Value="False" Unit="None" UnitClass="None" FieldTitle="" UserDefined="False" Validation="None" />
      </Check>
      <Check CheckName="Windows" IsModelCheck="False" Description="" ShowList="False" FailureMessage="Elements Should be on &quot;AR_Internal&quot; Workset . Use Ideate Software (Explorer) to place elements on the Correct Workset" FailureCondition="ReportElements" CheckType="Custom" IsRequired="False" IsChecked="True" IsInitialized="True">
        <Filter Operator="And" Category="Category" Property="OST_Windows" Condition="Included" Value="True" Unit="None" UnitClass="None" FieldTitle="" UserDefined="False" Validation="None" />
        <Filter Operator="And" Category="Parameter" Property="Workset" Condition="NotEqual" Value="AR_Internal" Unit="None" UnitClass="None" FieldTitle="" UserDefined="False" Validation="None" />
        <Filter Operator="And" Category="TypeOrInstance" Property="Is Element Type" Condition="Equal" Value="False" Unit="None" UnitClass="None" FieldTitle="" UserDefined="False" Validation="None" />
      </Check>
      <Check CheckName="Doors" IsModelCheck="False" Description="" ShowList="False" FailureMessage="Elements Should be on &quot;AR_Internal&quot; Workset. Use Ideate Software (Explorer) to place elements on the Correct Workset" FailureCondition="ReportElements" CheckType="Custom" IsRequired="False" IsChecked="True" IsInitialized="True">
        <Filter Operator="And" Category="Category" Property="OST_Doors" Condition="Included" Value="True" Unit="None" UnitClass="None" FieldTitle="" UserDefined="False" Validation="None" />
        <Filter Operator="And" Category="Workset" Property="Name" Condition="NotEqual" Value="AR_Internal " Unit="None" UnitClass="None" FieldTitle="" UserDefined="False" Validation="None" />
        <Filter Operator="And" Category="TypeOrInstance" Property="Is Element Type" Condition="Equal" Value="False" Unit="None" UnitClass="None" FieldTitle="" UserDefined="False" Validation="None" />
      </Check>
      <Check CheckName="Base_Finish" IsModelCheck="False" Description="" ShowList="False" FailureMessage="Elements Should be on &quot;AI_Wall Finish&quot; Workset. Use Ideate Software (Explorer) to place elements on the Correct Workset" FailureCondition="ReportElements" CheckType="Custom" IsRequired="False" IsChecked="True" IsInitialized="True">
        <Filter Operator="And" Category="Category" Property="OST_Walls" Condition="Included" Value="True" Unit="None" UnitClass="None" FieldTitle="" UserDefined="False" Validation="None" />
        <Filter Operator="And" Category="Type" Property="Name" Condition="Contains" Value="BS_" Unit="None" UnitClass="None" FieldTitle="" UserDefined="False" Validation="None" />
        <Filter Operator="And" Category="Workset" Property="Name" Condition="NotEqual" Value="AI_Wall Finish" Unit="None" UnitClass="None" FieldTitle="" UserDefined="False" Validation="None" />
        <Filter Operator="And" Category="TypeOrInstance" Property="Is Element Type" Condition="Equal" Value="False" Unit="None" UnitClass="None" FieldTitle="" UserDefined="False" Validation="None" />
      </Check>
      <Check CheckName="Walls Finish" IsModelCheck="False" Description="" ShowList="False" FailureMessage="Elements Should be on &quot;AI_Wall Finish&quot; Workset . Use Ideate Software (Explorer) to place elements on the Correct Workset" FailureCondition="ReportElements" CheckType="Custom" IsRequired="False" IsChecked="True" IsInitialized="True">
        <Filter Operator="And" Category="Category" Property="OST_Walls" Condition="Included" Value="True" Unit="None" UnitClass="None" FieldTitle="" UserDefined="False" Validation="None" />
        <Filter Operator="And" Category="Type" Property="Name" Condition="Contains" Value="WF_" Unit="None" UnitClass="None" FieldTitle="" UserDefined="False" Validation="None" />
        <Filter Operator="And" Category="Workset" Property="Name" Condition="NotEqual" Value="AI_Wall Finish" Unit="None" UnitClass="None" FieldTitle="" UserDefined="False" Validation="None" />
        <Filter Operator="And" Category="TypeOrInstance" Property="Is Element Type" Condition="Equal" Value="False" Unit="None" UnitClass="None" FieldTitle="" UserDefined="False" Validation="None" />
      </Check>
      <Check CheckName="Walls" IsModelCheck="False" Description="" ShowList="False" FailureMessage="Elements Should be on &quot;AR_Internal&quot; Workset. Use Ideate Software (Explorer) to place elements on the Correct Workset" FailureCondition="ReportElements" CheckType="Custom" IsRequired="False" IsChecked="True" IsInitialized="True">
        <Filter Operator="And" Category="Category" Property="OST_Walls" Condition="Included" Value="True" Unit="None" UnitClass="None" FieldTitle="" UserDefined="False" Validation="None" />
        <Filter Operator="And" Category="Type" Property="Name" Condition="Contains" Value="WA_" Unit="None" UnitClass="None" FieldTitle="" UserDefined="False" Validation="None" />
        <Filter Operator="And" Category="Workset" Property="Name" Condition="NotEqual" Value="AR_Internal " Unit="None" UnitClass="None" FieldTitle="" UserDefined="False" Validation="None" />
        <Filter Operator="And" Category="TypeOrInstance" Property="Is Element Type" Condition="Equal" Value="False" Unit="None" UnitClass="None" FieldTitle="" UserDefined="False" Validation="None" />
      </Check>
    </Section>
  </Heading>
  <Heading HeadingText="MODELING PRACTICES" Description="">
    <Section SectionName="Model Lines are NOT Used" Title="" IsChecked="True" Description="">
      <Check CheckName="Model Lines " IsModelCheck="False" Description="Checks for Model Lines in the model and linked models." ShowList="True" FailureMessage="There are Model Lines in the model and linked models." FailureCondition="ReportElements" CheckType="Custom" IsRequired="False" IsChecked="True" IsInitialized="True">
        <Filter Operator="And" Category="Category" Property="OST_Lines" Condition="Included" Value="True" Unit="None" UnitClass="None" FieldTitle="" UserDefined="False" Validation="None" />
        <Filter Operator="And" Category="Parameter" Property="CURVE_IS_DETAIL" Condition="Equal" Value="0" Unit="None" UnitClass="None" FieldTitle="" UserDefined="False" Validation="None" />
      </Check>
    </Section>
    <Section SectionName="Generic Model are NOT Used" Title="" IsChecked="True" Description="">
      <Check CheckName="Generic Models (Generic Model Should not be Used in the Model)" IsModelCheck="False" Description="Checks for generic model families in the model and linked models." ShowList="False" FailureMessage="There are generic model families in the model and linked models." FailureCondition="ReportElements" CheckType="Custom" IsRequired="False" IsChecked="True" IsInitialized="True">
        <Filter Operator="And" Category="Category" Property="OST_GenericModel" Condition="Included" Value="True" Unit="None" UnitClass="None" FieldTitle="" UserDefined="False" Validation="None" />
        <Filter Operator="And" Category="TypeOrInstance" Property="Is Element Type" Condition="Equal" Value="False" Unit="None" UnitClass="None" FieldTitle="" UserDefined="False" Validation="None" />
      </Check>
    </Section>
    <Section SectionName=" Groups are Un-grouped" Title="" IsChecked="True" Description="">
      <Check CheckName="Groups (Delete unneeded Groups)" IsModelCheck="False" Description="Checks for any groups in the model and linked models." ShowList="True" FailureMessage="There are groups in the model and . All groups shall be ungrouped for final submittals." FailureCondition="ReportElements" CheckType="Custom" IsRequired="False" IsChecked="True" IsInitialized="True">
        <Filter Operator="And" Category="Category" Property="OST_IOSModelGroups" Condition="Included" Value="True" Unit="None" UnitClass="None" FieldTitle="" UserDefined="False" Validation="None" />
        <Filter Operator="And" Category="Category" Property="OST_IOSDetailGroups" Condition="Included" Value="True" Unit="None" UnitClass="None" FieldTitle="" UserDefined="False" Validation="None" />
        <Filter Operator="And" Category="TypeOrInstance" Property="Is Element Type" Condition="Equal" Value="False" Unit="None" UnitClass="None" FieldTitle="" UserDefined="False" Validation="None" />
      </Check>
    </Section>
    <Section SectionName="Unneeded In-Place Families are Deleted" Title="" IsChecked="True" Description="">
      <Check CheckName="In-Place Families (Delete Unneeded In-Place Families)" IsModelCheck="False" Description="Checks for in-place families in the model and linked models." ShowList="False" FailureMessage="There are in-place families in the model and linked models." FailureCondition="ReportElements" CheckType="Custom" IsRequired="False" IsChecked="True" IsInitialized="True">
        <Filter Operator="And" Category="APIType" Property="Full Class Name" Condition="Equal" Value="Autodesk.Revit.DB.FamilyInstance" Unit="None" UnitClass="None" FieldTitle="" UserDefined="False" Validation="None" />
        <Filter Operator="And" Category="Family" Property="Is In-Place" Condition="Equal" Value="True" Unit="None" UnitClass="None" FieldTitle="" UserDefined="False" Validation="None" />
        <Filter Operator="And" Category="TypeOrInstance" Property="Is Element Type" Condition="Equal" Value="False" Unit="None" UnitClass="None" FieldTitle="" UserDefined="False" Validation="None" />
      </Check>
    </Section>
    <Section SectionName="No Duplicate Walls in the Model" Title="" IsChecked="True" Description="">
      <Check CheckName="Duplicate Walls" IsModelCheck="False" Description="Check for any elements that are duplicates, meaning identical elements at the same location and base level.  This does not include Walls or In-Place Families." ShowList="True" FailureMessage="Walls are Duplicated" FailureCondition="ReportElements" CheckType="Custom" IsRequired="False" IsChecked="False" IsInitialized="True">
        <Filter Operator="And" Category="Category" Property="OST_Walls" Condition="Included" Value="True" Unit="None" UnitClass="None" FieldTitle="" UserDefined="False" Validation="None" />
        <Filter Operator="And" Category="Redundant" Property="Location" Condition="Equal" Value="True" Unit="None" UnitClass="None" FieldTitle="" UserDefined="False" Validation="None" />
        <Filter Operator="And" Category="TypeOrInstance" Property="Is Element Type" Condition="Equal" Value="False" Unit="None" UnitClass="None" FieldTitle="" UserDefined="False" Validation="None" />
      </Check>
    </Section>
    <Section SectionName="No Duplicate Columns in the Model" Title="" IsChecked="True" Description="">
      <Check CheckName="Duplicate Columns" IsModelCheck="False" Description="Check for any elements that are duplicates, meaning identical elements at the same location and base level.  This does not include Walls or In-Place Families." ShowList="True" FailureMessage="Columns are Duplicated" FailureCondition="ReportElements" CheckType="Custom" IsRequired="False" IsChecked="False" IsInitialized="True">
        <Filter Operator="And" Category="Category" Property="OST_StructuralColumns" Condition="Included" Value="True" Unit="None" UnitClass="None" FieldTitle="" UserDefined="False" Validation="None" />
        <Filter Operator="And" Category="Redundant" Property="Location" Condition="Equal" Value="True" Unit="None" UnitClass="None" FieldTitle="" UserDefined="False" Validation="None" />
        <Filter Operator="And" Category="TypeOrInstance" Property="Is Element Type" Condition="Equal" Value="False" Unit="None" UnitClass="None" FieldTitle="" UserDefined="False" Validation="None" />
      </Check>
    </Section>
    <Section SectionName="Unneeded Mass Elements are Deleted" Title="" IsChecked="True" Description="">
      <Check CheckName="Mass Elements (Delete Unneeded Mass Elements)" IsModelCheck="False" Description="Checks for mass elements in the model and linked models." ShowList="True" FailureMessage="There are mass elements in the model and linked models." FailureCondition="ReportElements" CheckType="Custom" IsRequired="False" IsChecked="True" IsInitialized="True">
        <Filter Operator="And" Category="Category" Property="OST_Mass" Condition="Included" Value="True" Unit="None" UnitClass="None" FieldTitle="" UserDefined="False" Validation="None" />
        <Filter Operator="And" Category="Category" Property="OST_MassExteriorWall" Condition="Included" Value="True" Unit="None" UnitClass="None" FieldTitle="" UserDefined="False" Validation="None" />
        <Filter Operator="And" Category="Category" Property="OST_MassFloor" Condition="Included" Value="True" Unit="None" UnitClass="None" FieldTitle="" UserDefined="False" Validation="None" />
        <Filter Operator="And" Category="Category" Property="OST_MassGlazingAll" Condition="Included" Value="True" Unit="None" UnitClass="None" FieldTitle="" UserDefined="False" Validation="None" />
        <Filter Operator="And" Category="Category" Property="OST_MassInteriorWall" Condition="Included" Value="True" Unit="None" UnitClass="None" FieldTitle="" UserDefined="False" Validation="None" />
        <Filter Operator="And" Category="Category" Property="OST_MassOpening" Condition="Included" Value="True" Unit="None" UnitClass="None" FieldTitle="" UserDefined="False" Validation="None" />
        <Filter Operator="And" Category="Category" Property="OST_MassRoof" Condition="Included" Value="True" Unit="None" UnitClass="None" FieldTitle="" UserDefined="False" Validation="None" />
        <Filter Operator="And" Category="Category" Property="OST_MassSkylights" Condition="Included" Value="True" Unit="None" UnitClass="None" FieldTitle="" UserDefined="False" Validation="None" />
        <Filter Operator="And" Category="Category" Property="OST_MassZone" Condition="Included" Value="True" Unit="None" UnitClass="None" FieldTitle="" UserDefined="False" Validation="None" />
        <Filter Operator="And" Category="TypeOrInstance" Property="Is Element Type" Condition="Equal" Value="False" Unit="None" UnitClass="None" FieldTitle="" UserDefined="False" Validation="None" />
      </Check>
    </Section>
  </Heading>
  <Heading HeadingText="MODELING GUIDELINES" Description="">
    <Section SectionName="Wall Modeling Guidelines" Title="" IsChecked="True" Description="">
      <Check CheckName="Wall Base Constraint" IsModelCheck="False" Description="" ShowList="False" FailureMessage="Wall Base Constraint should be on CL level" FailureCondition="ReportElements" CheckType="Custom" IsRequired="False" IsChecked="True" IsInitialized="True">
        <Filter Operator="And" Category="Category" Property="OST_Walls" Condition="Included" Value="True" Unit="None" UnitClass="None" FieldTitle="" UserDefined="False" Validation="None" />
        <Filter Operator="And" Category="Type" Property="Name" Condition="Contains" Value="WA_" Unit="None" UnitClass="None" FieldTitle="" UserDefined="False" Validation="None" />
        <Filter Operator="And" Category="Parameter" Property="Base Constraint" Condition="DoesNotContain" Value="CL" Unit="None" UnitClass="None" FieldTitle="" UserDefined="False" Validation="None" />
        <Filter Operator="And" Category="TypeOrInstance" Property="Is Element Type" Condition="Equal" Value="False" Unit="None" UnitClass="None" FieldTitle="" UserDefined="False" Validation="None" />
      </Check>
      <Check CheckName="Wall Top Constraint" IsModelCheck="False" Description="" ShowList="False" FailureMessage="Wall Top Constraint should be on CL level" FailureCondition="ReportElements" CheckType="Custom" IsRequired="False" IsChecked="True" IsInitialized="True">
        <Filter Operator="And" Category="Category" Property="OST_Walls" Condition="Included" Value="True" Unit="None" UnitClass="None" FieldTitle="" UserDefined="False" Validation="None" />
        <Filter Operator="And" Category="Type" Property="Name" Condition="Contains" Value="WA_" Unit="None" UnitClass="None" FieldTitle="" UserDefined="False" Validation="None" />
        <Filter Operator="And" Category="Parameter" Property="Top Constraint" Condition="DoesNotContain" Value="CL" Unit="None" UnitClass="None" FieldTitle="" UserDefined="False" Validation="None" />
        <Filter Operator="And" Category="TypeOrInstance" Property="Is Element Type" Condition="Equal" Value="False" Unit="None" UnitClass="None" FieldTitle="" UserDefined="False" Validation="None" />
      </Check>
    </Section>
    <Section SectionName="Wall Finishes Modeling Guidelines" Title="" IsChecked="True" Description="">
      <Check CheckName="Wall Finishes Base Constraint" IsModelCheck="False" Description="" ShowList="False" FailureMessage="Wall Finish Base Constraint should be on FFL level" FailureCondition="ReportElements" CheckType="Custom" IsRequired="False" IsChecked="True" IsInitialized="True">
        <Filter Operator="And" Category="Category" Property="OST_Walls" Condition="Included" Value="True" Unit="None" UnitClass="None" FieldTitle="" UserDefined="False" Validation="None" />
        <Filter Operator="And" Category="Type" Property="Name" Condition="Contains" Value="WF_" Unit="None" UnitClass="None" FieldTitle="" UserDefined="False" Validation="None" />
        <Filter Operator="And" Category="Parameter" Property="Base Constraint" Condition="DoesNotContain" Value="FFL" Unit="None" UnitClass="None" FieldTitle="" UserDefined="False" Validation="None" />
        <Filter Operator="And" Category="TypeOrInstance" Property="Is Element Type" Condition="Equal" Value="False" Unit="None" UnitClass="None" FieldTitle="" UserDefined="False" Validation="None" />
      </Check>
      <Check CheckName="Wall Finishes Top Constraint" IsModelCheck="False" Description="" ShowList="False" FailureMessage="Wall Finish Top Constraint should be on FFL level" FailureCondition="ReportElements" CheckType="Custom" IsRequired="False" IsChecked="True" IsInitialized="True">
        <Filter Operator="And" Category="Category" Property="OST_Walls" Condition="Included" Value="True" Unit="None" UnitClass="None" FieldTitle="" UserDefined="False" Validation="None" />
        <Filter Operator="And" Category="Type" Property="Name" Condition="Contains" Value="WF_" Unit="None" UnitClass="None" FieldTitle="" UserDefined="False" Validation="None" />
        <Filter Operator="And" Category="Parameter" Property="Top Constraint" Condition="DoesNotContain" Value="FFL" Unit="None" UnitClass="None" FieldTitle="" UserDefined="False" Validation="None" />
        <Filter Operator="And" Category="TypeOrInstance" Property="Is Element Type" Condition="Equal" Value="False" Unit="None" UnitClass="None" FieldTitle="" UserDefined="False" Validation="None" />
      </Check>
    </Section>
    <Section SectionName="Room Constraint" Title="" IsChecked="True" Description="">
      <Check CheckName="Room Level " IsModelCheck="False" Description="" ShowList="False" FailureMessage="Room Upper Limit Should be on FFL" FailureCondition="ReportElements" CheckType="Custom" IsRequired="False" IsChecked="True" IsInitialized="True">
        <Filter Operator="And" Category="Category" Property="OST_Rooms" Condition="Included" Value="True" Unit="None" UnitClass="None" FieldTitle="" UserDefined="False" Validation="None" />
        <Filter Operator="And" Category="Parameter" Property="LEVEL_NAME" Condition="DoesNotContain" Value="FFL" Unit="None" UnitClass="None" FieldTitle="" UserDefined="False" Validation="None" />
        <Filter Operator="And" Category="TypeOrInstance" Property="Is Element Type" Condition="Equal" Value="False" Unit="None" UnitClass="None" FieldTitle="" UserDefined="False" Validation="None" />
      </Check>
      <Check CheckName="Room Limit Offset" IsModelCheck="False" Description="" ShowList="False" FailureMessage="Room Limit Offset should be equal to 4000" FailureCondition="ReportElements" CheckType="Custom" IsRequired="False" IsChecked="True" IsInitialized="True">
        <Filter Operator="And" Category="Category" Property="OST_Rooms" Condition="Included" Value="True" Unit="None" UnitClass="None" FieldTitle="" UserDefined="False" Validation="None" />
        <Filter Operator="And" Category="Parameter" Property="Limit Offset" Condition="NotEqual" Value="13.1233595800525" Unit="Millimeters" UnitClass="Length" FieldTitle="" UserDefined="False" Validation="None" />
        <Filter Operator="And" Category="TypeOrInstance" Property="Is Element Type" Condition="Equal" Value="False" Unit="None" UnitClass="None" FieldTitle="" UserDefined="False" Validation="None" />
      </Check>
    </Section>
    <Section SectionName="Shaft Opening" Title="" IsChecked="True" Description="">
      <Check CheckName="Saft Opening Base Constraint" IsModelCheck="False" Description="" ShowList="False" FailureMessage="" FailureCondition="ReportElements" CheckType="Custom" IsRequired="False" IsChecked="True" IsInitialized="True">
        <Filter Operator="And" Category="TypeOrInstance" Property="Is Element Type" Condition="Equal" Value="False" Unit="None" UnitClass="None" FieldTitle="" UserDefined="False" Validation="None" />
        <Filter Operator="And" Category="Category" Property="OST_ShaftOpening" Condition="Included" Value="True" Unit="None" UnitClass="None" FieldTitle="" UserDefined="False" Validation="None" />
        <Filter Operator="And" Category="Parameter" Property="Base Constraint" Condition="NotEqual" Value="CL" Unit="None" UnitClass="None" FieldTitle="" UserDefined="False" Validation="None" />
      </Check>
      <Check CheckName="Saft Opening Top Constraint" IsModelCheck="False" Description="" ShowList="False" FailureMessage="" FailureCondition="ReportElements" CheckType="Custom" IsRequired="False" IsChecked="True" IsInitialized="True">
        <Filter Operator="And" Category="TypeOrInstance" Property="Is Element Type" Condition="Equal" Value="False" Unit="None" UnitClass="None" FieldTitle="" UserDefined="False" Validation="None" />
        <Filter Operator="And" Category="Category" Property="OST_ShaftOpening" Condition="Included" Value="True" Unit="None" UnitClass="None" FieldTitle="" UserDefined="False" Validation="None" />
        <Filter Operator="And" Category="Parameter" Property="Top Constraint" Condition="NotEqual" Value="CL" Unit="None" UnitClass="None" FieldTitle="" UserDefined="False" Validation="None" />
      </Check>
    </Section>
  </Heading>
  <Heading HeadingText="MODEL ORGANIZATION" Description="">
    <Section SectionName="Views" Title="" IsChecked="True" Description="">
      <Check CheckName="Views" IsModelCheck="False" Description="" ShowList="True" FailureMessage="Delete Unneeded Views" FailureCondition="ReportElements" CheckType="Custom" IsRequired="False" IsChecked="True" IsInitialized="True">
        <Filter Operator="And" Category="Category" Property="OST_Views" Condition="Included" Value="True" Unit="None" UnitClass="None" FieldTitle="" UserDefined="False" Validation="None" />
        <Filter Operator="And" Category="TypeOrInstance" Property="Is Element Type" Condition="Equal" Value="False" Unit="None" UnitClass="None" FieldTitle="" UserDefined="False" Validation="None" />
      </Check>
    </Section>
    <Section SectionName="Levels" Title="" IsChecked="True" Description="">
      <Check CheckName="Levels" IsModelCheck="True" Description="" ShowList="True" FailureMessage="" FailureCondition="ReportElements" CheckType="Custom" IsRequired="False" IsChecked="True" IsInitialized="True">
        <Filter Operator="And" Category="Category" Property="OST_Levels" Condition="Included" Value="True" Unit="None" UnitClass="None" FieldTitle="" UserDefined="False" Validation="None" />
        <Filter Operator="And" Category="TypeOrInstance" Property="Is Element Type" Condition="Equal" Value="False" Unit="None" UnitClass="None" FieldTitle="" UserDefined="False" Validation="None" />
      </Check>
    </Section>
    <Section SectionName="Grids" Title="" IsChecked="True" Description="">
      <Check CheckName="Grids" IsModelCheck="True" Description="" ShowList="True" FailureMessage="" FailureCondition="ReportElements" CheckType="Custom" IsRequired="False" IsChecked="True" IsInitialized="True">
        <Filter Operator="And" Category="Category" Property="OST_Grids" Condition="Included" Value="True" Unit="None" UnitClass="None" FieldTitle="" UserDefined="False" Validation="None" />
        <Filter Operator="And" Category="TypeOrInstance" Property="Is Element Type" Condition="Equal" Value="False" Unit="None" UnitClass="None" FieldTitle="" UserDefined="False" Validation="None" />
      </Check>
    </Section>
    <Section SectionName="Rooms" Title="" IsChecked="True" Description="">
      <Check CheckName="Rooms" IsModelCheck="True" Description="" ShowList="True" FailureMessage="" FailureCondition="ReportElements" CheckType="Custom" IsRequired="False" IsChecked="True" IsInitialized="True">
        <Filter Operator="And" Category="Category" Property="OST_Rooms" Condition="Included" Value="True" Unit="None" UnitClass="None" FieldTitle="" UserDefined="False" Validation="None" />
        <Filter Operator="And" Category="TypeOrInstance" Property="Is Element Type" Condition="Equal" Value="False" Unit="None" UnitClass="None" FieldTitle="" UserDefined="False" Validation="None" />
      </Check>
    </Section>
    <Section SectionName="Sheets" Title="" IsChecked="True" Description="">
      <Check CheckName="Sheets" IsModelCheck="True" Description="" ShowList="True" FailureMessage="" FailureCondition="NoElements" CheckType="Custom" IsRequired="False" IsChecked="True" IsInitialized="True">
        <Filter Operator="And" Category="Category" Property="OST_Sheets" Condition="Included" Value="True" Unit="None" UnitClass="None" FieldTitle="" UserDefined="False" Validation="None" />
        <Filter Operator="And" Category="TypeOrInstance" Property="Is Element Type" Condition="Equal" Value="False" Unit="None" UnitClass="None" FieldTitle="" UserDefined="False" Validation="None" />
      </Check>
    </Section>
    <Section SectionName="Room Separation Lines" Title="" IsChecked="True" Description="">
      <Check CheckName="Room Separation Lines are NOT Used" IsModelCheck="True" Description="" ShowList="True" FailureMessage="Check if Room Separation Lines are needed" FailureCondition="ReportElements" CheckType="Custom" IsRequired="False" IsChecked="True" IsInitialized="True">
        <Filter Operator="And" Category="Category" Property="OST_RoomSeparationLines" Condition="Included" Value="True" Unit="None" UnitClass="None" FieldTitle="" UserDefined="False" Validation="None" />
        <Filter Operator="And" Category="TypeOrInstance" Property="Is Element Type" Condition="Equal" Value="False" Unit="None" UnitClass="None" FieldTitle="" UserDefined="False" Validation="None" />
      </Check>
    </Section>
    <Section SectionName="Scope Boxes" Title="" IsChecked="True" Description="">
      <Check CheckName="Scope Boxes" IsModelCheck="True" Description="" ShowList="True" FailureMessage="" FailureCondition="ReportElements" CheckType="Custom" IsRequired="False" IsChecked="True" IsInitialized="True">
        <Filter Operator="And" Category="Category" Property="OST_VolumeOfInterest" Condition="Included" Value="True" Unit="None" UnitClass="None" FieldTitle="" UserDefined="False" Validation="None" />
        <Filter Operator="And" Category="TypeOrInstance" Property="Is Element Type" Condition="Equal" Value="False" Unit="None" UnitClass="None" FieldTitle="" UserDefined="False" Validation="None" />
      </Check>
    </Section>
    <Section SectionName="Match Lines" Title="" IsChecked="True" Description="">
      <Check CheckName="Match Lines" IsModelCheck="True" Description="" ShowList="True" FailureMessage="" FailureCondition="ReportElements" CheckType="Custom" IsRequired="False" IsChecked="True" IsInitialized="True">
        <Filter Operator="And" Category="Category" Property="OST_Matchline" Condition="Included" Value="True" Unit="None" UnitClass="None" FieldTitle="" UserDefined="False" Validation="None" />
        <Filter Operator="And" Category="TypeOrInstance" Property="Is Element Type" Condition="Equal" Value="False" Unit="None" UnitClass="None" FieldTitle="" UserDefined="False" Validation="None" />
      </Check>
    </Section>
  </Heading>
  <Heading HeadingText="TEST" Description="">
    <Section SectionName="WALLS" Title="" IsChecked="True" Description="">
      <Check CheckName="Line Styles" IsModelCheck="True" Description="Lists all Line Styles in a Revit model." ShowList="True" FailureMessage="" FailureCondition="ReportElements" CheckType="LineStyles" IsRequired="False" IsChecked="True" IsInitialized="True" />
      <Check CheckName="TEST" IsModelCheck="False" Description="" ShowList="False" FailureMessage="" FailureCondition="ReportElements" CheckType="Custom" IsRequired="False" IsChecked="True" IsInitialized="True">
        <Filter Operator="And" Category="Category" Property="OST_Walls" Condition="Included" Value="True" Unit="None" UnitClass="None" FieldTitle="" UserDefined="False" Validation="None" />
        <Filter Operator="And" Category="TypeOrInstance" Property="Is Element Type" Condition="Equal" Value="True" Unit="None" UnitClass="None" FieldTitle="" UserDefined="False" Validation="None" />
      </Check>
    </Section>
  </Heading>
</MCSettings>