﻿<?xml version="1.0" encoding="UTF-8" standalone="yes"?>
<MCSettings AllowRequired="False" Name="AI Model Element Checks" Author="" Description="" Image="http://www.biminteroperabilitytools.com/modelchecker/downloads/TN-100.png" LastModified="132354740587015467">
  <Heading ID="0725a67a-afc3-46e8-8d02-90e2f3586bb7" HeadingText="AR Model Element Checks" Description="" IsChecked="True" />
  <Heading ID="9199d9ce-fff1-48a4-a10e-5a2abc8a8244" HeadingText="ELEMENTS CONSTRAINTS" Description="" IsChecked="True">
    <Section ID="18be8be6-ed5e-4363-a268-7c4617607981" SectionName="ELEMENTS CONSTRAINTS" Title="" IsChecked="True" Description="">
      <Section ID="31a1e365-a73a-457e-9576-15e95a43ef9e" SectionName="LEVELS" Title="" IsChecked="True" Description="">
        <Check ID="b062f670-0bb0-4a0d-92a0-cffa5b9ac19a" CheckName="FFL Levels" Description="Level Type is not compliant with Level Name " FailureMessage="Level Type is FFL but Level Name does not contain FFL" ResultCondition="FailMatchingElements" CheckType="Custom" IsRequired="False" IsChecked="True">
          <Filter ID="75a01032-faea-4e80-970c-c1d8ab5bbe4b" Operator="And" Category="Category" Property="OST_Levels" Condition="Included" Value="True" CaseInsensitive="False" Unit="None" UnitClass="None" FieldTitle="" UserDefined="False" Validation="None" />
          <Filter ID="835329ef-a9c6-4b46-b706-36a2625e8996" Operator="And" Category="Parameter" Property="ELEM_FAMILY_AND_TYPE_PARAM" Condition="Contains" Value="FFL" CaseInsensitive="False" Unit="None" UnitClass="None" FieldTitle="" UserDefined="False" Validation="None" />
          <Filter ID="7eef5b47-3c88-4d02-801f-d07137353d42" Operator="And" Category="Parameter" Property="DATUM_TEXT" Condition="DoesNotContain" Value="FFL" CaseInsensitive="False" Unit="None" UnitClass="None" FieldTitle="" UserDefined="False" Validation="None" />
          <Filter ID="4b922c19-d07b-4ef2-a721-c1b34cdcf38c" Operator="And" Category="TypeOrInstance" Property="Is Element Type" Condition="Equal" Value="False" CaseInsensitive="False" Unit="None" UnitClass="None" FieldTitle="" UserDefined="False" Validation="None" />
        </Check>
        <Check ID="3f7b8cc5-9ebc-4003-b7d6-c20cf8a078be" CheckName="CL Levels" Description="Level Type is not compliant with Level Name " FailureMessage="Level Type is CL but Level Name does not contain CL" ResultCondition="FailMatchingElements" CheckType="Custom" IsRequired="False" IsChecked="True">
          <Filter ID="3b6e1ed7-b98d-4029-b7cf-aea76fc5c7cd" Operator="And" Category="Category" Property="OST_Levels" Condition="Included" Value="True" CaseInsensitive="False" Unit="None" UnitClass="None" FieldTitle="" UserDefined="False" Validation="None" />
          <Filter ID="6dcf6ac4-2d3c-4b30-b09c-9a60f201a82f" Operator="And" Category="Parameter" Property="ELEM_FAMILY_AND_TYPE_PARAM" Condition="Contains" Value="CL" CaseInsensitive="False" Unit="None" UnitClass="None" FieldTitle="" UserDefined="False" Validation="None" />
          <Filter ID="68ddfc1f-08d8-4647-af51-c9284e07c7ca" Operator="And" Category="Parameter" Property="DATUM_TEXT" Condition="DoesNotContain" Value="CL" CaseInsensitive="False" Unit="None" UnitClass="None" FieldTitle="" UserDefined="False" Validation="None" />
          <Filter ID="3274e132-bf55-4035-bb2f-5ee3562a4e47" Operator="And" Category="TypeOrInstance" Property="Is Element Type" Condition="Equal" Value="False" CaseInsensitive="False" Unit="None" UnitClass="None" FieldTitle="" UserDefined="False" Validation="None" />
        </Check>
      </Section>
      <Section ID="a065809c-0d62-4d97-8c14-33118f0cc9fd" SectionName="WALL (Base and Top Constraints should be on CL)" Title="" IsChecked="True" Description="">
        <Check ID="8827179c-95d2-46ae-b476-5b163e2c438a" CheckName="Wall Base Constraint" Description="Wall Base Constraint should be on Concrete Level" FailureMessage="Wall Base Constraint should be on CL" ResultCondition="FailMatchingElements" CheckType="Custom" IsRequired="False" IsChecked="True">
          <Filter ID="ff69612b-41af-4e95-8041-8e7b8a875713" Operator="And" Category="Category" Property="OST_Walls" Condition="Included" Value="True" CaseInsensitive="False" Unit="None" UnitClass="None" FieldTitle="" UserDefined="False" Validation="None" />
          <Filter ID="43a0f3da-4ced-4b45-9bbe-50e8062a8e35" Operator="And" Category="Parameter" Property="ELEM_FAMILY_AND_TYPE_PARAM" Condition="Contains" Value="WA_" CaseInsensitive="False" Unit="None" UnitClass="None" FieldTitle="" UserDefined="False" Validation="None" />
          <Filter ID="c5ac3ccd-9f3e-4b7f-a802-fc394c0dff83" Operator="And" Category="Parameter" Property="WALL_BASE_CONSTRAINT" Condition="DoesNotContain" Value="CL" CaseInsensitive="False" Unit="None" UnitClass="None" FieldTitle="" UserDefined="False" Validation="None" />
          <Filter ID="b0eba1b9-44ed-445b-bea1-f2fd2155d5a9" Operator="And" Category="TypeOrInstance" Property="Is Element Type" Condition="Equal" Value="False" CaseInsensitive="False" Unit="None" UnitClass="None" FieldTitle="" UserDefined="False" Validation="None" />
        </Check>
        <Check ID="e805c069-50cc-43be-92b2-9d0d0dab2e65" CheckName="Wall Top Constraint" Description="Wall Base Constraint should be on Concrete Level minus Thickness of Slab" FailureMessage="Wall Top Constraint should be on CL minus Thickness of Slab" ResultCondition="FailMatchingElements" CheckType="Custom" IsRequired="False" IsChecked="True">
          <Filter ID="81e029bb-5f83-4c3b-a5a5-cfd86cadcb84" Operator="And" Category="Category" Property="OST_Walls" Condition="Included" Value="True" CaseInsensitive="False" Unit="None" UnitClass="None" FieldTitle="" UserDefined="False" Validation="None" />
          <Filter ID="a9e55edc-c7e5-4bbc-97ee-0c3b5e9604f4" Operator="And" Category="Parameter" Property="ELEM_FAMILY_AND_TYPE_PARAM" Condition="Contains" Value="WA_" CaseInsensitive="False" Unit="None" UnitClass="None" FieldTitle="" UserDefined="False" Validation="None" />
          <Filter ID="e33037d5-0f96-4c5a-9e47-42a30e66e366" Operator="And" Category="Parameter" Property="WALL_HEIGHT_TYPE" Condition="DoesNotContain" Value="CL" CaseInsensitive="False" Unit="None" UnitClass="None" FieldTitle="" UserDefined="False" Validation="None" />
          <Filter ID="87bc17f2-b685-4c7e-965c-27279cabe866" Operator="And" Category="TypeOrInstance" Property="Is Element Type" Condition="Equal" Value="False" CaseInsensitive="False" Unit="None" UnitClass="None" FieldTitle="" UserDefined="False" Validation="None" />
        </Check>
        <Check ID="2c3f427c-ab1d-4363-9f95-cca9de59d4b9" CheckName="Wall Unconnected Height" Description="Wall Height should be Less than 10000mm" FailureMessage="Wall Unconnected Height should NOT be  = or &gt; than 10m " ResultCondition="FailMatchingElements" CheckType="Custom" IsRequired="False" IsChecked="True">
          <Filter ID="eba143f6-07d8-42d2-85f1-07d23659f540" Operator="And" Category="Category" Property="OST_Walls" Condition="Included" Value="True" CaseInsensitive="False" Unit="None" UnitClass="None" FieldTitle="" UserDefined="False" Validation="None" />
          <Filter ID="8398ae22-0571-4a9c-bbac-c0f88de22238" Operator="And" Category="Parameter" Property="ELEM_FAMILY_AND_TYPE_PARAM" Condition="Contains" Value="WA_" CaseInsensitive="False" Unit="None" UnitClass="None" FieldTitle="" UserDefined="False" Validation="None" />
          <Filter ID="cab1bec8-2a21-4516-80e7-022971a28cc4" Operator="And" Category="Parameter" Property="WALL_USER_HEIGHT_PARAM" Condition="GreaterOrEqual" Value="32.8083989501312" CaseInsensitive="False" Unit="Millimeters" UnitClass="Length" FieldTitle="" UserDefined="False" Validation="None" />
          <Filter ID="e15982d0-6b7a-4c48-9955-eb56a098826e" Operator="And" Category="TypeOrInstance" Property="Is Element Type" Condition="Equal" Value="False" CaseInsensitive="False" Unit="None" UnitClass="None" FieldTitle="" UserDefined="False" Validation="None" />
        </Check>
      </Section>
      <Section ID="9eb8e8c3-4b16-40c7-a9ef-e0ea8639793f" SectionName="WALL FINISH (Base Constraint should be on FFL and Top Constraint should be Unconnected)" Title="" IsChecked="True" Description="">
        <Check ID="9593b231-0c5c-4e89-9fb8-51217c234bdb" CheckName="Wall Finish Base Constraint" Description="Wall Finish Base Constraint should be on Finish Floor Level" FailureMessage="Wall Finish Base Constraint should be on FFL" ResultCondition="FailMatchingElements" CheckType="Custom" IsRequired="False" IsChecked="True">
          <Filter ID="bb1c327f-67fe-491b-8887-cd480232c51e" Operator="And" Category="Category" Property="OST_Walls" Condition="Included" Value="True" CaseInsensitive="False" Unit="None" UnitClass="None" FieldTitle="" UserDefined="False" Validation="None" />
          <Filter ID="b0e7fbcd-880c-4bd9-a442-08d27f44ac6d" Operator="And" Category="Parameter" Property="ELEM_FAMILY_AND_TYPE_PARAM" Condition="Contains" Value="WF_" CaseInsensitive="False" Unit="None" UnitClass="None" FieldTitle="" UserDefined="False" Validation="None" />
          <Filter ID="a93efd3d-7fbd-4150-88d7-369ccd9f8091" Operator="And" Category="Parameter" Property="WALL_BASE_CONSTRAINT" Condition="DoesNotContain" Value="FFL" CaseInsensitive="False" Unit="None" UnitClass="None" FieldTitle="" UserDefined="False" Validation="None" />
          <Filter ID="59419646-f3ea-480b-8494-0ffb6cfbb4e2" Operator="And" Category="TypeOrInstance" Property="Is Element Type" Condition="Equal" Value="False" CaseInsensitive="False" Unit="None" UnitClass="None" FieldTitle="" UserDefined="False" Validation="None" />
        </Check>
        <Check ID="018f444f-3b9e-43b6-bdc6-56fca87f7194" CheckName="Wall Finish Top Constraint" Description="Wall Finish Top Constraint should be Unconnected." FailureMessage="Wall Finish Top Constraint should be Unconnected" ResultCondition="FailMatchingElements" CheckType="Custom" IsRequired="False" IsChecked="True">
          <Filter ID="1d6b04d7-556b-42e7-8834-cd6d04cf6646" Operator="And" Category="Category" Property="OST_Walls" Condition="Included" Value="True" CaseInsensitive="False" Unit="None" UnitClass="None" FieldTitle="" UserDefined="False" Validation="None" />
          <Filter ID="30436d08-3d2a-4e11-920e-4e5469ab07ab" Operator="And" Category="Parameter" Property="ELEM_FAMILY_AND_TYPE_PARAM" Condition="Contains" Value="WF_" CaseInsensitive="False" Unit="None" UnitClass="None" FieldTitle="" UserDefined="False" Validation="None" />
          <Filter ID="0f64cb26-1c39-4714-bb88-56400cf4144a" Operator="And" Category="Parameter" Property="WALL_HEIGHT_TYPE" Condition="HasValue" Value="True" CaseInsensitive="False" Unit="None" UnitClass="None" FieldTitle="" UserDefined="False" Validation="None" />
          <Filter ID="c605d7f8-835d-4767-9064-c2281421c481" Operator="And" Category="TypeOrInstance" Property="Is Element Type" Condition="Equal" Value="False" CaseInsensitive="False" Unit="None" UnitClass="None" FieldTitle="" UserDefined="False" Validation="None" />
        </Check>
        <Check ID="dccd75d8-68a0-427e-9d53-e2db41218bd0" CheckName="Wall Finish Unconnected Height" Description="Wall Finish Height should be Less than 10000mm" FailureMessage="Wall Finish Unconnected Height should NOT be  = or &gt; than 10m " ResultCondition="FailMatchingElements" CheckType="Custom" IsRequired="False" IsChecked="True">
          <Filter ID="088c9b40-00cb-49cc-a540-177179e05ba7" Operator="And" Category="Category" Property="OST_Walls" Condition="Included" Value="True" CaseInsensitive="False" Unit="None" UnitClass="None" FieldTitle="" UserDefined="False" Validation="None" />
          <Filter ID="7a4f426f-4b4c-48b3-85cd-80b7bcb23afc" Operator="And" Category="Parameter" Property="ELEM_FAMILY_AND_TYPE_PARAM" Condition="Contains" Value="WF_" CaseInsensitive="False" Unit="None" UnitClass="None" FieldTitle="" UserDefined="False" Validation="None" />
          <Filter ID="a0e36caf-f039-4b80-a380-0f2f496bcc5f" Operator="And" Category="Parameter" Property="WALL_USER_HEIGHT_PARAM" Condition="GreaterOrEqual" Value="32.8083989501312" CaseInsensitive="False" Unit="Millimeters" UnitClass="Length" FieldTitle="" UserDefined="False" Validation="None" />
          <Filter ID="4b9ea307-8198-4a4b-93ad-828ee549906c" Operator="And" Category="TypeOrInstance" Property="Is Element Type" Condition="Equal" Value="False" CaseInsensitive="False" Unit="None" UnitClass="None" FieldTitle="" UserDefined="False" Validation="None" />
        </Check>
      </Section>
      <Section ID="34d01602-8312-4c27-a278-a4a8c9b15102" SectionName="SKIRTING (Base Constraint should be on FFL and Top Constraint should be = 100mm)" Title="" IsChecked="True" Description="">
        <Check ID="356ff481-51cb-496d-b708-e335068517e6" CheckName="Skirting Base Constraint" Description="Skirting Base Constraint should be on Finish Floor Level" FailureMessage="Skirting Base Constraint should be on FFL" ResultCondition="FailMatchingElements" CheckType="Custom" IsRequired="False" IsChecked="True">
          <Filter ID="07863093-cc7f-43db-88c5-be62abe924f9" Operator="And" Category="Category" Property="OST_Walls" Condition="Included" Value="True" CaseInsensitive="False" Unit="None" UnitClass="None" FieldTitle="" UserDefined="False" Validation="None" />
          <Filter ID="62bd60f5-846a-48b1-9108-88895ac428f0" Operator="And" Category="Parameter" Property="ELEM_FAMILY_AND_TYPE_PARAM" Condition="Contains" Value="BS_" CaseInsensitive="False" Unit="None" UnitClass="None" FieldTitle="" UserDefined="False" Validation="None" />
          <Filter ID="060762b3-1f5b-4fe1-857a-f7c7092d8b3e" Operator="And" Category="Parameter" Property="WALL_BASE_CONSTRAINT" Condition="DoesNotContain" Value="FFL" CaseInsensitive="False" Unit="None" UnitClass="None" FieldTitle="" UserDefined="False" Validation="None" />
          <Filter ID="6f80acca-8251-4870-8d32-6847b13ea42d" Operator="And" Category="TypeOrInstance" Property="Is Element Type" Condition="Equal" Value="False" CaseInsensitive="False" Unit="None" UnitClass="None" FieldTitle="" UserDefined="False" Validation="None" />
        </Check>
        <Check ID="3dd9d831-725e-4a3b-ba79-27aaefbf48a7" CheckName="Skirting Top Constraint" Description="Skirting Top Constraint should be Unconnected" FailureMessage="Skirting Top Constraint should be  = Unconnected" ResultCondition="FailMatchingElements" CheckType="Custom" IsRequired="False" IsChecked="True">
          <Filter ID="1b3b893f-03ee-476c-a960-2e0f22621587" Operator="And" Category="Category" Property="OST_Walls" Condition="Included" Value="True" CaseInsensitive="False" Unit="None" UnitClass="None" FieldTitle="" UserDefined="False" Validation="None" />
          <Filter ID="e9df600a-8c78-48a8-9cbc-f9e082cf7a69" Operator="And" Category="Parameter" Property="ELEM_FAMILY_AND_TYPE_PARAM" Condition="Contains" Value="BS_" CaseInsensitive="False" Unit="None" UnitClass="None" FieldTitle="" UserDefined="False" Validation="None" />
          <Filter ID="24d5880c-c35f-455a-b6e4-4ac9ada99b51" Operator="And" Category="Parameter" Property="WALL_HEIGHT_TYPE" Condition="HasValue" Value="True" CaseInsensitive="False" Unit="None" UnitClass="None" FieldTitle="" UserDefined="False" Validation="None" />
          <Filter ID="1671b453-3f52-4864-91f2-218b991b5722" Operator="And" Category="TypeOrInstance" Property="Is Element Type" Condition="Equal" Value="False" CaseInsensitive="False" Unit="None" UnitClass="None" FieldTitle="" UserDefined="False" Validation="None" />
        </Check>
        <Check ID="edbf6880-5d89-4ef5-9ce1-842615e923e8" CheckName="Skirting Unconnected Height" Description="Skirting Height should be = 100mm" FailureMessage="Skirting Unconnected Height should be = 100mm" ResultCondition="FailMatchingElements" CheckType="Custom" IsRequired="False" IsChecked="True">
          <Filter ID="bdd45eb1-bbfa-47c4-bff7-1ccc1f4bec57" Operator="And" Category="Category" Property="OST_Walls" Condition="Included" Value="True" CaseInsensitive="False" Unit="None" UnitClass="None" FieldTitle="" UserDefined="False" Validation="None" />
          <Filter ID="4c148a34-f2ad-4604-9ca8-74a8423e39be" Operator="And" Category="Parameter" Property="ELEM_FAMILY_AND_TYPE_PARAM" Condition="Contains" Value="BS_" CaseInsensitive="False" Unit="None" UnitClass="None" FieldTitle="" UserDefined="False" Validation="None" />
          <Filter ID="7e314df7-ff1f-4ec9-b45d-803aa8d55ad9" Operator="And" Category="Parameter" Property="WALL_USER_HEIGHT_PARAM" Condition="NotEqual" Value="0.328083989501312" CaseInsensitive="False" Unit="Millimeters" UnitClass="Length" FieldTitle="" UserDefined="False" Validation="None" />
          <Filter ID="550759e3-170d-4226-8c0f-6b50d986b943" Operator="And" Category="TypeOrInstance" Property="Is Element Type" Condition="Equal" Value="False" CaseInsensitive="False" Unit="None" UnitClass="None" FieldTitle="" UserDefined="False" Validation="None" />
        </Check>
      </Section>
      <Section ID="942c8b97-afe5-4c37-aecb-c37f8cfcb262" SectionName="STAIR FINISH (Base and Top Levels should be on FFL)" Title="" IsChecked="False" Description="">
        <Check ID="17692e72-09f2-4693-81ce-d0a6ba98d9e3" CheckName="Stair Finish Base Level" Description="Stair Finish Base Level should be on Finish Floor Level" FailureMessage="Stair Finish Base Level should be on FFL" ResultCondition="FailMatchingElements" CheckType="Custom" IsRequired="False" IsChecked="True">
          <Filter ID="0a6f3c68-a5f4-4154-b183-e462754b3da9" Operator="And" Category="Category" Property="OST_Stairs" Condition="Included" Value="True" CaseInsensitive="False" Unit="None" UnitClass="None" FieldTitle="" UserDefined="False" Validation="None" />
          <Filter ID="9397f513-b5ad-4138-913b-a4f737c7a2f8" Operator="And" Category="Parameter" Property="ELEM_FAMILY_AND_TYPE_PARAM" Condition="Contains" Value="Finish" CaseInsensitive="False" Unit="None" UnitClass="None" FieldTitle="" UserDefined="False" Validation="None" />
          <Filter ID="41e1c7d0-156a-4c84-8214-fb49321f746f" Operator="And" Category="Parameter" Property="STAIRS_BASE_LEVEL_PARAM" Condition="DoesNotContain" Value="FFL" CaseInsensitive="False" Unit="None" UnitClass="None" FieldTitle="" UserDefined="False" Validation="None" />
          <Filter ID="fa9e2114-5f86-4e9d-89da-e472570bc737" Operator="And" Category="TypeOrInstance" Property="Is Element Type" Condition="Equal" Value="False" CaseInsensitive="False" Unit="None" UnitClass="None" FieldTitle="" UserDefined="False" Validation="None" />
        </Check>
        <Check ID="afc486ec-4a79-4035-b1fb-01f5e32b67d1" CheckName="Stair Finish Top Level" Description="Stair Finish Top Level should be on Finish Floor Level" FailureMessage="Stair Finish Top Level should be on FFL" ResultCondition="FailMatchingElements" CheckType="Custom" IsRequired="False" IsChecked="True">
          <Filter ID="14c33af8-a548-4419-8d74-3452cfd75ff7" Operator="And" Category="Category" Property="OST_Stairs" Condition="Included" Value="True" CaseInsensitive="False" Unit="None" UnitClass="None" FieldTitle="" UserDefined="False" Validation="None" />
          <Filter ID="39297113-9e77-413d-982a-ed1361d2b9dc" Operator="And" Category="Parameter" Property="ELEM_FAMILY_AND_TYPE_PARAM" Condition="Contains" Value="Finish" CaseInsensitive="False" Unit="None" UnitClass="None" FieldTitle="" UserDefined="False" Validation="None" />
          <Filter ID="d45e2a96-e0a2-45a0-92d7-2c2d9a9d5ec5" Operator="And" Category="Parameter" Property="STAIRS_TOP_LEVEL_PARAM" Condition="DoesNotContain" Value="FFL" CaseInsensitive="False" Unit="None" UnitClass="None" FieldTitle="" UserDefined="False" Validation="None" />
          <Filter ID="b5468c0e-f50e-45cf-b75c-90365c409d44" Operator="And" Category="TypeOrInstance" Property="Is Element Type" Condition="Equal" Value="False" CaseInsensitive="False" Unit="None" UnitClass="None" FieldTitle="" UserDefined="False" Validation="None" />
        </Check>
      </Section>
      <Section ID="5bd57733-d3e5-49b1-8aa6-d6481a2ddc3b" SectionName="DOOR (Level should be on FFL)" Title="" IsChecked="False" Description="">
        <Check ID="cd2e62ed-708f-4289-a308-a79309071f42" CheckName="Doors Level" Description="Door should be on Finish Floor Level" FailureMessage="Door should be on FFL" ResultCondition="FailMatchingElements" CheckType="Custom" IsRequired="False" IsChecked="True">
          <Filter ID="8c27d1d4-40c0-4742-9146-91d8eba82fd9" Operator="And" Category="Category" Property="OST_Doors" Condition="Included" Value="True" CaseInsensitive="False" Unit="None" UnitClass="None" FieldTitle="" UserDefined="False" Validation="None" />
          <Filter ID="aef7917a-d798-43de-ab10-037f379fd186" Operator="And" Category="Parameter" Property="FAMILY_LEVEL_PARAM" Condition="DoesNotContain" Value="FFL" CaseInsensitive="False" Unit="None" UnitClass="None" FieldTitle="" UserDefined="False" Validation="None" />
          <Filter ID="1e24bf8e-263d-4f9e-bc36-6574cd8728ba" Operator="And" Category="TypeOrInstance" Property="Is Element Type" Condition="Equal" Value="False" CaseInsensitive="False" Unit="None" UnitClass="None" FieldTitle="" UserDefined="False" Validation="None" />
          <Filter ID="e926434c-244c-4258-b081-2998aa0f91a6" Operator="Exclude" Category="Category" Property="OST_Doors" Condition="Included" Value="True" CaseInsensitive="False" Unit="None" UnitClass="None" FieldTitle="" UserDefined="False" Validation="None" />
          <Filter ID="d7cbe861-3ed8-4f30-b2ba-c3c0a695ec79" Operator="And" Category="Parameter" Property="ELEM_FAMILY_AND_TYPE_PARAM" Condition="Contains" Value="Curtain" CaseInsensitive="False" Unit="None" UnitClass="None" FieldTitle="" UserDefined="False" Validation="None" />
        </Check>
      </Section>
      <Section ID="d44a6080-106c-43bc-a50c-9dbce4015d46" SectionName="ROOM (Level should be on FFL)" Title="" IsChecked="False" Description="">
        <Check ID="8abcf09f-14d2-4f31-9ce7-7c66c3bfbdfe" CheckName="Room Level " Description="Room should be on Finish Floor Level" FailureMessage="Room should be on FFL" ResultCondition="FailMatchingElements" CheckType="Custom" IsRequired="False" IsChecked="True">
          <Filter ID="06876fd1-d7e3-4ff9-84e7-339d33ceccf4" Operator="And" Category="Category" Property="OST_Rooms" Condition="Included" Value="True" CaseInsensitive="False" Unit="None" UnitClass="None" FieldTitle="" UserDefined="False" Validation="None" />
          <Filter ID="39684c1c-c280-427c-9319-91b51bae2804" Operator="And" Category="Parameter" Property="LEVEL_NAME" Condition="DoesNotContain" Value="FFL" CaseInsensitive="False" Unit="None" UnitClass="None" FieldTitle="" UserDefined="False" Validation="None" />
          <Filter ID="1b6f15d7-93af-4e29-b612-6a8ed74e6ac2" Operator="And" Category="TypeOrInstance" Property="Is Element Type" Condition="Equal" Value="False" CaseInsensitive="False" Unit="None" UnitClass="None" FieldTitle="" UserDefined="False" Validation="None" />
        </Check>
        <Check ID="2d6f9a5d-31c4-4efe-a108-2c4eaa1ba56d" CheckName="Room Limit Offset" Description="Room Limit Offset should be less than 10000mm" FailureMessage="Room Limit Offset should not be = or &gt; than 10m " ResultCondition="FailMatchingElements" CheckType="Custom" IsRequired="False" IsChecked="True">
          <Filter ID="c09f7be2-ba15-4b0d-9263-3e1b83436c0b" Operator="And" Category="Category" Property="OST_Rooms" Condition="Included" Value="True" CaseInsensitive="False" Unit="None" UnitClass="None" FieldTitle="" UserDefined="False" Validation="None" />
          <Filter ID="a907dfa6-83f6-4270-8618-f61c76dc135b" Operator="And" Category="Parameter" Property="ROOM_UPPER_OFFSET" Condition="GreaterOrEqual" Value="32.8083989501312" CaseInsensitive="False" Unit="Millimeters" UnitClass="Length" FieldTitle="" UserDefined="False" Validation="None" />
          <Filter ID="6a1ce8b2-e9c5-4dae-878a-639c450743c3" Operator="And" Category="TypeOrInstance" Property="Is Element Type" Condition="Equal" Value="False" CaseInsensitive="False" Unit="None" UnitClass="None" FieldTitle="" UserDefined="False" Validation="None" />
        </Check>
      </Section>
    </Section>
  </Heading>
  <Heading ID="a9627ead-18e9-43f5-8b8b-94ea9259badb" HeadingText="DUPLICATED ELEMENTS" Description="" IsChecked="True">
    <Section ID="0e9cdf82-ff26-4cfe-8989-f23057d3bdec" SectionName="No Duplicate Walls in the Model" Title="" IsChecked="True" Description="">
      <Check ID="dcbb680f-3103-4f16-820f-53d08b5b1440" CheckName="Duplicate Walls" Description="Check for any Walls that are duplicates, meaning identical elements at the same location and base level.  " FailureMessage="Walls are Duplicated" ResultCondition="FailMatchingElements" CheckType="Custom" IsRequired="False" IsChecked="False">
        <Filter ID="1f942ca5-88de-4eb3-9f22-69ee9dc7a8a9" Operator="And" Category="Category" Property="OST_Walls" Condition="Included" Value="True" CaseInsensitive="False" Unit="None" UnitClass="None" FieldTitle="" UserDefined="False" Validation="None" />
        <Filter ID="61b33deb-0ef1-4ed6-b41e-e66104ee8c1d" Operator="And" Category="Redundant" Property="Location" Condition="Equal" Value="True" CaseInsensitive="False" Unit="None" UnitClass="None" FieldTitle="" UserDefined="False" Validation="None" />
        <Filter ID="e28d8382-857f-47b4-96c8-b631bc75d7d2" Operator="And" Category="TypeOrInstance" Property="Is Element Type" Condition="Equal" Value="False" CaseInsensitive="False" Unit="None" UnitClass="None" FieldTitle="" UserDefined="False" Validation="None" />
      </Check>
    </Section>
    <Section ID="2d587bc0-5c5b-4611-9592-1fb7b8829149" SectionName="No Duplicate Columns in the Model" Title="" IsChecked="False" Description="">
      <Check ID="70204ea9-9545-46d7-b391-114076b1ebdc" CheckName="Duplicate Columns" Description="Check for any Columns that are duplicates, meaning identical elements at the same location and base level. " FailureMessage="Columns are Duplicated" ResultCondition="FailMatchingElements" CheckType="Custom" IsRequired="False" IsChecked="True">
        <Filter ID="c39d91bf-335d-48b8-9313-e49a756eaf71" Operator="And" Category="Category" Property="OST_Columns" Condition="Included" Value="True" CaseInsensitive="False" Unit="None" UnitClass="None" FieldTitle="" UserDefined="False" Validation="None" />
        <Filter ID="c24c4604-877e-4548-b3d0-8b27164c3687" Operator="And" Category="Redundant" Property="Location" Condition="Equal" Value="True" CaseInsensitive="False" Unit="None" UnitClass="None" FieldTitle="" UserDefined="False" Validation="None" />
        <Filter ID="66a995fa-b76a-49b6-8113-0588ea03158d" Operator="And" Category="TypeOrInstance" Property="Is Element Type" Condition="Equal" Value="False" CaseInsensitive="False" Unit="None" UnitClass="None" FieldTitle="" UserDefined="False" Validation="None" />
      </Check>
    </Section>
  </Heading>
  <Heading ID="024a17a7-7973-44c4-a5ec-0293ca7cb6cb" HeadingText="ROOMS" Description="" IsChecked="True">
    <Section ID="ecb63b55-fa20-48e9-b323-1419ae75ed59" SectionName="NO Duplicated Room Numbers" Title="" IsChecked="False" Description="">
      <Check ID="79542647-6b29-4302-b92c-dc74e3694a30" CheckName=" Rooms with NO Duplicated Room Number" Description="Checks for Room Duplicated Room Number" FailureMessage="There are Rooms have same Number (Duplicated). Check Room Schedule to delete duplicated Rooms" ResultCondition="FailMatchingElements" CheckType="Custom" IsRequired="False" IsChecked="True">
        <Filter ID="d0d7b419-1a39-4e2c-95ae-04f45f59e0a6" Operator="And" Category="Category" Property="OST_Rooms" Condition="Included" Value="True" CaseInsensitive="False" Unit="None" UnitClass="None" FieldTitle="" UserDefined="False" Validation="None" />
        <Filter ID="49dce1c9-80f1-4688-977f-ad3452299ca4" Operator="And" Category="Parameter" Property="ROOM_NUMBER" Condition="Duplicated" Value="True" CaseInsensitive="False" Unit="None" UnitClass="None" FieldTitle="" UserDefined="False" Validation="None" />
        <Filter ID="c7b3cada-9585-494b-b9ce-59671cf4e3c5" Operator="And" Category="TypeOrInstance" Property="Is Element Type" Condition="Equal" Value="False" CaseInsensitive="False" Unit="None" UnitClass="None" FieldTitle="" UserDefined="False" Validation="None" />
      </Check>
    </Section>
    <Section ID="ff346a1c-c306-4c95-9f91-65e811128402" SectionName="NO Unplaced or Redundant Rooms" Title="" IsChecked="False" Description="">
      <Check ID="a6e1ff3f-f16d-46d5-a916-80a9fcd88386" CheckName="Rooms are consistent with No Unplaced or Redundant Rooms" Description="Checks for Rooms that are &quot;not placed&quot;, &quot;not enclosed&quot;, or &quot;redundant&quot; in the model." FailureMessage="There are Rooms &quot;not placed&quot;, &quot;not enclosed&quot;, or &quot;redundant&quot; in the model. Check Room Schedule" ResultCondition="FailMatchingElements" CheckType="Custom" IsRequired="False" IsChecked="True">
        <Filter ID="bfe29a39-dcdc-4c83-a21f-9c5a4aeb063d" Operator="And" Category="Category" Property="OST_Rooms" Condition="Included" Value="True" CaseInsensitive="False" Unit="None" UnitClass="None" FieldTitle="" UserDefined="False" Validation="None" />
        <Filter ID="fbfff249-723b-4cbb-a207-5da996c86ecb" Operator="And" Category="Parameter" Property="ROOM_AREA" Condition="Equal" Value="0" CaseInsensitive="False" Unit="None" UnitClass="None" FieldTitle="" UserDefined="False" Validation="None" />
        <Filter ID="bbf5bc46-186a-4c8f-aa3f-3e148c12c4e6" Operator="And" Category="TypeOrInstance" Property="Is Element Type" Condition="Equal" Value="False" CaseInsensitive="False" Unit="None" UnitClass="None" FieldTitle="" UserDefined="False" Validation="None" />
      </Check>
    </Section>
  </Heading>
  <Heading ID="db6e7db9-4237-479a-8c04-3a54edaf439d" HeadingText="MISSING ELEMENTS" Description="" IsChecked="True">
    <Section ID="c480665e-82b6-4ad4-92de-f3b571a4a88f" SectionName="Furniture Not Within Rooms" Title="" IsChecked="False" Description="">
      <Check ID="1c21664d-e4d3-45ea-8143-8fe295730096" CheckName="Elements Not Within Rooms" Description="Checks whether any instances of furniture are not within Rooms" FailureMessage="Instrances of Furniture are not in a Room" ResultCondition="FailMatchingElements" CheckType="Custom" IsRequired="False" IsChecked="True">
        <Filter ID="6834d928-376e-4f68-a654-be67f58341b7" Operator="And" Category="Category" Property="OST_Furniture" Condition="Included" Value="True" CaseInsensitive="False" Unit="None" UnitClass="None" FieldTitle="" UserDefined="False" Validation="None" />
        <Filter ID="f6fa3584-113d-40ea-b99d-39f142fce49f" Operator="And" Category="Room" Property="Is Defined" Condition="NotEqual" Value="True" CaseInsensitive="False" Unit="None" UnitClass="None" FieldTitle="" UserDefined="False" Validation="None" />
        <Filter ID="86b1d599-907c-49b1-be21-bb72a282b088" Operator="And" Category="TypeOrInstance" Property="Is Element Type" Condition="Equal" Value="False" CaseInsensitive="False" Unit="None" UnitClass="None" FieldTitle="" UserDefined="False" Validation="None" />
      </Check>
    </Section>
  </Heading>
  <Heading ID="d01c221d-9eb9-49e8-b81f-fc43cc82fb5d" HeadingText="WORKSETS ARE DEFINED CORRECLTY" Description="" IsChecked="True">
    <Section ID="9ef52086-27ee-4179-bc7c-f921b3c88fd0" SectionName="Internal Door" Title="" IsChecked="True" Description="">
      <Check ID="30246cbe-b5e7-4247-a985-96c23af3009b" CheckName="Internal Doors" Description="Internal Doors should be on &quot;AR_Internal&quot; Workset. Use Ideate Software (Explorer) to place elements on the Correct Workset" FailureMessage="Elements Should be on &quot;AR_Internal&quot; Workset. Use Ideate Software (Explorer) to place elements on the Correct Workset" ResultCondition="FailMatchingElements" CheckType="Custom" IsRequired="False" IsChecked="True">
        <Filter ID="dca39f03-0a93-4a12-bc3b-15d4842536ea" Operator="And" Category="Category" Property="OST_Doors" Condition="Included" Value="True" CaseInsensitive="False" Unit="None" UnitClass="None" FieldTitle="" UserDefined="False" Validation="None" />
        <Filter ID="7b64e101-6aaf-4a34-98f5-fd57612fb46e" Operator="And" Category="Parameter" Property="ELEM_FAMILY_AND_TYPE_PARAM" Condition="Contains" Value="_Int_" CaseInsensitive="False" Unit="None" UnitClass="None" FieldTitle="" UserDefined="False" Validation="None" />
        <Filter ID="d253b058-82f2-45f2-a3da-ac419fbb529b" Operator="And" Category="Workset" Property="Name" Condition="NotEqual" Value="AR_Internal" CaseInsensitive="False" Unit="None" UnitClass="None" FieldTitle="" UserDefined="False" Validation="None" />
        <Filter ID="4dccccd7-13af-43c6-baca-70ac5de6be60" Operator="And" Category="TypeOrInstance" Property="Is Element Type" Condition="Equal" Value="False" CaseInsensitive="False" Unit="None" UnitClass="None" FieldTitle="" UserDefined="False" Validation="None" />
      </Check>
    </Section>
    <Section ID="8c5ce24c-5e7e-4025-956c-e52b8a31862b" SectionName="External Door" Title="" IsChecked="True" Description="">
      <Check ID="380ec70c-08e3-445d-af20-985de96e2a26" CheckName="External Doors" Description="External Doors should be on &quot;AR_External&quot; Workset. Use Ideate Software (Explorer) to place elements on the Correct Workset" FailureMessage="Elements Should be on &quot;AR_External&quot; Workset. Use Ideate Software (Explorer) to place elements on the Correct Workset" ResultCondition="FailMatchingElements" CheckType="Custom" IsRequired="False" IsChecked="True">
        <Filter ID="adca6e6f-3991-46d9-9dff-b1d209ca8c88" Operator="And" Category="Category" Property="OST_Doors" Condition="Included" Value="True" CaseInsensitive="False" Unit="None" UnitClass="None" FieldTitle="" UserDefined="False" Validation="None" />
        <Filter ID="66f6e463-3107-40c3-a95f-1e07c29d7648" Operator="And" Category="Parameter" Property="ELEM_FAMILY_AND_TYPE_PARAM" Condition="Contains" Value="_Ext_" CaseInsensitive="False" Unit="None" UnitClass="None" FieldTitle="" UserDefined="False" Validation="None" />
        <Filter ID="f0467a12-9c1f-4515-96d0-82dac240956b" Operator="And" Category="Workset" Property="Name" Condition="NotEqual" Value="AR_External" CaseInsensitive="False" Unit="None" UnitClass="None" FieldTitle="" UserDefined="False" Validation="None" />
        <Filter ID="b6cb5998-9396-4a97-b309-1b11eea8d101" Operator="And" Category="TypeOrInstance" Property="Is Element Type" Condition="Equal" Value="False" CaseInsensitive="False" Unit="None" UnitClass="None" FieldTitle="" UserDefined="False" Validation="None" />
      </Check>
    </Section>
    <Section ID="7ddefc2b-275a-467c-9270-8c05fd2802cb" SectionName="Internal Walls" Title="" IsChecked="True" Description="">
      <Check ID="662df805-e938-46a4-941d-ae7146dc942e" CheckName="Internal Walls" Description="Internal Walls Should be on &quot;AR_Internal&quot; Workset. Use Ideate Software (Explorer) to place elements on the Correct Workset" FailureMessage="Elements Should be on &quot;AR_Internal&quot; Workset. Use Ideate Software (Explorer) to place elements on the Correct Workset" ResultCondition="FailMatchingElements" CheckType="Custom" IsRequired="False" IsChecked="True">
        <Filter ID="70597ce2-eb43-4bf8-b3f7-10cb6090f178" Operator="And" Category="Category" Property="OST_Walls" Condition="Included" Value="True" CaseInsensitive="False" Unit="None" UnitClass="None" FieldTitle="" UserDefined="False" Validation="None" />
        <Filter ID="8f5f170f-dbc5-4af5-9800-84df8a571fd5" Operator="And" Category="Parameter" Property="ELEM_FAMILY_AND_TYPE_PARAM" Condition="Contains" Value="WA_" CaseInsensitive="False" Unit="None" UnitClass="None" FieldTitle="" UserDefined="False" Validation="None" />
        <Filter ID="96929efb-86de-49a7-ba7f-4f983f55c8ac" Operator="And" Category="Parameter" Property="Function" Condition="Equal" Value="0" CaseInsensitive="False" Unit="None" UnitClass="None" FieldTitle="" UserDefined="False" Validation="None" />
        <Filter ID="543126c3-877f-41e2-b65d-1312a8d403b1" Operator="And" Category="Workset" Property="Name" Condition="NotEqual" Value="AR_Internal" CaseInsensitive="False" Unit="None" UnitClass="None" FieldTitle="" UserDefined="False" Validation="None" />
        <Filter ID="d41d0cd9-e838-49dd-be1d-f9a3f6116f48" Operator="And" Category="TypeOrInstance" Property="Is Element Type" Condition="Equal" Value="False" CaseInsensitive="False" Unit="None" UnitClass="None" FieldTitle="" UserDefined="False" Validation="None" />
      </Check>
    </Section>
    <Section ID="6e84a56b-3718-4d04-8407-0bf627b11496" SectionName="External Walls" Title="" IsChecked="True" Description="">
      <Check ID="9ce6ce1b-53e5-4f83-b0d5-cb647d95da0f" CheckName="External Walls" Description="External Walls Should be on &quot;AR_External&quot; Workset. Use Ideate Software (Explorer) to place elements on the Correct Workset" FailureMessage="Elements Should be on &quot;AR_External&quot; Workset. Use Ideate Software (Explorer) to place elements on the Correct Workset" ResultCondition="FailMatchingElements" CheckType="Custom" IsRequired="False" IsChecked="True">
        <Filter ID="706914b9-d6ab-4546-8470-a5f4ab889754" Operator="And" Category="Category" Property="OST_Walls" Condition="Included" Value="True" CaseInsensitive="False" Unit="None" UnitClass="None" FieldTitle="" UserDefined="False" Validation="None" />
        <Filter ID="d3d0664e-3c46-42bd-ab37-756abfc5d902" Operator="And" Category="Parameter" Property="ELEM_FAMILY_AND_TYPE_PARAM" Condition="Contains" Value="WA_" CaseInsensitive="False" Unit="None" UnitClass="None" FieldTitle="" UserDefined="False" Validation="None" />
        <Filter ID="e2ee8fc3-1d2e-40b6-8653-0aa531e5cc67" Operator="And" Category="Parameter" Property="Function" Condition="Equal" Value="1" CaseInsensitive="False" Unit="None" UnitClass="None" FieldTitle="" UserDefined="False" Validation="None" />
        <Filter ID="a9e67696-dafd-4f6f-8650-2b135f7d39b0" Operator="And" Category="Workset" Property="Name" Condition="NotEqual" Value="AR_External" CaseInsensitive="False" Unit="None" UnitClass="None" FieldTitle="" UserDefined="False" Validation="None" />
        <Filter ID="f64f6d4c-67cf-4aa4-ae78-ca54d6f0ecd3" Operator="And" Category="TypeOrInstance" Property="Is Element Type" Condition="Equal" Value="False" CaseInsensitive="False" Unit="None" UnitClass="None" FieldTitle="" UserDefined="False" Validation="None" />
      </Check>
    </Section>
    <Section ID="ad01e6b0-71f4-422e-ba36-6f0ded691377" SectionName="Wall Finish" Title="" IsChecked="True" Description="">
      <Check ID="914e7151-4a27-46b8-b29b-9f57874b7bd9" CheckName="Wall Finish" Description="Wall Finishes should be on &quot;AI_Wall Finish&quot; Workset . Use Ideate Software (Explorer) to place elements on the Correct Workset" FailureMessage="Elements Should be on &quot;AI_Wall Finish&quot; Workset . Use Ideate Software (Explorer) to place elements on the Correct Workset" ResultCondition="FailMatchingElements" CheckType="Custom" IsRequired="False" IsChecked="True">
        <Filter ID="11f39476-497f-4bc0-9e83-663cadd68573" Operator="And" Category="Category" Property="OST_Walls" Condition="Included" Value="True" CaseInsensitive="False" Unit="None" UnitClass="None" FieldTitle="" UserDefined="False" Validation="None" />
        <Filter ID="47fb21f0-a52a-4cc2-81bb-d086a09aea13" Operator="And" Category="Parameter" Property="ELEM_FAMILY_AND_TYPE_PARAM" Condition="Contains" Value="WF_" CaseInsensitive="False" Unit="None" UnitClass="None" FieldTitle="" UserDefined="False" Validation="None" />
        <Filter ID="d815aa28-4684-45e2-be9a-b127ea248871" Operator="And" Category="Workset" Property="Name" Condition="NotEqual" Value="AI_Wall Finish" CaseInsensitive="False" Unit="None" UnitClass="None" FieldTitle="" UserDefined="False" Validation="None" />
        <Filter ID="702daec0-1f39-4769-849c-984562409bda" Operator="And" Category="TypeOrInstance" Property="Is Element Type" Condition="Equal" Value="False" CaseInsensitive="False" Unit="None" UnitClass="None" FieldTitle="" UserDefined="False" Validation="None" />
      </Check>
    </Section>
    <Section ID="2f208cc4-6d12-45a6-ae42-25d9c30eec68" SectionName="Skirting" Title="" IsChecked="True" Description="">
      <Check ID="7d356225-8aa0-455e-8e76-de017547390c" CheckName="Base_Finish" Description="Base Finishes should be on &quot;AI_Wall Base&quot; Workset . Use Ideate Software (Explorer) to place elements on the Correct Workset" FailureMessage="Elements Should be on &quot;AI_Wall Base&quot; Workset. Use Ideate Software (Explorer) to place elements on the Correct Workset" ResultCondition="FailMatchingElements" CheckType="Custom" IsRequired="False" IsChecked="True">
        <Filter ID="c389d1df-d244-4d14-ade9-e63e91d25ff0" Operator="And" Category="Category" Property="OST_Walls" Condition="Included" Value="True" CaseInsensitive="False" Unit="None" UnitClass="None" FieldTitle="" UserDefined="False" Validation="None" />
        <Filter ID="6db80fe4-a93d-4149-8818-a1083a9cd298" Operator="And" Category="Parameter" Property="ELEM_FAMILY_AND_TYPE_PARAM" Condition="Contains" Value="BS_" CaseInsensitive="False" Unit="None" UnitClass="None" FieldTitle="" UserDefined="False" Validation="None" />
        <Filter ID="f53b4217-a62a-4da4-bbeb-b4964b9bebfc" Operator="And" Category="Workset" Property="Name" Condition="NotEqual" Value="AI_Wall Base" CaseInsensitive="False" Unit="None" UnitClass="None" FieldTitle="" UserDefined="False" Validation="None" />
        <Filter ID="d980f041-dda3-461f-85da-5dc203a03877" Operator="And" Category="TypeOrInstance" Property="Is Element Type" Condition="Equal" Value="False" CaseInsensitive="False" Unit="None" UnitClass="None" FieldTitle="" UserDefined="False" Validation="None" />
      </Check>
    </Section>
    <Section ID="ca1cef4b-aed1-48ad-abca-7ded8970afc2" SectionName="Ceilings" Title="" IsChecked="True" Description="">
      <Check ID="56aa01d3-dbb7-44a2-bfc4-20bd8e080eba" CheckName="Ceilings" Description="Ceilings should be on &quot;AR_Ceiling&quot; Workset. Use Ideate Software (Explorer) to place elements on the Correct Workset" FailureMessage="Elements Should be on &quot;AR_Ceiling&quot; Workset. Use Ideate Software (Explorer) to place elements on the Correct Workset" ResultCondition="FailMatchingElements" CheckType="Custom" IsRequired="False" IsChecked="True">
        <Filter ID="1e4140cc-83e8-41a0-a29f-4ab84f039e55" Operator="And" Category="Category" Property="OST_Ceilings" Condition="Included" Value="True" CaseInsensitive="False" Unit="None" UnitClass="None" FieldTitle="" UserDefined="False" Validation="None" />
        <Filter ID="2133e2a7-c22c-4590-9c6f-5b5244d9100a" Operator="And" Category="Workset" Property="Name" Condition="NotEqual" Value="AR_Ceiling" CaseInsensitive="False" Unit="None" UnitClass="None" FieldTitle="" UserDefined="False" Validation="None" />
        <Filter ID="be56d512-bfdb-46df-9771-94194180ac39" Operator="And" Category="TypeOrInstance" Property="Is Element Type" Condition="Equal" Value="False" CaseInsensitive="False" Unit="None" UnitClass="None" FieldTitle="" UserDefined="False" Validation="None" />
      </Check>
    </Section>
    <Section ID="1740d685-e8df-48e9-8d4b-0b01fcf4033a" SectionName="Floor Finish" Title="" IsChecked="True" Description="">
      <Check ID="9d548a88-d05c-4461-93ec-761c63cf55ea" CheckName="Floor Finish" Description="Floor Finishes Should be on &quot;AR_Floor Finish&quot; Workset. Use Ideate Software (Explorer) to place elements on the Correct Workset" FailureMessage="Elements Should be on &quot;AR_Floor Finish&quot; Workset. Use Ideate Software (Explorer) to place elements on the Correct Workset" ResultCondition="FailMatchingElements" CheckType="Custom" IsRequired="False" IsChecked="True">
        <Filter ID="a8be7708-aae8-4cb0-8ef9-1efeafde9647" Operator="And" Category="Category" Property="OST_Floors" Condition="Included" Value="True" CaseInsensitive="False" Unit="None" UnitClass="None" FieldTitle="" UserDefined="False" Validation="None" />
        <Filter ID="3dc02968-5923-4818-992d-345824c5dfef" Operator="And" Category="Type" Property="Name" Condition="Contains" Value="FL_" CaseInsensitive="False" Unit="None" UnitClass="None" FieldTitle="" UserDefined="False" Validation="None" />
        <Filter ID="2956d571-ce62-4b01-a56a-8b20833cd34b" Operator="And" Category="Workset" Property="Name" Condition="NotEqual" Value="AR_Floor Finish" CaseInsensitive="False" Unit="None" UnitClass="None" FieldTitle="" UserDefined="False" Validation="None" />
        <Filter ID="21b46ccb-7b74-4936-8b47-f62f1ecc8f38" Operator="And" Category="TypeOrInstance" Property="Is Element Type" Condition="Equal" Value="False" CaseInsensitive="False" Unit="None" UnitClass="None" FieldTitle="" UserDefined="False" Validation="None" />
        <Filter ID="f9907c2b-f2ae-406f-b089-ac909c260001" Operator="Exclude" Category="Category" Property="OST_Floors" Condition="Included" Value="True" CaseInsensitive="False" Unit="None" UnitClass="None" FieldTitle="" UserDefined="False" Validation="None" />
        <Filter ID="090f7fa1-6896-461c-9128-a56606ce15b5" Operator="And" Category="Type" Property="Name" Condition="Contains" Value="Generic" CaseInsensitive="False" Unit="None" UnitClass="None" FieldTitle="" UserDefined="False" Validation="None" />
      </Check>
    </Section>
    <Section ID="e4a5bb66-ab5b-40a7-a191-28df6b8aa377" SectionName="Levels and Grids" Title="" IsChecked="True" Description="">
      <Check ID="f44a2fe4-6715-4251-b11f-771964db35a7" CheckName="Levels" Description="Levels should be on &quot;Shared Levels and Grids&quot; Workset. Use Ideate Software (Explorer) to place elements on the Correct Workset" FailureMessage="Elements Should be on &quot;Shared Levels and Grids&quot; Workset. Use Ideate Software (Explorer) to place elements on the Correct Workset" ResultCondition="FailMatchingElements" CheckType="Custom" IsRequired="False" IsChecked="True">
        <Filter ID="9cbe992b-d961-45ff-87a9-1b0d82d40656" Operator="And" Category="Category" Property="OST_Levels" Condition="Included" Value="True" CaseInsensitive="False" Unit="None" UnitClass="None" FieldTitle="" UserDefined="False" Validation="None" />
        <Filter ID="bb5fef66-db4d-4104-9a8f-e8746fc5a583" Operator="And" Category="Workset" Property="Name" Condition="NotEqual" Value="Shared Levels and Grids" CaseInsensitive="False" Unit="None" UnitClass="None" FieldTitle="" UserDefined="False" Validation="None" />
        <Filter ID="894d8ad9-bece-4a6e-bd21-9490f2c619df" Operator="And" Category="TypeOrInstance" Property="Is Element Type" Condition="Equal" Value="False" CaseInsensitive="False" Unit="None" UnitClass="None" FieldTitle="" UserDefined="False" Validation="None" />
      </Check>
      <Check ID="e91f92c0-e1cb-4026-ab7b-6f395ed48992" CheckName="Grids" Description="Grids should be on &quot;Shared Levels and Grids&quot; Workset. Use Ideate Software (Explorer) to place elements on the Correct Workset" FailureMessage="Elements Should be on &quot;Shared Levels and Grids&quot; Workset. Use Ideate Software (Explorer) to place elements on the Correct Workset" ResultCondition="FailMatchingElements" CheckType="Custom" IsRequired="False" IsChecked="True">
        <Filter ID="141f1013-b3c4-47b3-8479-c30139a946ef" Operator="And" Category="Category" Property="OST_Grids" Condition="Included" Value="True" CaseInsensitive="False" Unit="None" UnitClass="None" FieldTitle="" UserDefined="False" Validation="None" />
        <Filter ID="ae4c4273-8ef5-43b5-aff7-c4757f417723" Operator="And" Category="Workset" Property="Name" Condition="NotEqual" Value="Shared Levels and Grids" CaseInsensitive="False" Unit="None" UnitClass="None" FieldTitle="" UserDefined="False" Validation="None" />
        <Filter ID="d5381ce8-834d-43fd-b67f-9cbb3437f470" Operator="And" Category="TypeOrInstance" Property="Is Element Type" Condition="Equal" Value="False" CaseInsensitive="False" Unit="None" UnitClass="None" FieldTitle="" UserDefined="False" Validation="None" />
      </Check>
    </Section>
    <Section ID="1a410087-419c-494c-9415-ca796fe60980" SectionName="Electrical Fixtures" Title="" IsChecked="True" Description="">
      <Check ID="e5164f1e-9e98-4ad6-9280-d3f93ac6c7dc" CheckName="Electrical Fixtures" Description="Electrical Fixtures should be on &quot;EG_Lighting&quot; Workset. Use Ideate Software (Explorer) to place elements on the Correct Workset" FailureMessage="Elements Should be on &quot;EG_Lighting&quot; Workset. Use Ideate Software (Explorer) to place elements on the Correct Workset" ResultCondition="FailMatchingElements" CheckType="Custom" IsRequired="False" IsChecked="True">
        <Filter ID="09257241-6c66-4e1b-ad9a-43a67080848a" Operator="And" Category="Category" Property="OST_ElectricalFixtures" Condition="Included" Value="True" CaseInsensitive="False" Unit="None" UnitClass="None" FieldTitle="" UserDefined="False" Validation="None" />
        <Filter ID="5321eef4-1b38-44d5-964b-e49315a86ad2" Operator="And" Category="Workset" Property="Name" Condition="NotEqual" Value="EG_Lighting" CaseInsensitive="False" Unit="None" UnitClass="None" FieldTitle="" UserDefined="False" Validation="None" />
        <Filter ID="6b9c631b-2011-43f9-acc4-667d29f18b06" Operator="And" Category="TypeOrInstance" Property="Is Element Type" Condition="Equal" Value="False" CaseInsensitive="False" Unit="None" UnitClass="None" FieldTitle="" UserDefined="False" Validation="None" />
      </Check>
    </Section>
    <Section ID="16916012-fadc-41e7-8916-2b9c7fad14b1" SectionName="Plumbing Fixtures" Title="" IsChecked="True" Description="">
      <Check ID="08b329d0-c7f4-4b28-9816-cb98b9e7306f" CheckName="Plumbing Fixtures" Description="Plumbing Fixtures should be on &quot;ME_Plumbing&quot; Workset. Use Ideate Software (Explorer) to place elements on the Correct Workset" FailureMessage="Elements Should be on &quot;ME_Plumbing&quot; Workset. Use Ideate Software (Explorer) to place elements on the Correct Workset" ResultCondition="FailMatchingElements" CheckType="Custom" IsRequired="False" IsChecked="True">
        <Filter ID="0f41e018-c2fd-4334-9edf-fa2b5659c45f" Operator="And" Category="Category" Property="OST_PlumbingFixtures" Condition="Included" Value="True" CaseInsensitive="False" Unit="None" UnitClass="None" FieldTitle="" UserDefined="False" Validation="None" />
        <Filter ID="b7e77ed9-a6d6-415b-a642-17894db88b65" Operator="And" Category="Workset" Property="Name" Condition="NotEqual" Value="ME_Plumbing" CaseInsensitive="False" Unit="None" UnitClass="None" FieldTitle="" UserDefined="False" Validation="None" />
        <Filter ID="8b7a3f1d-cb90-42ef-9a40-699bb7f1bcf9" Operator="And" Category="TypeOrInstance" Property="Is Element Type" Condition="Equal" Value="False" CaseInsensitive="False" Unit="None" UnitClass="None" FieldTitle="" UserDefined="False" Validation="None" />
      </Check>
    </Section>
    <Section ID="8d4fa2b9-e36d-4a39-9ca2-46e864f7e789" SectionName="Links" Title="" IsChecked="True" Description="">
      <Check ID="cac134e8-5f9c-4424-a46e-39d125b18e48" CheckName="URS Links" Description="URS Links Should be on &quot;Z_Link_URS&quot; Workset. Use Ideate Software (Explorer) to place elements on the Correct Workset" FailureMessage="Elements Should be on &quot;Z_Link_URS&quot; Workset. Use Ideate Software (Explorer) to place elements on the Correct Workset" ResultCondition="FailMatchingElements" CheckType="Custom" IsRequired="False" IsChecked="True">
        <Filter ID="c02c5f22-2a7d-48d2-9ead-0a1a89aabc36" Operator="And" Category="Category" Property="OST_RvtLinks" Condition="Included" Value="True" CaseInsensitive="False" Unit="None" UnitClass="None" FieldTitle="" UserDefined="False" Validation="None" />
        <Filter ID="5799ca9d-f985-4d9c-9155-29c27822ff0d" Operator="And" Category="Parameter" Property="Type" Condition="Contains" Value="_URS_" CaseInsensitive="False" Unit="None" UnitClass="None" FieldTitle="" UserDefined="False" Validation="None" />
        <Filter ID="090fa30c-f9be-4846-965a-eff4e73a6ec1" Operator="And" Category="Workset" Property="Name" Condition="NotEqual" Value="Z_Link_URS" CaseInsensitive="False" Unit="None" UnitClass="None" FieldTitle="" UserDefined="False" Validation="None" />
        <Filter ID="ebd4f949-4e89-487f-b6d5-9f6df45aed01" Operator="And" Category="TypeOrInstance" Property="Is Element Type" Condition="Equal" Value="False" CaseInsensitive="False" Unit="None" UnitClass="None" FieldTitle="" UserDefined="False" Validation="None" />
      </Check>
      <Check ID="8803386c-0582-4558-af5f-28512d661ea2" CheckName="AR Links" Description="AR Links Should be on &quot;Z_Link_AR&quot; Workset. Use Ideate Software (Explorer) to place elements on the Correct Workset" FailureMessage="Elements Should be on &quot;Z_Link_AR&quot; Workset. Use Ideate Software (Explorer) to place elements on the Correct Workset" ResultCondition="FailMatchingElements" CheckType="Custom" IsRequired="False" IsChecked="True">
        <Filter ID="6944761d-c391-4f83-83ae-9ed52b04158f" Operator="And" Category="Category" Property="OST_RvtLinks" Condition="Included" Value="True" CaseInsensitive="False" Unit="None" UnitClass="None" FieldTitle="" UserDefined="False" Validation="None" />
        <Filter ID="c0dd7ed0-2142-4477-8d5d-88b61d445ea7" Operator="And" Category="Parameter" Property="Type" Condition="Contains" Value="_AR_" CaseInsensitive="False" Unit="None" UnitClass="None" FieldTitle="" UserDefined="False" Validation="None" />
        <Filter ID="f401f256-7a3d-4237-baaf-12bda61b763f" Operator="And" Category="Workset" Property="Name" Condition="NotEqual" Value="Z_Link_AR" CaseInsensitive="False" Unit="None" UnitClass="None" FieldTitle="" UserDefined="False" Validation="None" />
        <Filter ID="2b4bc84c-20b1-4da2-b5b1-f3ed13eb2fae" Operator="And" Category="TypeOrInstance" Property="Is Element Type" Condition="Equal" Value="False" CaseInsensitive="False" Unit="None" UnitClass="None" FieldTitle="" UserDefined="False" Validation="None" />
      </Check>
      <Check ID="fefb6b21-09b9-43f4-a91c-bafe8609d1bf" CheckName="AI Links" Description="AI Links Should be on &quot;Z_Link_AI&quot; Workset. Use Ideate Software (Explorer) to place elements on the Correct Workset" FailureMessage="Elements Should be on &quot;Z_Link_AI&quot; Workset. Use Ideate Software (Explorer) to place elements on the Correct Workset" ResultCondition="FailMatchingElements" CheckType="Custom" IsRequired="False" IsChecked="True">
        <Filter ID="a69f7ae6-f24f-4ed9-bddc-89bd63393fe3" Operator="And" Category="Category" Property="OST_RvtLinks" Condition="Included" Value="True" CaseInsensitive="False" Unit="None" UnitClass="None" FieldTitle="" UserDefined="False" Validation="None" />
        <Filter ID="4241fa21-f422-46b6-a0d2-b0f76bfe03fa" Operator="And" Category="Parameter" Property="Type" Condition="Contains" Value="_AI_" CaseInsensitive="False" Unit="None" UnitClass="None" FieldTitle="" UserDefined="False" Validation="None" />
        <Filter ID="685ba93f-c0ad-4cbc-a12f-d4e82a1a6e1b" Operator="And" Category="Workset" Property="Name" Condition="NotEqual" Value="Z_Link_AI" CaseInsensitive="False" Unit="None" UnitClass="None" FieldTitle="" UserDefined="False" Validation="None" />
        <Filter ID="92b14303-6ffd-4f73-8a3e-6146ad31da56" Operator="And" Category="TypeOrInstance" Property="Is Element Type" Condition="Equal" Value="False" CaseInsensitive="False" Unit="None" UnitClass="None" FieldTitle="" UserDefined="False" Validation="None" />
      </Check>
      <Check ID="887181ef-b29b-4bff-9443-a86bca85a205" CheckName="EL Links" Description="EL Links should be on &quot;Z_Link_EG&quot; Workset. Use Ideate Software (Explorer) to place elements on the Correct Workset" FailureMessage="Elements Should be on &quot;Z_Link_EG&quot; Workset. Use Ideate Software (Explorer) to place elements on the Correct Workset" ResultCondition="FailMatchingElements" CheckType="Custom" IsRequired="False" IsChecked="True">
        <Filter ID="e9ea4245-82c9-43f8-96d3-0b236b31a182" Operator="And" Category="Category" Property="OST_RvtLinks" Condition="Included" Value="True" CaseInsensitive="False" Unit="None" UnitClass="None" FieldTitle="" UserDefined="False" Validation="None" />
        <Filter ID="5ec593b9-f856-4f16-a4e1-22e24a309047" Operator="And" Category="Parameter" Property="Type" Condition="Contains" Value="_EG_" CaseInsensitive="False" Unit="None" UnitClass="None" FieldTitle="" UserDefined="False" Validation="None" />
        <Filter ID="826a3040-316f-4ba1-b8c5-6ced25b485f7" Operator="And" Category="Workset" Property="Name" Condition="NotEqual" Value="Z_Link_EG" CaseInsensitive="False" Unit="None" UnitClass="None" FieldTitle="" UserDefined="False" Validation="None" />
        <Filter ID="b08051ae-fb46-48e9-867c-3bd707c069c6" Operator="And" Category="TypeOrInstance" Property="Is Element Type" Condition="Equal" Value="False" CaseInsensitive="False" Unit="None" UnitClass="None" FieldTitle="" UserDefined="False" Validation="None" />
      </Check>
      <Check ID="bd42743b-27fe-415d-8643-0b195dc00d68" CheckName="LC Links" Description="LC Links should be on &quot;Z_Link_ELC&quot; Workset. Use Ideate Software (Explorer) to place elements on the Correct Workset" FailureMessage="Elements Should be on &quot;Z_Link_ELC&quot; Workset. Use Ideate Software (Explorer) to place elements on the Correct Workset" ResultCondition="FailMatchingElements" CheckType="Custom" IsRequired="False" IsChecked="True">
        <Filter ID="0ef9afed-34eb-44ea-a984-9d5ea6595f8e" Operator="And" Category="Category" Property="OST_RvtLinks" Condition="Included" Value="True" CaseInsensitive="False" Unit="None" UnitClass="None" FieldTitle="" UserDefined="False" Validation="None" />
        <Filter ID="b0d2f33d-7a2b-4609-a889-95693f094afa" Operator="And" Category="Parameter" Property="Type" Condition="Contains" Value="_ELC_" CaseInsensitive="False" Unit="None" UnitClass="None" FieldTitle="" UserDefined="False" Validation="None" />
        <Filter ID="50cfd214-99ab-4ffc-b7a3-6a768eb17b3a" Operator="And" Category="Workset" Property="Name" Condition="NotEqual" Value="Z_Link_ELC" CaseInsensitive="False" Unit="None" UnitClass="None" FieldTitle="" UserDefined="False" Validation="None" />
        <Filter ID="8c93dc8c-f263-4b83-8627-f71800a6797c" Operator="And" Category="TypeOrInstance" Property="Is Element Type" Condition="Equal" Value="False" CaseInsensitive="False" Unit="None" UnitClass="None" FieldTitle="" UserDefined="False" Validation="None" />
      </Check>
      <Check ID="fd1a1055-31d7-4c2e-bd2d-cd2ba6ac2c7a" CheckName="MH Links" Description="MH Links should be on &quot;Z_Link_MH&quot; Workset. Use Ideate Software (Explorer) to place elements on the Correct Workset" FailureMessage="Elements Should be on &quot;Z_Link_MH&quot; Workset. Use Ideate Software (Explorer) to place elements on the Correct Workset" ResultCondition="FailMatchingElements" CheckType="Custom" IsRequired="False" IsChecked="True">
        <Filter ID="78c102cb-ada3-4420-9e9e-0575b452bfee" Operator="And" Category="Category" Property="OST_RvtLinks" Condition="Included" Value="True" CaseInsensitive="False" Unit="None" UnitClass="None" FieldTitle="" UserDefined="False" Validation="None" />
        <Filter ID="b64bbfe1-f88c-4d76-a9f7-e60767cd31d9" Operator="And" Category="Parameter" Property="Type" Condition="Contains" Value="_MH_" CaseInsensitive="False" Unit="None" UnitClass="None" FieldTitle="" UserDefined="False" Validation="None" />
        <Filter ID="703b580c-75ba-4910-a5b6-e20d32b2bafd" Operator="And" Category="Workset" Property="Name" Condition="NotEqual" Value="Z_Link_MH" CaseInsensitive="False" Unit="None" UnitClass="None" FieldTitle="" UserDefined="False" Validation="None" />
        <Filter ID="9196dc2a-8221-4e05-8dc7-5226fb9bdf95" Operator="And" Category="TypeOrInstance" Property="Is Element Type" Condition="Equal" Value="False" CaseInsensitive="False" Unit="None" UnitClass="None" FieldTitle="" UserDefined="False" Validation="None" />
      </Check>
      <Check ID="3c0ac415-943a-4456-92cd-6594b408598f" CheckName="MF Links" Description="MF Links should be on &quot;Z_Link_MF&quot; Workset. Use Ideate Software (Explorer) to place elements on the Correct Workset" FailureMessage="Elements Should be on &quot;Z_Link_MF&quot; Workset. Use Ideate Software (Explorer) to place elements on the Correct Workset" ResultCondition="FailMatchingElements" CheckType="Custom" IsRequired="False" IsChecked="True">
        <Filter ID="bfd09ac2-e14b-4a96-9d7b-4d6cd8c7075c" Operator="And" Category="Category" Property="OST_RvtLinks" Condition="Included" Value="True" CaseInsensitive="False" Unit="None" UnitClass="None" FieldTitle="" UserDefined="False" Validation="None" />
        <Filter ID="192e1ca0-2617-4f47-b593-b96dbc75471f" Operator="And" Category="Parameter" Property="Type" Condition="Contains" Value="_MF_" CaseInsensitive="False" Unit="None" UnitClass="None" FieldTitle="" UserDefined="False" Validation="None" />
        <Filter ID="bfeac23b-a972-4d66-84e3-903ce49c6515" Operator="And" Category="Workset" Property="Name" Condition="NotEqual" Value="Z_Link_MF" CaseInsensitive="False" Unit="None" UnitClass="None" FieldTitle="" UserDefined="False" Validation="None" />
        <Filter ID="355f6d89-a459-4625-88a0-aae9ed3f629b" Operator="And" Category="TypeOrInstance" Property="Is Element Type" Condition="Equal" Value="False" CaseInsensitive="False" Unit="None" UnitClass="None" FieldTitle="" UserDefined="False" Validation="None" />
      </Check>
      <Check ID="42546700-1767-4967-9d6f-e5d096235428" CheckName="MP Links" Description="MP Links should be on &quot;Z_Link_MP&quot; Workset. Use Ideate Software (Explorer) to place elements on the Correct Workset" FailureMessage="Elements Should be on &quot;Z_Link_MP&quot; Workset. Use Ideate Software (Explorer) to place elements on the Correct Workset" ResultCondition="FailMatchingElements" CheckType="Custom" IsRequired="False" IsChecked="True">
        <Filter ID="8511fb0c-5d2e-40fb-b27d-b9098ddd980a" Operator="And" Category="Category" Property="OST_RvtLinks" Condition="Included" Value="True" CaseInsensitive="False" Unit="None" UnitClass="None" FieldTitle="" UserDefined="False" Validation="None" />
        <Filter ID="6ea48aec-dab5-42b2-80ba-3bcff4959cc2" Operator="And" Category="Parameter" Property="Type" Condition="Contains" Value="_MP_" CaseInsensitive="False" Unit="None" UnitClass="None" FieldTitle="" UserDefined="False" Validation="None" />
        <Filter ID="410ba97d-3316-47aa-98ad-ab80fa06b6c8" Operator="And" Category="Workset" Property="Name" Condition="NotEqual" Value="Z_Link_MP" CaseInsensitive="False" Unit="None" UnitClass="None" FieldTitle="" UserDefined="False" Validation="None" />
        <Filter ID="00ab59a1-5c41-4655-8a1d-8e523144b3d0" Operator="And" Category="TypeOrInstance" Property="Is Element Type" Condition="Equal" Value="False" CaseInsensitive="False" Unit="None" UnitClass="None" FieldTitle="" UserDefined="False" Validation="None" />
      </Check>
      <Check ID="236dcb90-c50d-4a3e-8e75-20b22489eb27" CheckName="SC Links" Description="Elements Should be on &quot;Z_Link_SC&quot; Workset. Use Ideate Software (Explorer) to place elements on the Correct Workset" FailureMessage="SC Links should be on &quot;Z_Link_SC&quot; Workset. Use Ideate Software (Explorer) to place elements on the Correct Workset" ResultCondition="FailMatchingElements" CheckType="Custom" IsRequired="False" IsChecked="True">
        <Filter ID="9a514a2f-001d-46ac-9e18-722c7a1bb5ba" Operator="And" Category="Category" Property="OST_RvtLinks" Condition="Included" Value="True" CaseInsensitive="False" Unit="None" UnitClass="None" FieldTitle="" UserDefined="False" Validation="None" />
        <Filter ID="7e30dc58-c5db-47b0-a877-796566aa78e3" Operator="And" Category="Parameter" Property="Type" Condition="Contains" Value="_SC_" CaseInsensitive="False" Unit="None" UnitClass="None" FieldTitle="" UserDefined="False" Validation="None" />
        <Filter ID="968d79e7-c69e-470c-be1e-bd3ba585741d" Operator="And" Category="Workset" Property="Name" Condition="NotEqual" Value="Z_Link_SC" CaseInsensitive="False" Unit="None" UnitClass="None" FieldTitle="" UserDefined="False" Validation="None" />
        <Filter ID="8ef60a9e-9673-4a31-bd64-10fef17855bc" Operator="And" Category="TypeOrInstance" Property="Is Element Type" Condition="Equal" Value="False" CaseInsensitive="False" Unit="None" UnitClass="None" FieldTitle="" UserDefined="False" Validation="None" />
      </Check>
      <Check ID="b52254d8-f6fa-4904-83d0-e48fceb38198" CheckName="SS Links" Description="SS Links should be on &quot;Z_Link_SS&quot; Workset. Use Ideate Software (Explorer) to place elements on the Correct Workset" FailureMessage="Elements Should be on &quot;Z_Link_SS&quot; Workset. Use Ideate Software (Explorer) to place elements on the Correct Workset" ResultCondition="FailMatchingElements" CheckType="Custom" IsRequired="False" IsChecked="True">
        <Filter ID="bb5317c6-2365-4c04-b590-2de2a392d6c5" Operator="And" Category="Category" Property="OST_RvtLinks" Condition="Included" Value="True" CaseInsensitive="False" Unit="None" UnitClass="None" FieldTitle="" UserDefined="False" Validation="None" />
        <Filter ID="be83d832-9b09-4bdd-869f-90557a067f7c" Operator="And" Category="Parameter" Property="Type" Condition="Contains" Value="_SS_" CaseInsensitive="False" Unit="None" UnitClass="None" FieldTitle="" UserDefined="False" Validation="None" />
        <Filter ID="9f771a38-877c-4189-9ae6-3b9fc81134f7" Operator="And" Category="Workset" Property="Name" Condition="NotEqual" Value="Z_Link_SS" CaseInsensitive="False" Unit="None" UnitClass="None" FieldTitle="" UserDefined="False" Validation="None" />
        <Filter ID="5d7308ad-6961-4db0-bac3-b5642c777d33" Operator="And" Category="TypeOrInstance" Property="Is Element Type" Condition="Equal" Value="False" CaseInsensitive="False" Unit="None" UnitClass="None" FieldTitle="" UserDefined="False" Validation="None" />
      </Check>
    </Section>
    <Section ID="30ca9b16-357c-4c79-b7dc-df3f9a12834f" SectionName="Furniture" Title="" IsChecked="True" Description="">
      <Check ID="efd08e10-9805-4d58-b529-a2f3819d7e80" CheckName="Furniture" Description="Furniture should be on &quot;AR_Furniture&quot; Workset. Use Ideate Software (Explorer) to place elements on the Correct Workset" FailureMessage="Elements Should be on &quot;AR_Furniture&quot; Workset. Use Ideate Software (Explorer) to place elements on the Correct Workset" ResultCondition="FailMatchingElements" CheckType="Custom" IsRequired="False" IsChecked="True">
        <Filter ID="a5ce0da9-d83a-4be2-a572-2920eaca8c4c" Operator="And" Category="Category" Property="OST_Furniture" Condition="Included" Value="True" CaseInsensitive="False" Unit="None" UnitClass="None" FieldTitle="" UserDefined="False" Validation="None" />
        <Filter ID="a650e026-c049-4041-b080-483f9035f159" Operator="And" Category="Workset" Property="Name" Condition="NotEqual" Value="AR_Furniture" CaseInsensitive="False" Unit="None" UnitClass="None" FieldTitle="" UserDefined="False" Validation="None" />
        <Filter ID="825ca882-948c-4b33-ac63-05ecb8566a19" Operator="And" Category="TypeOrInstance" Property="Is Element Type" Condition="Equal" Value="False" CaseInsensitive="False" Unit="None" UnitClass="None" FieldTitle="" UserDefined="False" Validation="None" />
      </Check>
    </Section>
    <Section ID="feace1e7-7909-4bea-9912-eb12a50eeb65" SectionName="Scope Boxes" Title="" IsChecked="True" Description="">
      <Check ID="c962a1aa-973f-433c-ace5-debb53fe2bb1" CheckName="Scope Boxes" Description="Scope Boxes Should be on &quot;Scope Boxes&quot; Workset. Use Ideate Software (Explorer) to place elements on the Correct Workset" FailureMessage="Elements Should be on &quot;Scope Boxes&quot; Workset. Use Ideate Software (Explorer) to place elements on the Correct Workset" ResultCondition="FailMatchingElements" CheckType="Custom" IsRequired="False" IsChecked="True">
        <Filter ID="6509bd49-9b76-41e1-932a-e8b5526b2d1b" Operator="And" Category="Category" Property="OST_VolumeOfInterest" Condition="Included" Value="True" CaseInsensitive="False" Unit="None" UnitClass="None" FieldTitle="" UserDefined="False" Validation="None" />
        <Filter ID="9d87cdb0-c121-42cc-aa13-0157b1b4bb50" Operator="And" Category="Workset" Property="Name" Condition="NotEqual" Value="Scope Boxes" CaseInsensitive="False" Unit="None" UnitClass="None" FieldTitle="" UserDefined="False" Validation="None" />
        <Filter ID="1432b6d8-7b70-4383-98c4-664fbec82886" Operator="And" Category="TypeOrInstance" Property="Is Element Type" Condition="Equal" Value="False" CaseInsensitive="False" Unit="None" UnitClass="None" FieldTitle="" UserDefined="False" Validation="None" />
      </Check>
    </Section>
    <Section ID="c4d08e66-affe-4be8-b80b-4b4aaf876a55" SectionName="Caswork" Title="" IsChecked="True" Description="">
      <Check ID="3f59a309-f83a-4746-98e8-4bd1f9974ebb" CheckName="Caswork" Description="Furniture should be on &quot;AR_Furniture&quot; Workset. Use Ideate Software (Explorer) to place elements on the Correct Workset" FailureMessage="Elements Should be on &quot;AR_Furniture&quot; Workset. Use Ideate Software (Explorer) to place elements on the Correct Workset" ResultCondition="FailMatchingElements" CheckType="Custom" IsRequired="False" IsChecked="True">
        <Filter ID="9d490076-7598-4398-b197-5922f5237eca" Operator="And" Category="Category" Property="OST_Casework" Condition="Included" Value="True" CaseInsensitive="False" Unit="None" UnitClass="None" FieldTitle="" UserDefined="False" Validation="None" />
        <Filter ID="5bbe37d7-0daf-4c49-b108-a72fe62a73fd" Operator="And" Category="Workset" Property="Name" Condition="NotEqual" Value="AR_Furniture" CaseInsensitive="False" Unit="None" UnitClass="None" FieldTitle="" UserDefined="False" Validation="None" />
        <Filter ID="78aaba81-95da-4107-b547-3a779f2f47af" Operator="And" Category="TypeOrInstance" Property="Is Element Type" Condition="Equal" Value="False" CaseInsensitive="False" Unit="None" UnitClass="None" FieldTitle="" UserDefined="False" Validation="None" />
      </Check>
    </Section>
    <Section ID="05d88867-c971-4bb8-86ba-6cbb4c731291" SectionName="Speciality Equipment" Title="" IsChecked="True" Description="">
      <Check ID="50953691-9bd9-4dbb-acba-80973e828f58" CheckName="Speciality Equipment" Description="Furniture should be on &quot;AR_Internal&quot; Workset. Use Ideate Software (Explorer) to place elements on the Correct Workset" FailureMessage="Elements Should be on &quot;AR_Internal&quot; Workset. Use Ideate Software (Explorer) to place elements on the Correct Workset" ResultCondition="FailMatchingElements" CheckType="Custom" IsRequired="False" IsChecked="True">
        <Filter ID="7a856244-3a0e-4342-b1cb-97c6e9f3835d" Operator="And" Category="Category" Property="OST_SpecialityEquipment" Condition="Included" Value="True" CaseInsensitive="False" Unit="None" UnitClass="None" FieldTitle="" UserDefined="False" Validation="None" />
        <Filter ID="9b3d0ea1-defd-4c85-800e-61dc56534e6a" Operator="And" Category="Workset" Property="Name" Condition="NotEqual" Value="AR_Internal" CaseInsensitive="False" Unit="None" UnitClass="None" FieldTitle="" UserDefined="False" Validation="None" />
        <Filter ID="b60b58a1-8cf3-4b92-9337-07b33cc418d7" Operator="And" Category="TypeOrInstance" Property="Is Element Type" Condition="Equal" Value="False" CaseInsensitive="False" Unit="None" UnitClass="None" FieldTitle="" UserDefined="False" Validation="None" />
      </Check>
    </Section>
  </Heading>
  <Heading ID="065e4f14-0496-4176-9511-d91524ebd1fe" HeadingText="&lt;--Unused--&gt;" Description="Checks that have been created but not placed in the structure yet." IsChecked="True">
    <Section ID="bb583603-1f95-47f8-b9f4-c90c2f837f40" SectionName="&lt;--Unused--&gt;" Title="Checks that have not been placed" IsChecked="True" Description="" />
  </Heading>
</MCSettings>